customer_id,archetype,region,signup_date
CUST000001,lapsed,West,2025-08-10
CUST000002,occasional,West,2025-09-16
CUST000003,lapsed,South,2026-06-11
CUST000004,one_and_done,South,2026-05-09
CUST000005,loyal,Central,2025-06-10
CUST000006,whale,Central,2025-06-28
CUST000007,lapsed,East,2025-07-08
CUST000008,lapsed,South,2026-04-13
CUST000009,loyal,South,2025-08-09
CUST000010,occasional,East,2026-06-19
CUST000011,occasional,East,2026-04-22
CUST000012,lapsed,North,2025-08-16
CUST000013,one_and_done,North,2025-05-26
CUST000014,lapsed,East,2025-04-29
CUST000015,occasional,West,2024-09-12
CUST000016,occasional,North,2024-12-11
CUST000017,one_and_done,East,2025-11-08
CUST000018,loyal,North,2025-01-30
CUST000019,lapsed,South,2026-05-26
CUST000020,one_and_done,West,2024-12-08
CUST000021,lapsed,South,2025-11-03
CUST000022,occasional,South,2025-02-14
CUST000023,whale,Central,2024-09-20
CUST000024,lapsed,North,2025-03-26
CUST000025,lapsed,North,2024-10-25
CUST000026,loyal,Central,2026-07-24
CUST000027,occasional,East,2026-04-03
CUST000028,champion,North,2025-05-19
CUST000029,loyal,East,2025-07-18
CUST000030,one_and_done,East,2026-05-08
CUST000031,one_and_done,South,2025-03-16
CUST000032,whale,East,2026-06-20
CUST000033,occasional,West,2024-09-06
CUST000034,occasional,South,2026-04-13
CUST000035,occasional,Central,2025-09-23
CUST000036,loyal,East,2025-01-01
CUST000037,loyal,Central,2025-08-06
CUST000038,occasional,North,2025-02-26
CUST000039,occasional,South,2025-03-26
CUST000040,one_and_done,West,2024-10-05
CUST000041,occasional,Central,2025-09-10
CUST000042,lapsed,South,2024-09-14
CUST000043,one_and_done,Central,2025-08-04
CUST000044,occasional,North,2024-11-13
CUST000045,lapsed,East,2025-03-06
CUST000046,lapsed,South,2026-04-29
CUST000047,occasional,East,2025-05-07
CUST000048,occasional,Central,2024-11-24
CUST000049,one_and_done,West,2026-05-03
CUST000050,loyal,West,2024-12-21
CUST000051,loyal,South,2026-05-19
CUST000052,champion,Central,2024-11-29
CUST000053,lapsed,East,2025-01-25
CUST000054,one_and_done,West,2026-04-16
CUST000055,one_and_done,West,2025-03-10
CUST000056,lapsed,West,2026-05-11
CUST000057,occasional,West,2025-06-29
CUST000058,one_and_done,East,2024-10-23
CUST000059,loyal,West,2026-03-09
CUST000060,loyal,Central,2026-04-01
CUST000061,one_and_done,South,2025-10-08
CUST000062,occasional,East,2025-11-15
CUST000063,one_and_done,North,2026-06-28
CUST000064,lapsed,South,2025-09-15
CUST000065,one_and_done,West,2026-01-31
CUST000066,one_and_done,West,2026-05-05
CUST000067,one_and_done,South,2026-01-19
CUST000068,occasional,East,2026-07-17
CUST000069,champion,Central,2024-10-29
CUST000070,occasional,North,2024-09-04
CUST000071,occasional,North,2025-11-16
CUST000072,occasional,South,2024-11-25
CUST000073,lapsed,West,2025-09-12
CUST000074,occasional,South,2024-10-31
CUST000075,champion,Central,2026-04-01
CUST000076,occasional,Central,2026-01-13
CUST000077,occasional,East,2025-03-01
CUST000078,one_and_done,South,2026-02-27
CUST000079,one_and_done,North,2025-01-01
CUST000080,lapsed,Central,2025-10-06
CUST000081,one_and_done,Central,2025-10-22
CUST000082,occasional,East,2025-09-17
CUST000083,lapsed,East,2025-01-19
CUST000084,loyal,West,2026-07-28
CUST000085,champion,West,2025-02-21
CUST000086,loyal,North,2025-02-01
CUST000087,one_and_done,West,2025-01-03
CUST000088,occasional,Central,2024-09-02
CUST000089,loyal,West,2025-01-30
CUST000090,one_and_done,East,2025-07-26
CUST000091,loyal,East,2025-09-08
CUST000092,one_and_done,South,2025-11-02
CUST000093,occasional,West,2024-12-29
CUST000094,occasional,South,2025-10-30
CUST000095,occasional,South,2025-06-26
CUST000096,one_and_done,South,2026-05-25
CUST000097,occasional,South,2025-12-21
CUST000098,loyal,South,2026-01-26
CUST000099,loyal,North,2025-09-30
CUST000100,whale,West,2025-08-14
CUST000101,lapsed,East,2025-03-17
CUST000102,one_and_done,Central,2025-10-02
CUST000103,occasional,North,2026-04-17
CUST000104,whale,West,2025-07-15
CUST000105,lapsed,North,2026-06-23
CUST000106,one_and_done,East,2024-12-14
CUST000107,occasional,East,2025-02-07
CUST000108,occasional,East,2026-02-24
CUST000109,loyal,West,2026-01-28
CUST000110,lapsed,Central,2026-07-12
CUST000111,occasional,South,2025-11-18
CUST000112,occasional,Central,2026-07-05
CUST000113,occasional,North,2024-10-14
CUST000114,one_and_done,South,2026-04-29
CUST000115,loyal,South,2025-04-26
CUST000116,lapsed,Central,2025-06-27
CUST000117,lapsed,North,2026-02-16
CUST000118,one_and_done,South,2025-01-12
CUST000119,occasional,East,2026-05-16
CUST000120,one_and_done,Central,2024-11-18
CUST000121,one_and_done,East,2025-02-28
CUST000122,one_and_done,Central,2025-05-13
CUST000123,loyal,West,2024-11-23
CUST000124,occasional,West,2025-10-22
CUST000125,champion,West,2026-01-15
CUST000126,occasional,North,2026-04-14
CUST000127,occasional,East,2024-10-22
CUST000128,loyal,East,2025-10-24
CUST000129,loyal,South,2024-12-28
CUST000130,one_and_done,North,2025-12-11
CUST000131,loyal,North,2024-10-01
CUST000132,lapsed,West,2024-11-29
CUST000133,one_and_done,West,2025-12-28
CUST000134,occasional,South,2025-08-25
CUST000135,one_and_done,West,2025-01-22
CUST000136,champion,West,2026-02-23
CUST000137,whale,Central,2026-07-15
CUST000138,occasional,Central,2026-01-10
CUST000139,lapsed,Central,2025-06-13
CUST000140,loyal,North,2026-04-27
CUST000141,occasional,West,2025-12-10
CUST000142,occasional,South,2024-10-26
CUST000143,lapsed,East,2026-06-09
CUST000144,one_and_done,West,2026-06-26
CUST000145,occasional,West,2025-10-08
CUST000146,occasional,East,2026-07-23
CUST000147,occasional,Central,2026-07-12
CUST000148,one_and_done,North,2026-03-25
CUST000149,occasional,North,2026-05-21
CUST000150,champion,North,2025-01-10
CUST000151,lapsed,Central,2026-05-07
CUST000152,lapsed,East,2025-07-30
CUST000153,loyal,East,2025-03-25
CUST000154,one_and_done,West,2025-05-19
CUST000155,loyal,East,2025-04-30
CUST000156,one_and_done,East,2025-11-23
CUST000157,occasional,North,2024-11-16
CUST000158,one_and_done,North,2026-06-13
CUST000159,one_and_done,Central,2026-05-17
CUST000160,lapsed,East,2024-12-09
CUST000161,loyal,North,2026-06-14
CUST000162,lapsed,South,2026-03-19
CUST000163,occasional,South,2026-04-01
CUST000164,champion,South,2026-07-08
CUST000165,one_and_done,South,2026-05-11
CUST000166,occasional,West,2025-06-26
CUST000167,lapsed,North,2025-04-25
CUST000168,lapsed,South,2026-06-03
CUST000169,occasional,East,2024-10-10
CUST000170,whale,East,2026-05-25
CUST000171,occasional,Central,2025-04-07
CUST000172,one_and_done,Central,2025-01-17
CUST000173,occasional,South,2025-08-01
CUST000174,lapsed,East,2025-08-21
CUST000175,loyal,North,2026-05-16
CUST000176,champion,West,2026-02-12
CUST000177,occasional,North,2024-12-13
CUST000178,whale,North,2025-11-29
CUST000179,lapsed,West,2026-07-07
CUST000180,one_and_done,North,2025-03-08
CUST000181,lapsed,East,2025-04-09
CUST000182,lapsed,North,2026-06-15
CUST000183,one_and_done,West,2026-06-26
CUST000184,occasional,West,2026-05-11
CUST000185,lapsed,East,2026-06-26
CUST000186,one_and_done,Central,2025-05-26
CUST000187,occasional,East,2026-04-30
CUST000188,loyal,North,2025-06-02
CUST000189,one_and_done,North,2026-03-30
CUST000190,occasional,South,2024-09-19
CUST000191,lapsed,South,2025-03-10
CUST000192,occasional,South,2025-11-11
CUST000193,loyal,South,2025-10-04
CUST000194,lapsed,East,2026-06-16
CUST000195,loyal,North,2026-06-23
CUST000196,loyal,West,2025-07-20
CUST000197,one_and_done,South,2026-07-16
CUST000198,lapsed,West,2025-05-11
CUST000199,loyal,East,2025-11-06
CUST000200,occasional,Central,2026-04-25
CUST000201,lapsed,East,2025-07-22
CUST000202,whale,South,2025-07-09
CUST000203,one_and_done,East,2025-02-24
CUST000204,loyal,West,2026-03-15
CUST000205,champion,East,2025-07-13
CUST000206,occasional,East,2024-12-17
CUST000207,loyal,East,2026-01-24
CUST000208,one_and_done,South,2024-12-24
CUST000209,loyal,South,2025-03-12
CUST000210,one_and_done,Central,2025-10-04
CUST000211,one_and_done,West,2024-11-20
CUST000212,one_and_done,North,2024-09-23
CUST000213,loyal,Central,2026-02-16
CUST000214,lapsed,West,2024-09-14
CUST000215,one_and_done,North,2026-07-30
CUST000216,one_and_done,West,2026-05-02
CUST000217,loyal,East,2026-07-01
CUST000218,loyal,Central,2025-11-16
CUST000219,lapsed,East,2024-10-14
CUST000220,occasional,East,2025-06-06
CUST000221,occasional,South,2025-05-26
CUST000222,occasional,South,2026-06-02
CUST000223,one_and_done,West,2025-08-04
CUST000224,whale,Central,2025-11-06
CUST000225,occasional,Central,2025-08-30
CUST000226,lapsed,West,2026-01-30
CUST000227,champion,West,2026-03-12
CUST000228,one_and_done,East,2024-10-03
CUST000229,one_and_done,South,2025-07-06
CUST000230,loyal,West,2025-10-16
CUST000231,loyal,South,2026-06-10
CUST000232,occasional,South,2025-02-13
CUST000233,whale,Central,2025-09-04
CUST000234,one_and_done,East,2025-11-03
CUST000235,lapsed,South,2025-04-21
CUST000236,lapsed,Central,2026-04-30
CUST000237,occasional,Central,2025-07-23
CUST000238,lapsed,South,2024-12-04
CUST000239,champion,East,2025-09-10
CUST000240,loyal,East,2026-07-31
CUST000241,lapsed,West,2026-02-21
CUST000242,lapsed,Central,2026-06-22
CUST000243,occasional,East,2025-08-15
CUST000244,one_and_done,West,2025-11-18
CUST000245,one_and_done,East,2026-04-30
CUST000246,lapsed,Central,2025-04-07
CUST000247,one_and_done,East,2026-03-30
CUST000248,occasional,South,2025-12-04
CUST000249,occasional,East,2024-09-08
CUST000250,occasional,Central,2026-06-15
CUST000251,one_and_done,West,2026-02-08
CUST000252,lapsed,North,2025-12-21
CUST000253,occasional,North,2025-08-09
CUST000254,occasional,East,2026-02-10
CUST000255,occasional,Central,2024-09-20
CUST000256,one_and_done,East,2026-07-28
CUST000257,lapsed,East,2024-10-06
CUST000258,loyal,West,2025-07-22
CUST000259,loyal,East,2026-07-05
CUST000260,one_and_done,Central,2026-05-11
CUST000261,loyal,West,2026-05-20
CUST000262,lapsed,West,2026-01-11
CUST000263,occasional,West,2025-12-10
CUST000264,loyal,West,2025-05-09
CUST000265,lapsed,North,2025-12-26
CUST000266,loyal,East,2025-03-11
CUST000267,occasional,North,2026-01-07
CUST000268,loyal,East,2026-01-28
CUST000269,loyal,North,2026-01-20
CUST000270,champion,East,2025-12-13
CUST000271,champion,South,2024-12-22
CUST000272,loyal,North,2026-02-09
CUST000273,champion,North,2026-01-21
CUST000274,one_and_done,East,2024-09-30
CUST000275,one_and_done,North,2025-04-30
CUST000276,occasional,Central,2026-03-20
CUST000277,occasional,West,2024-12-01
CUST000278,one_and_done,West,2026-03-25
CUST000279,lapsed,North,2026-04-09
CUST000280,lapsed,West,2025-09-23
CUST000281,champion,West,2025-04-04
CUST000282,loyal,South,2026-03-21
CUST000283,occasional,North,2025-02-19
CUST000284,occasional,East,2026-04-13
CUST000285,one_and_done,West,2025-01-30
CUST000286,occasional,North,2026-05-25
CUST000287,champion,North,2025-09-09
CUST000288,occasional,South,2025-05-09
CUST000289,one_and_done,East,2026-01-27
CUST000290,loyal,East,2025-05-29
CUST000291,lapsed,East,2025-04-05
CUST000292,champion,South,2025-05-02
CUST000293,lapsed,North,2025-10-27
CUST000294,loyal,North,2025-02-05
CUST000295,lapsed,North,2025-03-06
CUST000296,lapsed,West,2025-12-15
CUST000297,whale,West,2025-03-05
CUST000298,lapsed,East,2024-10-27
CUST000299,lapsed,North,2025-01-06
CUST000300,one_and_done,East,2025-03-05
CUST000301,lapsed,Central,2025-02-10
CUST000302,loyal,South,2025-01-14
CUST000303,one_and_done,East,2026-01-10
CUST000304,one_and_done,East,2025-03-14
CUST000305,lapsed,South,2026-03-14
CUST000306,occasional,East,2025-11-23
CUST000307,occasional,East,2024-10-15
CUST000308,one_and_done,East,2026-01-14
CUST000309,occasional,West,2024-12-18
CUST000310,loyal,East,2025-10-09
CUST000311,occasional,North,2026-03-07
CUST000312,occasional,North,2026-05-25
CUST000313,occasional,East,2025-07-13
CUST000314,occasional,Central,2025-09-19
CUST000315,occasional,North,2025-08-08
CUST000316,occasional,North,2026-07-01
CUST000317,occasional,West,2026-01-25
CUST000318,one_and_done,East,2026-07-29
CUST000319,occasional,South,2026-01-01
CUST000320,lapsed,South,2024-10-17
CUST000321,lapsed,West,2026-04-16
CUST000322,occasional,East,2025-04-05
CUST000323,occasional,West,2026-07-27
CUST000324,one_and_done,South,2025-07-03
CUST000325,lapsed,East,2024-10-25
CUST000326,one_and_done,Central,2025-12-05
CUST000327,lapsed,South,2026-03-15
CUST000328,one_and_done,South,2025-06-27
CUST000329,one_and_done,North,2026-01-17
CUST000330,occasional,West,2024-11-14
CUST000331,one_and_done,North,2024-12-14
CUST000332,occasional,South,2025-05-01
CUST000333,one_and_done,West,2025-05-10
CUST000334,lapsed,North,2025-06-05
CUST000335,loyal,Central,2025-03-04
CUST000336,one_and_done,East,2025-09-12
CUST000337,loyal,South,2024-09-21
CUST000338,one_and_done,East,2025-12-02
CUST000339,loyal,West,2026-07-25
CUST000340,lapsed,East,2025-03-30
CUST000341,loyal,Central,2025-04-24
CUST000342,whale,Central,2024-09-13
CUST000343,lapsed,South,2025-10-28
CUST000344,one_and_done,West,2025-10-07
CUST000345,lapsed,South,2025-07-03
CUST000346,lapsed,Central,2025-10-30
CUST000347,lapsed,South,2025-01-28
CUST000348,occasional,South,2025-10-05
CUST000349,one_and_done,West,2025-01-29
CUST000350,loyal,West,2025-10-07
CUST000351,one_and_done,North,2026-02-24
CUST000352,loyal,East,2024-09-06
CUST000353,one_and_done,South,2025-07-28
CUST000354,one_and_done,West,2025-03-24
CUST000355,occasional,East,2025-06-13
CUST000356,one_and_done,Central,2025-11-22
CUST000357,lapsed,Central,2024-09-19
CUST000358,lapsed,West,2025-11-13
CUST000359,occasional,West,2024-09-04
CUST000360,one_and_done,Central,2025-10-03
CUST000361,lapsed,North,2026-07-16
CUST000362,loyal,West,2026-07-06
CUST000363,loyal,West,2024-09-18
CUST000364,loyal,North,2025-07-27
CUST000365,one_and_done,Central,2025-11-02
CUST000366,occasional,West,2025-01-10
CUST000367,lapsed,South,2025-05-25
CUST000368,one_and_done,East,2025-04-25
CUST000369,occasional,East,2025-04-08
CUST000370,lapsed,Central,2026-03-15
CUST000371,lapsed,Central,2026-05-31
CUST000372,occasional,Central,2025-03-09
CUST000373,occasional,West,2026-07-16
CUST000374,occasional,North,2025-03-15
CUST000375,loyal,Central,2026-05-02
CUST000376,loyal,North,2026-01-29
CUST000377,lapsed,North,2025-03-23
CUST000378,occasional,North,2025-05-21
CUST000379,occasional,Central,2025-01-30
CUST000380,one_and_done,East,2025-05-30
CUST000381,one_and_done,South,2026-06-28
CUST000382,lapsed,North,2024-12-21
CUST000383,lapsed,East,2026-03-02
CUST000384,occasional,West,2026-04-27
CUST000385,occasional,Central,2024-11-24
CUST000386,whale,East,2026-03-17
CUST000387,one_and_done,West,2025-07-21
CUST000388,whale,Central,2025-08-25
CUST000389,loyal,Central,2025-02-08
CUST000390,lapsed,South,2026-07-01
CUST000391,one_and_done,Central,2026-05-18
CUST000392,loyal,East,2025-10-14
CUST000393,one_and_done,Central,2025-09-03
CUST000394,one_and_done,North,2025-01-26
CUST000395,champion,North,2025-06-02
CUST000396,occasional,Central,2026-04-18
CUST000397,lapsed,West,2024-09-14
CUST000398,occasional,North,2025-09-13
CUST000399,occasional,Central,2024-09-24
CUST000400,occasional,North,2024-09-07
CUST000401,occasional,West,2026-06-25
CUST000402,lapsed,South,2025-08-11
CUST000403,lapsed,North,2025-10-09
CUST000404,loyal,Central,2025-08-17
CUST000405,whale,Central,2025-12-27
CUST000406,lapsed,North,2025-07-05
CUST000407,occasional,North,2025-08-21
CUST000408,lapsed,West,2026-03-23
CUST000409,loyal,North,2026-01-11
CUST000410,whale,West,2026-04-19
CUST000411,one_and_done,Central,2024-12-18
CUST000412,one_and_done,West,2025-04-13
CUST000413,loyal,South,2025-11-02
CUST000414,lapsed,North,2025-10-27
CUST000415,champion,West,2026-06-06
CUST000416,occasional,North,2026-01-10
CUST000417,loyal,East,2024-10-22
CUST000418,lapsed,East,2026-07-10
CUST000419,loyal,West,2026-04-20
CUST000420,lapsed,South,2024-12-16
CUST000421,one_and_done,West,2025-08-01
CUST000422,champion,West,2026-07-09
CUST000423,champion,South,2025-08-23
CUST000424,champion,South,2025-02-22
CUST000425,one_and_done,North,2025-12-02
CUST000426,lapsed,East,2025-11-06
CUST000427,occasional,South,2025-05-16
CUST000428,lapsed,North,2025-06-07
CUST000429,champion,East,2024-11-06
CUST000430,lapsed,East,2026-02-08
CUST000431,lapsed,North,2026-01-19
CUST000432,lapsed,North,2026-04-14
CUST000433,one_and_done,North,2025-04-22
CUST000434,lapsed,West,2025-07-23
CUST000435,champion,South,2025-12-01
CUST000436,occasional,North,2025-04-01
CUST000437,loyal,North,2025-11-10
CUST000438,one_and_done,Central,2026-03-17
CUST000439,one_and_done,South,2025-07-19
CUST000440,one_and_done,West,2025-09-29
CUST000441,lapsed,East,2025-10-21
CUST000442,loyal,North,2025-09-23
CUST000443,one_and_done,South,2024-10-30
CUST000444,loyal,North,2026-03-02
CUST000445,occasional,West,2026-01-19
CUST000446,one_and_done,South,2025-07-01
CUST000447,whale,East,2026-06-29
CUST000448,one_and_done,North,2026-04-20
CUST000449,champion,Central,2025-06-30
CUST000450,one_and_done,South,2025-08-09
CUST000451,champion,East,2025-05-01
CUST000452,lapsed,Central,2026-05-13
CUST000453,one_and_done,West,2024-12-11
CUST000454,loyal,West,2025-08-26
CUST000455,loyal,Central,2026-04-14
CUST000456,loyal,North,2025-12-25
CUST000457,whale,Central,2026-02-22
CUST000458,occasional,East,2025-09-18
CUST000459,lapsed,East,2025-09-06
CUST000460,one_and_done,South,2025-10-01
CUST000461,one_and_done,West,2025-09-12
CUST000462,loyal,Central,2024-11-03
CUST000463,lapsed,West,2024-09-28
CUST000464,occasional,North,2025-08-23
CUST000465,one_and_done,East,2024-09-25
CUST000466,one_and_done,West,2025-01-05
CUST000467,one_and_done,South,2025-01-04
CUST000468,lapsed,West,2026-02-24
CUST000469,loyal,West,2025-09-28
CUST000470,one_and_done,North,2025-11-27
CUST000471,occasional,East,2026-05-25
CUST000472,occasional,North,2026-06-09
CUST000473,loyal,East,2025-05-22
CUST000474,loyal,South,2025-10-10
CUST000475,occasional,Central,2024-12-30
CUST000476,occasional,Central,2025-04-19
CUST000477,occasional,East,2026-06-02
CUST000478,one_and_done,East,2024-12-22
CUST000479,one_and_done,West,2025-08-18
CUST000480,occasional,West,2025-06-30
CUST000481,occasional,West,2024-09-24
CUST000482,occasional,West,2025-05-09
CUST000483,one_and_done,Central,2026-07-16
CUST000484,occasional,Central,2026-03-29
CUST000485,champion,North,2025-10-06
CUST000486,occasional,East,2026-07-05
CUST000487,occasional,East,2026-04-05
CUST000488,occasional,East,2025-01-23
CUST000489,one_and_done,East,2026-04-23
CUST000490,one_and_done,West,2026-04-06
CUST000491,one_and_done,East,2025-08-12
CUST000492,one_and_done,South,2026-05-29
CUST000493,one_and_done,East,2026-02-03
CUST000494,occasional,Central,2024-10-13
CUST000495,lapsed,South,2025-05-15
CUST000496,one_and_done,North,2024-09-25
CUST000497,occasional,Central,2025-11-26
CUST000498,one_and_done,North,2025-05-26
CUST000499,occasional,West,2026-02-15
CUST000500,one_and_done,Central,2025-11-08
CUST000501,one_and_done,South,2026-03-31
CUST000502,lapsed,South,2024-12-25
CUST000503,lapsed,South,2026-03-25
CUST000504,one_and_done,North,2026-03-10
CUST000505,one_and_done,North,2025-09-10
CUST000506,lapsed,North,2025-10-04
CUST000507,occasional,East,2025-12-24
CUST000508,lapsed,East,2025-11-24
CUST000509,occasional,North,2026-01-06
CUST000510,loyal,Central,2024-10-31
CUST000511,loyal,West,2025-06-20
CUST000512,lapsed,North,2024-10-26
CUST000513,champion,Central,2024-09-09
CUST000514,occasional,North,2025-05-02
CUST000515,occasional,East,2024-12-31
CUST000516,loyal,East,2026-05-15
CUST000517,occasional,East,2024-10-05
CUST000518,one_and_done,Central,2025-08-28
CUST000519,champion,Central,2025-03-19
CUST000520,lapsed,South,2026-02-10
CUST000521,lapsed,East,2026-05-26
CUST000522,occasional,Central,2024-11-19
CUST000523,loyal,West,2025-09-20
CUST000524,one_and_done,Central,2026-04-26
CUST000525,loyal,East,2025-04-27
CUST000526,occasional,South,2026-06-23
CUST000527,whale,East,2025-09-19
CUST000528,whale,Central,2025-03-25
CUST000529,lapsed,Central,2025-03-14
CUST000530,occasional,West,2025-09-17
CUST000531,one_and_done,West,2025-11-15
CUST000532,one_and_done,East,2024-12-22
CUST000533,occasional,South,2026-03-24
CUST000534,one_and_done,East,2026-06-09
CUST000535,champion,East,2026-04-13
CUST000536,occasional,Central,2025-01-17
CUST000537,one_and_done,East,2025-09-06
CUST000538,loyal,West,2026-07-05
CUST000539,loyal,North,2026-04-04
CUST000540,lapsed,West,2026-07-12
CUST000541,whale,East,2025-01-07
CUST000542,one_and_done,Central,2025-09-12
CUST000543,lapsed,East,2026-06-14
CUST000544,whale,East,2026-02-27
CUST000545,loyal,North,2025-05-26
CUST000546,occasional,Central,2025-06-11
CUST000547,occasional,West,2025-01-04
CUST000548,loyal,Central,2026-07-13
CUST000549,lapsed,North,2026-06-13
CUST000550,occasional,South,2026-07-07
CUST000551,occasional,Central,2025-10-29
CUST000552,loyal,North,2025-03-09
CUST000553,loyal,East,2025-04-23
CUST000554,lapsed,East,2026-03-06
CUST000555,champion,Central,2025-04-27
CUST000556,occasional,Central,2025-04-28
CUST000557,occasional,Central,2026-03-20
CUST000558,occasional,South,2025-02-22
CUST000559,one_and_done,East,2025-10-09
CUST000560,occasional,West,2026-06-20
CUST000561,loyal,Central,2025-10-31
CUST000562,occasional,North,2025-02-08
CUST000563,lapsed,Central,2025-03-31
CUST000564,one_and_done,South,2026-01-25
CUST000565,one_and_done,North,2025-02-17
CUST000566,one_and_done,West,2025-11-01
CUST000567,lapsed,West,2025-09-12
CUST000568,champion,North,2026-06-01
CUST000569,occasional,North,2024-09-02
CUST000570,one_and_done,Central,2024-12-21
CUST000571,occasional,Central,2026-03-17
CUST000572,lapsed,North,2025-07-04
CUST000573,occasional,Central,2025-01-31
CUST000574,lapsed,Central,2025-08-12
CUST000575,lapsed,Central,2026-03-06
CUST000576,one_and_done,South,2024-09-22
CUST000577,lapsed,East,2026-01-24
CUST000578,one_and_done,Central,2025-12-09
CUST000579,lapsed,Central,2025-11-13
CUST000580,occasional,West,2024-11-15
CUST000581,occasional,North,2025-08-15
CUST000582,one_and_done,North,2025-03-15
CUST000583,loyal,South,2024-11-08
CUST000584,occasional,North,2024-10-20
CUST000585,lapsed,North,2024-12-09
CUST000586,one_and_done,North,2024-11-03
CUST000587,loyal,West,2024-10-06
CUST000588,occasional,East,2024-09-06
CUST000589,loyal,East,2025-05-07
CUST000590,champion,Central,2026-04-30
CUST000591,lapsed,East,2026-05-13
CUST000592,occasional,East,2025-01-20
CUST000593,occasional,South,2025-12-22
CUST000594,one_and_done,East,2025-01-14
CUST000595,champion,North,2024-10-15
CUST000596,occasional,East,2025-05-06
CUST000597,one_and_done,Central,2025-02-11
CUST000598,one_and_done,East,2026-01-17
CUST000599,whale,South,2025-09-30
CUST000600,one_and_done,West,2024-09-24
CUST000601,occasional,Central,2025-01-06
CUST000602,lapsed,East,2026-03-10
CUST000603,lapsed,South,2024-10-14
CUST000604,one_and_done,West,2025-08-16
CUST000605,whale,North,2024-12-18
CUST000606,lapsed,Central,2025-07-31
CUST000607,lapsed,South,2025-06-04
CUST000608,loyal,South,2026-04-09
CUST000609,one_and_done,West,2025-12-06
CUST000610,occasional,North,2025-03-13
CUST000611,one_and_done,South,2024-12-19
CUST000612,one_and_done,North,2026-05-30
CUST000613,whale,South,2026-06-08
CUST000614,whale,East,2025-04-02
CUST000615,occasional,North,2025-09-22
CUST000616,one_and_done,South,2024-12-14
CUST000617,one_and_done,West,2026-06-14
CUST000618,occasional,Central,2025-11-29
CUST000619,loyal,North,2026-07-07
CUST000620,champion,West,2025-03-22
CUST000621,lapsed,North,2024-12-08
CUST000622,occasional,East,2026-04-13
CUST000623,whale,Central,2025-12-17
CUST000624,occasional,West,2024-12-16
CUST000625,whale,South,2026-07-02
CUST000626,occasional,South,2024-10-03
CUST000627,lapsed,West,2024-11-18
CUST000628,loyal,Central,2026-04-16
CUST000629,one_and_done,South,2026-04-25
CUST000630,lapsed,North,2025-04-03
CUST000631,lapsed,East,2026-07-24
CUST000632,lapsed,West,2025-08-11
CUST000633,champion,East,2026-06-15
CUST000634,occasional,Central,2025-07-24
CUST000635,champion,Central,2025-11-28
CUST000636,loyal,West,2025-03-24
CUST000637,one_and_done,North,2024-11-22
CUST000638,one_and_done,Central,2025-08-23
CUST000639,lapsed,West,2025-05-08
CUST000640,lapsed,South,2025-06-06
CUST000641,one_and_done,East,2024-09-10
CUST000642,lapsed,Central,2026-02-20
CUST000643,champion,Central,2026-02-14
CUST000644,occasional,East,2025-11-09
CUST000645,one_and_done,North,2025-03-03
CUST000646,lapsed,West,2024-12-03
CUST000647,champion,West,2026-01-18
CUST000648,one_and_done,North,2026-05-16
CUST000649,one_and_done,Central,2025-05-31
CUST000650,champion,South,2025-06-08
CUST000651,occasional,Central,2025-11-11
CUST000652,lapsed,East,2026-03-24
CUST000653,one_and_done,South,2024-12-14
CUST000654,occasional,North,2024-12-16
CUST000655,lapsed,North,2025-02-23
CUST000656,occasional,West,2025-06-21
CUST000657,lapsed,South,2026-01-30
CUST000658,occasional,Central,2025-10-22
CUST000659,one_and_done,South,2026-06-14
CUST000660,occasional,Central,2026-02-07
CUST000661,occasional,Central,2025-09-19
CUST000662,lapsed,North,2025-09-29
CUST000663,loyal,West,2026-06-05
CUST000664,loyal,Central,2024-09-29
CUST000665,occasional,South,2026-01-25
CUST000666,one_and_done,North,2025-08-09
CUST000667,lapsed,Central,2025-09-09
CUST000668,whale,East,2025-09-06
CUST000669,occasional,North,2024-12-17
CUST000670,occasional,Central,2025-02-24
CUST000671,loyal,West,2024-12-01
CUST000672,one_and_done,North,2025-11-08
CUST000673,whale,South,2026-01-27
CUST000674,one_and_done,North,2025-10-05
CUST000675,one_and_done,Central,2025-07-03
CUST000676,occasional,North,2025-12-08
CUST000677,lapsed,West,2025-09-12
CUST000678,occasional,East,2026-04-17
CUST000679,loyal,East,2025-06-18
CUST000680,occasional,Central,2025-03-19
CUST000681,loyal,Central,2025-07-27
CUST000682,occasional,North,2024-11-27
CUST000683,champion,North,2024-09-03
CUST000684,occasional,North,2024-11-05
CUST000685,one_and_done,West,2026-05-27
CUST000686,occasional,East,2024-11-22
CUST000687,occasional,North,2025-12-10
CUST000688,whale,South,2025-09-18
CUST000689,lapsed,East,2025-10-16
CUST000690,one_and_done,West,2026-01-14
CUST000691,occasional,South,2024-11-24
CUST000692,lapsed,Central,2025-05-11
CUST000693,occasional,Central,2024-09-23
CUST000694,occasional,West,2024-10-01
CUST000695,lapsed,East,2025-10-11
CUST000696,one_and_done,Central,2025-03-10
CUST000697,one_and_done,West,2025-08-14
CUST000698,one_and_done,East,2025-08-19
CUST000699,one_and_done,East,2025-03-01
CUST000700,occasional,Central,2025-04-05
CUST000701,occasional,East,2024-10-31
CUST000702,occasional,North,2025-02-06
CUST000703,loyal,Central,2025-05-22
CUST000704,lapsed,North,2024-10-26
CUST000705,occasional,West,2026-05-21
CUST000706,one_and_done,West,2025-02-12
CUST000707,lapsed,East,2025-10-30
CUST000708,lapsed,North,2025-10-01
CUST000709,occasional,East,2025-01-30
CUST000710,occasional,Central,2026-01-21
CUST000711,whale,South,2024-11-20
CUST000712,one_and_done,West,2025-08-16
CUST000713,lapsed,Central,2025-11-29
CUST000714,lapsed,Central,2025-12-14
CUST000715,lapsed,East,2025-10-10
CUST000716,loyal,South,2024-10-10
CUST000717,one_and_done,West,2026-05-21
CUST000718,loyal,East,2025-08-10
CUST000719,one_and_done,West,2024-12-24
CUST000720,whale,West,2025-09-04
CUST000721,one_and_done,West,2025-06-30
CUST000722,occasional,South,2025-11-30
CUST000723,champion,West,2026-04-27
CUST000724,whale,East,2025-05-10
CUST000725,loyal,Central,2024-10-26
CUST000726,champion,West,2025-08-01
CUST000727,occasional,Central,2025-10-02
CUST000728,loyal,Central,2026-05-02
CUST000729,occasional,Central,2024-10-08
CUST000730,one_and_done,West,2024-11-30
CUST000731,occasional,East,2024-11-07
CUST000732,champion,North,2025-11-22
CUST000733,loyal,South,2025-05-20
CUST000734,occasional,East,2025-10-02
CUST000735,loyal,West,2026-02-17
CUST000736,one_and_done,East,2026-03-10
CUST000737,occasional,East,2025-11-05
CUST000738,occasional,North,2025-07-09
CUST000739,occasional,West,2026-05-07
CUST000740,occasional,East,2025-03-27
CUST000741,champion,North,2025-09-14
CUST000742,loyal,South,2024-11-22
CUST000743,lapsed,Central,2026-01-17
CUST000744,champion,North,2026-06-25
CUST000745,one_and_done,East,2025-12-25
CUST000746,occasional,East,2024-09-18
CUST000747,occasional,North,2025-12-18
CUST000748,occasional,North,2025-03-26
CUST000749,lapsed,Central,2024-12-18
CUST000750,lapsed,East,2026-01-13
CUST000751,occasional,South,2025-05-08
CUST000752,occasional,North,2026-03-10
CUST000753,occasional,East,2025-11-20
CUST000754,occasional,West,2026-01-05
CUST000755,one_and_done,West,2025-04-17
CUST000756,occasional,North,2024-11-25
CUST000757,occasional,West,2026-02-05
CUST000758,lapsed,Central,2026-01-09
CUST000759,champion,South,2025-01-03
CUST000760,occasional,North,2025-09-11
CUST000761,one_and_done,Central,2025-08-06
CUST000762,loyal,East,2025-03-24
CUST000763,champion,West,2026-04-26
CUST000764,loyal,South,2024-11-28
CUST000765,lapsed,South,2025-11-18
CUST000766,champion,South,2025-04-27
CUST000767,loyal,South,2025-10-02
CUST000768,champion,East,2025-02-19
CUST000769,loyal,North,2025-05-29
CUST000770,one_and_done,Central,2026-04-01
CUST000771,occasional,East,2026-03-22
CUST000772,one_and_done,Central,2024-11-24
CUST000773,one_and_done,East,2025-08-02
CUST000774,lapsed,South,2026-01-19
CUST000775,champion,East,2026-04-22
CUST000776,lapsed,North,2026-05-03
CUST000777,one_and_done,Central,2024-10-26
CUST000778,loyal,West,2024-09-16
CUST000779,lapsed,North,2025-10-29
CUST000780,lapsed,East,2026-03-12
CUST000781,occasional,East,2025-10-11
CUST000782,lapsed,South,2026-04-27
CUST000783,occasional,North,2025-07-12
CUST000784,one_and_done,West,2025-05-19
CUST000785,whale,South,2024-09-10
CUST000786,occasional,East,2025-12-20
CUST000787,lapsed,South,2026-03-15
CUST000788,occasional,West,2026-04-29
CUST000789,lapsed,North,2025-11-09
CUST000790,one_and_done,South,2025-06-06
CUST000791,occasional,East,2026-06-15
CUST000792,occasional,East,2025-02-15
CUST000793,occasional,West,2025-09-12
CUST000794,loyal,North,2025-01-22
CUST000795,champion,East,2025-09-10
CUST000796,occasional,West,2026-04-14
CUST000797,champion,South,2026-07-16
CUST000798,loyal,North,2025-07-07
CUST000799,one_and_done,Central,2025-07-19
CUST000800,one_and_done,West,2025-01-08
CUST000801,one_and_done,West,2024-11-24
CUST000802,occasional,West,2026-04-10
CUST000803,lapsed,West,2025-12-23
CUST000804,one_and_done,West,2026-03-08
CUST000805,loyal,East,2026-05-18
CUST000806,loyal,North,2026-07-30
CUST000807,one_and_done,East,2026-06-04
CUST000808,loyal,South,2025-07-29
CUST000809,one_and_done,West,2026-04-16
CUST000810,whale,East,2026-03-17
CUST000811,champion,Central,2026-05-10
CUST000812,champion,East,2025-03-12
CUST000813,whale,East,2025-05-13
CUST000814,one_and_done,Central,2024-09-26
CUST000815,loyal,East,2026-05-14
CUST000816,lapsed,South,2026-03-07
CUST000817,lapsed,South,2025-09-16
CUST000818,one_and_done,Central,2025-05-03
CUST000819,one_and_done,West,2026-05-01
CUST000820,occasional,North,2026-03-05
CUST000821,champion,East,2025-10-09
CUST000822,one_and_done,South,2026-07-19
CUST000823,occasional,West,2025-10-28
CUST000824,one_and_done,North,2025-02-16
CUST000825,lapsed,West,2025-07-28
CUST000826,champion,West,2025-10-01
CUST000827,one_and_done,South,2025-08-24
CUST000828,occasional,North,2024-10-07
CUST000829,lapsed,West,2025-08-01
CUST000830,occasional,South,2025-07-22
CUST000831,one_and_done,Central,2024-10-18
CUST000832,one_and_done,West,2026-04-12
CUST000833,occasional,Central,2026-05-25
CUST000834,one_and_done,East,2025-09-20
CUST000835,one_and_done,Central,2025-12-20
CUST000836,one_and_done,North,2026-03-11
CUST000837,lapsed,South,2026-05-09
CUST000838,whale,North,2024-11-24
CUST000839,occasional,West,2025-05-27
CUST000840,one_and_done,East,2025-04-04
CUST000841,champion,South,2026-05-10
CUST000842,lapsed,South,2025-12-05
CUST000843,one_and_done,West,2025-05-23
CUST000844,occasional,North,2025-07-27
CUST000845,loyal,East,2025-04-01
CUST000846,lapsed,West,2025-04-19
CUST000847,occasional,South,2025-10-15
CUST000848,one_and_done,South,2025-01-29
CUST000849,loyal,South,2026-01-31
CUST000850,whale,East,2026-06-05
CUST000851,loyal,South,2024-10-30
CUST000852,loyal,South,2026-07-16
CUST000853,lapsed,East,2026-01-14
CUST000854,lapsed,North,2026-05-12
CUST000855,occasional,East,2026-02-19
CUST000856,occasional,North,2025-10-28
CUST000857,one_and_done,North,2026-05-02
CUST000858,lapsed,South,2025-09-08
CUST000859,occasional,South,2024-10-20
CUST000860,one_and_done,North,2026-04-27
CUST000861,one_and_done,Central,2024-10-21
CUST000862,one_and_done,South,2025-10-17
CUST000863,lapsed,Central,2025-06-12
CUST000864,one_and_done,Central,2025-09-25
CUST000865,loyal,Central,2025-12-22
CUST000866,lapsed,Central,2026-05-16
CUST000867,lapsed,North,2025-06-11
CUST000868,lapsed,South,2024-10-28
CUST000869,loyal,West,2025-08-01
CUST000870,occasional,East,2025-06-07
CUST000871,one_and_done,North,2025-05-07
CUST000872,champion,East,2025-11-02
CUST000873,whale,Central,2026-05-08
CUST000874,occasional,Central,2025-08-11
CUST000875,one_and_done,South,2024-11-30
CUST000876,lapsed,South,2025-12-24
CUST000877,occasional,South,2024-11-28
CUST000878,occasional,South,2024-12-10
CUST000879,one_and_done,South,2026-02-10
CUST000880,one_and_done,South,2025-06-24
CUST000881,occasional,East,2025-02-23
CUST000882,one_and_done,North,2025-08-19
CUST000883,lapsed,South,2025-03-29
CUST000884,occasional,South,2024-11-01
CUST000885,loyal,North,2025-05-18
CUST000886,occasional,Central,2024-12-22
CUST000887,occasional,West,2025-01-17
CUST000888,loyal,Central,2025-01-09
CUST000889,loyal,East,2024-12-12
CUST000890,one_and_done,North,2026-02-24
CUST000891,occasional,Central,2026-07-19
CUST000892,whale,East,2026-04-15
CUST000893,occasional,West,2026-02-07
CUST000894,loyal,South,2025-04-04
CUST000895,lapsed,East,2025-08-09
CUST000896,lapsed,East,2025-09-06
CUST000897,occasional,South,2026-07-25
CUST000898,occasional,East,2025-04-09
CUST000899,loyal,West,2025-11-19
CUST000900,one_and_done,North,2025-02-14
CUST000901,occasional,North,2026-05-14
CUST000902,occasional,Central,2026-01-06
CUST000903,champion,East,2026-06-23
CUST000904,occasional,Central,2026-01-13
CUST000905,whale,West,2024-10-23
CUST000906,one_and_done,West,2025-08-22
CUST000907,occasional,Central,2025-09-27
CUST000908,loyal,West,2026-01-21
CUST000909,occasional,South,2026-01-27
CUST000910,occasional,East,2025-04-20
CUST000911,lapsed,South,2024-09-10
CUST000912,lapsed,South,2025-02-24
CUST000913,lapsed,West,2025-03-03
CUST000914,whale,North,2025-09-04
CUST000915,whale,West,2026-05-23
CUST000916,whale,East,2025-03-12
CUST000917,loyal,South,2025-01-11
CUST000918,loyal,North,2025-08-08
CUST000919,occasional,West,2026-05-28
CUST000920,one_and_done,Central,2025-03-19
CUST000921,loyal,West,2024-10-25
CUST000922,lapsed,East,2026-02-24
CUST000923,one_and_done,West,2026-04-11
CUST000924,one_and_done,East,2025-03-01
CUST000925,loyal,South,2025-12-11
CUST000926,occasional,South,2025-03-18
CUST000927,loyal,South,2025-03-26
CUST000928,lapsed,Central,2026-01-26
CUST000929,one_and_done,West,2026-07-02
CUST000930,one_and_done,North,2025-07-07
CUST000931,occasional,Central,2025-10-19
CUST000932,occasional,North,2024-12-10
CUST000933,occasional,East,2025-11-23
CUST000934,lapsed,North,2026-02-07
CUST000935,lapsed,South,2024-12-06
CUST000936,occasional,West,2025-03-03
CUST000937,lapsed,Central,2025-05-25
CUST000938,loyal,Central,2024-10-02
CUST000939,lapsed,Central,2025-01-29
CUST000940,loyal,South,2024-12-02
CUST000941,occasional,North,2025-01-18
CUST000942,lapsed,Central,2025-10-23
CUST000943,loyal,Central,2026-06-18
CUST000944,occasional,South,2025-06-01
CUST000945,occasional,North,2025-02-11
CUST000946,occasional,West,2024-09-05
CUST000947,one_and_done,North,2025-04-10
CUST000948,lapsed,North,2025-06-29
CUST000949,lapsed,Central,2025-06-23
CUST000950,occasional,East,2026-05-12
CUST000951,one_and_done,North,2026-07-26
CUST000952,occasional,West,2026-06-30
CUST000953,occasional,South,2024-11-05
CUST000954,loyal,East,2025-01-24
CUST000955,lapsed,Central,2026-01-30
CUST000956,lapsed,South,2025-10-08
CUST000957,lapsed,West,2025-08-27
CUST000958,one_and_done,Central,2026-02-09
CUST000959,occasional,East,2025-10-09
CUST000960,one_and_done,Central,2025-11-30
CUST000961,one_and_done,East,2025-04-01
CUST000962,occasional,East,2025-02-16
CUST000963,loyal,Central,2026-05-24
CUST000964,loyal,West,2025-09-09
CUST000965,whale,Central,2024-09-06
CUST000966,occasional,West,2024-12-01
CUST000967,whale,West,2025-01-22
CUST000968,loyal,South,2025-03-04
CUST000969,one_and_done,South,2026-07-28
CUST000970,occasional,Central,2024-09-18
CUST000971,occasional,West,2025-03-04
CUST000972,champion,South,2024-11-17
CUST000973,loyal,South,2024-11-02
CUST000974,lapsed,West,2026-02-03
CUST000975,occasional,North,2026-07-22
CUST000976,one_and_done,North,2025-04-26
CUST000977,occasional,West,2025-09-13
CUST000978,occasional,South,2026-07-17
CUST000979,one_and_done,West,2026-01-23
CUST000980,loyal,East,2024-09-06
CUST000981,whale,Central,2025-11-19
CUST000982,lapsed,East,2026-01-30
CUST000983,one_and_done,Central,2025-04-29
CUST000984,occasional,Central,2025-04-22
CUST000985,loyal,South,2025-12-11
CUST000986,lapsed,Central,2024-12-14
CUST000987,occasional,West,2025-06-20
CUST000988,champion,North,2026-04-10
CUST000989,occasional,North,2025-12-16
CUST000990,lapsed,South,2024-12-15
CUST000991,one_and_done,North,2026-05-30
CUST000992,lapsed,South,2026-07-23
CUST000993,lapsed,Central,2025-04-28
CUST000994,occasional,East,2025-09-25
CUST000995,lapsed,North,2026-02-05
CUST000996,occasional,East,2025-09-04
CUST000997,one_and_done,South,2026-03-25
CUST000998,champion,Central,2025-11-12
CUST000999,whale,North,2026-02-18
CUST001000,occasional,West,2025-06-16
CUST001001,loyal,East,2025-04-16
CUST001002,occasional,North,2024-10-29
CUST001003,loyal,West,2026-06-14
CUST001004,loyal,East,2025-12-15
CUST001005,one_and_done,West,2026-01-27
CUST001006,occasional,West,2025-06-21
CUST001007,lapsed,West,2025-07-23
CUST001008,occasional,East,2024-11-24
CUST001009,one_and_done,North,2024-10-26
CUST001010,occasional,North,2025-02-05
CUST001011,one_and_done,East,2026-03-14
CUST001012,one_and_done,South,2026-07-03
CUST001013,occasional,West,2024-11-09
CUST001014,whale,East,2024-10-10
CUST001015,occasional,Central,2026-02-06
CUST001016,loyal,North,2026-06-29
CUST001017,one_and_done,South,2025-04-11
CUST001018,lapsed,West,2025-06-14
CUST001019,champion,North,2024-11-16
CUST001020,occasional,South,2025-06-24
CUST001021,lapsed,West,2025-02-14
CUST001022,one_and_done,East,2025-01-27
CUST001023,whale,West,2026-07-25
CUST001024,one_and_done,East,2026-04-19
CUST001025,one_and_done,Central,2025-01-31
CUST001026,occasional,Central,2026-03-28
CUST001027,lapsed,Central,2026-03-09
CUST001028,occasional,North,2025-02-20
CUST001029,one_and_done,East,2026-03-10
CUST001030,occasional,North,2026-04-18
CUST001031,one_and_done,South,2026-07-22
CUST001032,one_and_done,South,2025-09-06
CUST001033,one_and_done,West,2025-05-12
CUST001034,lapsed,East,2025-03-06
CUST001035,occasional,Central,2024-11-05
CUST001036,one_and_done,South,2025-05-02
CUST001037,occasional,West,2025-02-17
CUST001038,occasional,West,2026-03-06
CUST001039,occasional,Central,2025-12-05
CUST001040,loyal,South,2025-12-31
CUST001041,loyal,West,2026-06-16
CUST001042,one_and_done,North,2024-09-21
CUST001043,one_and_done,East,2026-02-13
CUST001044,one_and_done,East,2025-09-20
CUST001045,champion,Central,2025-11-24
CUST001046,occasional,West,2026-06-30
CUST001047,loyal,Central,2024-11-06
CUST001048,lapsed,Central,2026-02-28
CUST001049,lapsed,East,2026-05-22
CUST001050,occasional,West,2025-12-04
CUST001051,one_and_done,North,2026-04-22
CUST001052,loyal,East,2024-08-31
CUST001053,occasional,North,2026-03-21
CUST001054,loyal,West,2026-01-01
CUST001055,occasional,Central,2026-01-23
CUST001056,one_and_done,West,2026-07-13
CUST001057,lapsed,Central,2026-07-22
CUST001058,occasional,South,2025-08-06
CUST001059,one_and_done,Central,2026-02-19
CUST001060,one_and_done,East,2026-06-03
CUST001061,whale,West,2026-01-09
CUST001062,one_and_done,West,2026-01-21
CUST001063,occasional,West,2025-10-08
CUST001064,one_and_done,South,2024-09-05
CUST001065,occasional,West,2025-12-29
CUST001066,whale,West,2025-03-25
CUST001067,occasional,Central,2025-02-09
CUST001068,one_and_done,East,2026-06-26
CUST001069,champion,East,2025-08-15
CUST001070,occasional,East,2025-09-20
CUST001071,lapsed,North,2025-08-10
CUST001072,one_and_done,North,2026-04-02
CUST001073,occasional,North,2025-09-09
CUST001074,lapsed,West,2026-05-06
CUST001075,lapsed,East,2024-10-07
CUST001076,occasional,Central,2025-06-16
CUST001077,one_and_done,West,2026-07-07
CUST001078,occasional,North,2025-08-12
CUST001079,one_and_done,North,2024-10-21
CUST001080,occasional,South,2025-02-26
CUST001081,occasional,Central,2026-01-21
CUST001082,lapsed,North,2024-11-14
CUST001083,lapsed,North,2026-03-24
CUST001084,lapsed,North,2026-02-09
CUST001085,whale,East,2026-04-14
CUST001086,one_and_done,Central,2024-10-23
CUST001087,lapsed,West,2025-03-17
CUST001088,lapsed,East,2025-08-03
CUST001089,occasional,North,2025-04-20
CUST001090,occasional,South,2026-01-31
CUST001091,occasional,East,2026-06-12
CUST001092,one_and_done,South,2024-12-16
CUST001093,occasional,West,2024-09-25
CUST001094,occasional,Central,2026-07-07
CUST001095,one_and_done,South,2026-06-25
CUST001096,occasional,South,2025-07-05
CUST001097,occasional,North,2026-07-01
CUST001098,lapsed,West,2025-03-13
CUST001099,lapsed,East,2024-10-08
CUST001100,loyal,South,2026-01-17
CUST001101,champion,South,2026-01-06
CUST001102,occasional,North,2024-12-04
CUST001103,lapsed,East,2025-11-24
CUST001104,lapsed,West,2026-02-13
CUST001105,loyal,South,2026-06-03
CUST001106,lapsed,North,2024-12-21
CUST001107,loyal,East,2024-10-21
CUST001108,occasional,West,2026-06-07
CUST001109,whale,South,2025-01-15
CUST001110,loyal,South,2026-04-11
CUST001111,loyal,North,2026-04-25
CUST001112,occasional,West,2025-11-07
CUST001113,one_and_done,Central,2025-09-29
CUST001114,lapsed,West,2024-12-11
CUST001115,whale,East,2025-03-29
CUST001116,loyal,West,2026-04-21
CUST001117,loyal,South,2025-06-18
CUST001118,lapsed,North,2024-11-26
CUST001119,occasional,South,2025-04-24
CUST001120,lapsed,West,2026-02-21
CUST001121,one_and_done,West,2026-05-02
CUST001122,loyal,Central,2025-09-18
CUST001123,lapsed,Central,2025-09-04
CUST001124,loyal,South,2025-11-27
CUST001125,occasional,North,2026-05-16
CUST001126,one_and_done,South,2026-05-10
CUST001127,one_and_done,Central,2025-07-26
CUST001128,one_and_done,Central,2024-10-08
CUST001129,one_and_done,North,2025-06-08
CUST001130,whale,North,2025-09-28
CUST001131,whale,East,2024-10-18
CUST001132,one_and_done,West,2025-04-04
CUST001133,loyal,Central,2025-03-16
CUST001134,one_and_done,West,2025-06-24
CUST001135,whale,South,2025-02-12
CUST001136,occasional,North,2025-08-14
CUST001137,occasional,West,2025-05-22
CUST001138,occasional,East,2025-05-26
CUST001139,champion,Central,2025-02-20
CUST001140,one_and_done,East,2024-11-10
CUST001141,occasional,East,2026-01-07
CUST001142,lapsed,South,2025-03-29
CUST001143,lapsed,North,2026-07-09
CUST001144,lapsed,Central,2025-07-24
CUST001145,occasional,Central,2024-11-09
CUST001146,occasional,North,2025-05-06
CUST001147,one_and_done,West,2026-01-25
CUST001148,lapsed,South,2025-06-02
CUST001149,occasional,East,2025-11-23
CUST001150,lapsed,Central,2025-10-01
CUST001151,loyal,Central,2026-02-22
CUST001152,lapsed,North,2025-05-20
CUST001153,loyal,South,2026-03-15
CUST001154,loyal,Central,2025-09-24
CUST001155,one_and_done,Central,2024-10-12
CUST001156,loyal,North,2025-02-16
CUST001157,champion,Central,2025-10-14
CUST001158,champion,East,2024-09-21
CUST001159,occasional,East,2026-07-22
CUST001160,lapsed,North,2024-09-28
CUST001161,champion,West,2025-11-27
CUST001162,one_and_done,West,2025-01-03
CUST001163,lapsed,West,2024-10-06
CUST001164,loyal,West,2025-06-05
CUST001165,loyal,Central,2025-05-30
CUST001166,lapsed,Central,2025-02-22
CUST001167,lapsed,West,2026-02-14
CUST001168,one_and_done,Central,2026-03-29
CUST001169,lapsed,West,2025-12-03
CUST001170,loyal,West,2025-08-30
CUST001171,occasional,East,2025-02-26
CUST001172,one_and_done,West,2026-02-01
CUST001173,occasional,North,2025-07-01
CUST001174,lapsed,East,2026-07-29
CUST001175,one_and_done,East,2026-07-10
CUST001176,lapsed,Central,2024-09-23
CUST001177,occasional,North,2024-12-13
CUST001178,occasional,West,2024-12-04
CUST001179,occasional,North,2025-12-13
CUST001180,occasional,Central,2025-08-06
CUST001181,lapsed,Central,2025-04-15
CUST001182,loyal,South,2026-02-04
CUST001183,loyal,Central,2025-02-25
CUST001184,loyal,East,2025-04-02
CUST001185,loyal,Central,2025-10-19
CUST001186,lapsed,West,2025-09-30
CUST001187,occasional,North,2025-12-28
CUST001188,whale,South,2025-01-15
CUST001189,loyal,East,2024-09-09
CUST001190,one_and_done,South,2024-08-31
CUST001191,occasional,North,2025-02-07
CUST001192,occasional,Central,2025-11-29
CUST001193,lapsed,Central,2025-01-31
CUST001194,whale,East,2026-02-10
CUST001195,lapsed,South,2024-11-11
CUST001196,loyal,North,2026-01-25
CUST001197,occasional,Central,2025-10-22
CUST001198,one_and_done,South,2026-05-27
CUST001199,occasional,North,2026-06-05
CUST001200,one_and_done,South,2025-10-29
CUST001201,one_and_done,East,2025-07-11
CUST001202,one_and_done,West,2026-07-19
CUST001203,lapsed,South,2024-12-16
CUST001204,one_and_done,Central,2026-05-12
CUST001205,champion,West,2024-09-01
CUST001206,champion,Central,2026-01-22
CUST001207,one_and_done,South,2025-11-08
CUST001208,occasional,West,2026-04-11
CUST001209,occasional,South,2024-12-31
CUST001210,occasional,West,2025-03-06
CUST001211,lapsed,West,2026-06-07
CUST001212,lapsed,South,2026-05-19
CUST001213,one_and_done,Central,2025-05-31
CUST001214,occasional,Central,2024-12-02
CUST001215,occasional,Central,2026-05-16
CUST001216,one_and_done,South,2026-02-27
CUST001217,occasional,West,2025-07-15
CUST001218,one_and_done,North,2026-05-16
CUST001219,one_and_done,North,2025-12-30
CUST001220,loyal,Central,2026-07-24
CUST001221,champion,North,2025-08-16
CUST001222,occasional,Central,2025-03-18
CUST001223,lapsed,East,2025-10-16
CUST001224,one_and_done,South,2026-02-02
CUST001225,loyal,North,2025-10-07
CUST001226,lapsed,West,2025-08-09
CUST001227,occasional,West,2026-04-06
CUST001228,occasional,East,2026-05-14
CUST001229,lapsed,Central,2026-03-26
CUST001230,champion,South,2024-09-10
CUST001231,occasional,East,2025-03-12
CUST001232,one_and_done,South,2026-05-05
CUST001233,loyal,East,2026-01-02
CUST001234,one_and_done,North,2025-10-16
CUST001235,occasional,East,2026-03-27
CUST001236,loyal,East,2024-12-12
CUST001237,occasional,East,2024-10-11
CUST001238,occasional,East,2026-02-10
CUST001239,loyal,West,2026-07-20
CUST001240,loyal,East,2026-01-26
CUST001241,lapsed,South,2025-06-19
CUST001242,occasional,South,2025-01-12
CUST001243,occasional,West,2025-12-06
CUST001244,champion,Central,2026-01-21
CUST001245,occasional,West,2026-02-07
CUST001246,occasional,West,2026-07-29
CUST001247,one_and_done,Central,2026-07-22
CUST001248,occasional,Central,2025-10-05
CUST001249,lapsed,East,2025-05-25
CUST001250,lapsed,North,2026-07-23
CUST001251,loyal,West,2026-03-13
CUST001252,loyal,West,2024-11-02
CUST001253,loyal,South,2024-09-06
CUST001254,one_and_done,Central,2025-05-08
CUST001255,loyal,Central,2025-07-31
CUST001256,lapsed,South,2025-06-18
CUST001257,lapsed,East,2025-11-14
CUST001258,lapsed,North,2026-03-12
CUST001259,one_and_done,North,2025-11-10
CUST001260,whale,South,2025-03-29
CUST001261,champion,South,2025-04-24
CUST001262,occasional,South,2025-04-13
CUST001263,occasional,North,2025-05-31
CUST001264,lapsed,East,2026-06-19
CUST001265,one_and_done,West,2025-05-19
CUST001266,lapsed,South,2024-11-22
CUST001267,loyal,East,2025-05-03
CUST001268,whale,South,2025-06-21
CUST001269,occasional,West,2026-02-25
CUST001270,occasional,West,2025-01-23
CUST001271,whale,Central,2025-09-18
CUST001272,occasional,North,2026-01-28
CUST001273,occasional,Central,2025-08-23
CUST001274,one_and_done,South,2026-05-07
CUST001275,loyal,North,2024-10-21
CUST001276,occasional,West,2025-03-27
CUST001277,loyal,North,2025-12-15
CUST001278,loyal,North,2025-01-22
CUST001279,lapsed,Central,2026-06-24
CUST001280,one_and_done,South,2025-11-03
CUST001281,occasional,East,2025-05-02
CUST001282,occasional,South,2026-07-15
CUST001283,occasional,North,2025-03-22
CUST001284,one_and_done,North,2025-01-05
CUST001285,lapsed,North,2025-06-11
CUST001286,lapsed,East,2026-03-09
CUST001287,occasional,East,2025-02-22
CUST001288,occasional,North,2025-12-06
CUST001289,occasional,South,2025-03-03
CUST001290,one_and_done,South,2025-05-18
CUST001291,occasional,East,2026-05-27
CUST001292,one_and_done,Central,2026-05-23
CUST001293,one_and_done,West,2026-07-21
CUST001294,occasional,Central,2026-06-11
CUST001295,occasional,North,2026-01-03
CUST001296,occasional,South,2026-07-14
CUST001297,loyal,West,2024-10-13
CUST001298,loyal,South,2024-10-28
CUST001299,one_and_done,Central,2026-04-02
CUST001300,occasional,East,2025-12-26
CUST001301,occasional,South,2025-02-27
CUST001302,one_and_done,Central,2025-04-25
CUST001303,lapsed,East,2025-06-19
CUST001304,occasional,Central,2024-09-07
CUST001305,lapsed,East,2025-05-17
CUST001306,lapsed,North,2025-04-19
CUST001307,one_and_done,West,2025-08-14
CUST001308,one_and_done,North,2025-07-29
CUST001309,champion,West,2026-01-09
CUST001310,lapsed,East,2025-08-01
CUST001311,occasional,West,2024-10-27
CUST001312,lapsed,Central,2025-11-10
CUST001313,one_and_done,East,2026-04-29
CUST001314,champion,Central,2025-06-07
CUST001315,champion,North,2025-01-28
CUST001316,one_and_done,North,2024-09-28
CUST001317,one_and_done,Central,2025-07-17
CUST001318,champion,East,2025-01-26
CUST001319,one_and_done,East,2026-02-06
CUST001320,lapsed,North,2025-10-08
CUST001321,occasional,South,2025-10-11
CUST001322,occasional,West,2025-12-11
CUST001323,champion,Central,2025-03-17
CUST001324,lapsed,Central,2024-11-20
CUST001325,occasional,East,2025-12-15
CUST001326,lapsed,East,2026-04-27
CUST001327,occasional,North,2024-12-31
CUST001328,one_and_done,North,2024-12-14
CUST001329,occasional,East,2024-10-15
CUST001330,loyal,East,2026-02-03
CUST001331,lapsed,North,2025-03-15
CUST001332,occasional,East,2025-03-18
CUST001333,one_and_done,West,2025-01-24
CUST001334,whale,Central,2025-01-13
CUST001335,whale,Central,2024-10-03
CUST001336,lapsed,South,2025-09-01
CUST001337,loyal,South,2026-06-08
CUST001338,one_and_done,Central,2026-03-19
CUST001339,lapsed,West,2024-11-18
CUST001340,occasional,South,2024-12-17
CUST001341,loyal,West,2026-07-24
CUST001342,lapsed,North,2025-11-16
CUST001343,occasional,East,2026-02-10
CUST001344,one_and_done,South,2025-12-19
CUST001345,whale,Central,2025-05-10
CUST001346,one_and_done,North,2025-08-08
CUST001347,occasional,Central,2025-08-29
CUST001348,occasional,South,2025-09-30
CUST001349,occasional,North,2025-05-08
CUST001350,loyal,West,2025-04-09
CUST001351,lapsed,West,2026-07-01
CUST001352,lapsed,North,2026-04-26
CUST001353,occasional,North,2025-12-05
CUST001354,occasional,North,2025-09-30
CUST001355,lapsed,East,2024-09-02
CUST001356,champion,North,2024-11-14
CUST001357,one_and_done,West,2025-05-03
CUST001358,occasional,North,2026-07-06
CUST001359,one_and_done,West,2026-05-22
CUST001360,loyal,Central,2025-09-14
CUST001361,one_and_done,West,2025-06-16
CUST001362,occasional,Central,2025-04-25
CUST001363,one_and_done,Central,2026-04-23
CUST001364,champion,North,2024-11-17
CUST001365,occasional,South,2025-08-20
CUST001366,one_and_done,West,2025-06-11
CUST001367,occasional,South,2026-07-04
CUST001368,loyal,West,2024-12-31
CUST001369,loyal,West,2025-07-16
CUST001370,occasional,Central,2026-02-26
CUST001371,loyal,South,2025-12-20
CUST001372,lapsed,South,2025-11-27
CUST001373,occasional,North,2026-07-13
CUST001374,lapsed,South,2024-10-10
CUST001375,whale,South,2025-01-15
CUST001376,loyal,East,2024-11-18
CUST001377,one_and_done,East,2025-11-26
CUST001378,lapsed,Central,2025-07-06
CUST001379,one_and_done,West,2025-09-14
CUST001380,occasional,West,2025-09-02
CUST001381,occasional,North,2025-06-14
CUST001382,champion,East,2025-09-19
CUST001383,one_and_done,West,2025-02-05
CUST001384,whale,South,2026-06-20
CUST001385,whale,East,2026-03-19
CUST001386,champion,West,2024-11-14
CUST001387,one_and_done,West,2024-11-21
CUST001388,occasional,Central,2025-01-05
CUST001389,lapsed,East,2025-11-15
CUST001390,champion,South,2025-09-15
CUST001391,lapsed,South,2026-07-14
CUST001392,lapsed,West,2026-01-17
CUST001393,loyal,East,2025-03-10
CUST001394,champion,East,2025-12-03
CUST001395,lapsed,North,2025-08-29
CUST001396,loyal,East,2026-05-06
CUST001397,one_and_done,South,2025-08-18
CUST001398,lapsed,East,2025-03-13
CUST001399,one_and_done,Central,2025-06-26
CUST001400,occasional,West,2025-07-07
CUST001401,occasional,East,2024-10-29
CUST001402,loyal,Central,2026-02-18
CUST001403,whale,Central,2026-01-03
CUST001404,occasional,East,2025-05-21
CUST001405,loyal,West,2025-08-29
CUST001406,occasional,South,2024-09-14
CUST001407,whale,Central,2026-06-20
CUST001408,loyal,South,2026-05-07
CUST001409,lapsed,South,2025-12-04
CUST001410,one_and_done,North,2025-09-14
CUST001411,lapsed,Central,2024-11-15
CUST001412,whale,South,2025-08-20
CUST001413,lapsed,Central,2025-09-28
CUST001414,lapsed,North,2026-04-06
CUST001415,loyal,East,2025-10-01
CUST001416,lapsed,East,2025-07-24
CUST001417,one_and_done,East,2025-06-18
CUST001418,one_and_done,North,2025-06-02
CUST001419,lapsed,North,2025-10-04
CUST001420,whale,South,2026-04-12
CUST001421,one_and_done,East,2026-04-16
CUST001422,occasional,West,2026-04-14
CUST001423,occasional,East,2025-05-24
CUST001424,occasional,South,2024-12-09
CUST001425,occasional,South,2024-11-20
CUST001426,occasional,West,2025-12-26
CUST001427,loyal,East,2026-06-06
CUST001428,loyal,Central,2025-05-16
CUST001429,lapsed,East,2026-07-05
CUST001430,occasional,East,2025-05-19
CUST001431,lapsed,North,2025-11-05
CUST001432,one_and_done,North,2024-12-21
CUST001433,champion,Central,2025-05-20
CUST001434,loyal,South,2025-03-01
CUST001435,occasional,East,2025-10-20
CUST001436,whale,East,2024-12-20
CUST001437,occasional,North,2025-07-29
CUST001438,one_and_done,East,2025-05-20
CUST001439,lapsed,South,2025-11-21
CUST001440,whale,North,2025-09-20
CUST001441,occasional,East,2024-12-20
CUST001442,champion,East,2025-10-29
CUST001443,loyal,North,2026-07-17
CUST001444,loyal,East,2025-11-08
CUST001445,loyal,West,2025-10-30
CUST001446,one_and_done,South,2025-10-12
CUST001447,lapsed,Central,2026-06-12
CUST001448,one_and_done,West,2026-05-02
CUST001449,one_and_done,West,2025-12-17
CUST001450,occasional,North,2025-10-08
CUST001451,lapsed,West,2026-07-11
CUST001452,one_and_done,South,2025-11-01
CUST001453,lapsed,West,2025-12-19
CUST001454,lapsed,Central,2026-07-07
CUST001455,occasional,South,2026-02-06
CUST001456,loyal,South,2026-01-20
CUST001457,occasional,North,2026-04-22
CUST001458,occasional,West,2025-02-20
CUST001459,lapsed,West,2026-06-11
CUST001460,occasional,East,2025-06-22
CUST001461,lapsed,North,2025-04-22
CUST001462,one_and_done,South,2025-01-13
CUST001463,loyal,East,2025-07-15
CUST001464,occasional,Central,2025-07-17
CUST001465,one_and_done,North,2025-02-14
CUST001466,one_and_done,South,2024-12-11
CUST001467,occasional,West,2026-03-06
CUST001468,occasional,South,2025-01-20
CUST001469,one_and_done,Central,2025-09-11
CUST001470,loyal,Central,2026-05-24
CUST001471,lapsed,South,2025-05-29
CUST001472,loyal,West,2024-09-16
CUST001473,loyal,West,2026-04-24
CUST001474,occasional,West,2026-07-21
CUST001475,one_and_done,North,2024-10-28
CUST001476,one_and_done,North,2025-06-09
CUST001477,occasional,South,2026-02-28
CUST001478,whale,North,2025-01-23
CUST001479,occasional,South,2025-10-29
CUST001480,occasional,West,2025-12-11
CUST001481,occasional,East,2026-01-10
CUST001482,loyal,South,2025-06-08
CUST001483,one_and_done,North,2026-04-28
CUST001484,occasional,South,2025-11-20
CUST001485,one_and_done,East,2025-12-30
CUST001486,champion,West,2026-06-19
CUST001487,whale,South,2025-02-12
CUST001488,occasional,South,2026-07-26
CUST001489,lapsed,East,2024-09-28
CUST001490,occasional,North,2026-05-26
CUST001491,loyal,South,2025-11-23
CUST001492,lapsed,North,2026-05-24
CUST001493,one_and_done,East,2025-11-17
CUST001494,lapsed,East,2025-05-30
CUST001495,occasional,East,2026-05-31
CUST001496,one_and_done,West,2025-07-28
CUST001497,lapsed,South,2025-02-06
CUST001498,one_and_done,Central,2025-09-16
CUST001499,occasional,Central,2026-05-14
CUST001500,one_and_done,North,2025-04-03
CUST001501,one_and_done,Central,2026-03-23
CUST001502,whale,North,2026-07-20
CUST001503,occasional,South,2025-09-29
CUST001504,occasional,East,2026-01-23
CUST001505,lapsed,North,2026-07-12
CUST001506,one_and_done,South,2025-02-02
CUST001507,one_and_done,North,2025-06-07
CUST001508,occasional,East,2024-11-02
CUST001509,occasional,Central,2025-08-29
CUST001510,one_and_done,Central,2025-09-28
CUST001511,loyal,South,2024-12-19
CUST001512,loyal,East,2026-06-04
CUST001513,one_and_done,East,2025-11-20
CUST001514,one_and_done,East,2025-01-18
CUST001515,lapsed,West,2026-01-08
CUST001516,occasional,Central,2024-11-19
CUST001517,loyal,East,2026-01-14
CUST001518,whale,North,2025-10-15
CUST001519,loyal,Central,2024-11-10
CUST001520,loyal,Central,2026-02-11
CUST001521,occasional,South,2024-09-22
CUST001522,one_and_done,East,2026-07-01
CUST001523,lapsed,Central,2026-01-26
CUST001524,lapsed,East,2025-06-13
CUST001525,one_and_done,East,2025-06-11
CUST001526,loyal,Central,2024-11-02
CUST001527,occasional,Central,2024-09-28
CUST001528,occasional,East,2025-04-13
CUST001529,loyal,North,2025-04-26
CUST001530,occasional,East,2025-12-21
CUST001531,occasional,West,2025-01-14
CUST001532,loyal,South,2025-05-07
CUST001533,one_and_done,East,2026-07-15
CUST001534,one_and_done,West,2024-12-26
CUST001535,loyal,North,2025-11-22
CUST001536,occasional,East,2025-09-01
CUST001537,lapsed,West,2025-08-25
CUST001538,one_and_done,South,2025-01-04
CUST001539,lapsed,East,2026-01-25
CUST001540,occasional,West,2025-10-30
CUST001541,lapsed,North,2026-07-04
CUST001542,occasional,West,2025-11-30
CUST001543,occasional,South,2026-05-31
CUST001544,loyal,South,2025-06-18
CUST001545,occasional,West,2024-11-13
CUST001546,occasional,North,2025-09-09
CUST001547,occasional,North,2024-10-31
CUST001548,lapsed,East,2024-09-16
CUST001549,occasional,Central,2026-06-24
CUST001550,occasional,North,2025-08-04
CUST001551,loyal,West,2025-07-27
CUST001552,occasional,North,2025-11-04
CUST001553,occasional,East,2024-12-27
CUST001554,occasional,East,2025-10-28
CUST001555,occasional,East,2026-06-23
CUST001556,lapsed,North,2025-07-13
CUST001557,lapsed,West,2026-03-12
CUST001558,occasional,South,2025-11-25
CUST001559,one_and_done,West,2025-08-14
CUST001560,lapsed,West,2025-03-12
CUST001561,whale,East,2026-01-18
CUST001562,one_and_done,South,2025-11-07
CUST001563,lapsed,West,2026-06-14
CUST001564,lapsed,Central,2025-11-05
CUST001565,lapsed,Central,2025-06-20
CUST001566,occasional,Central,2025-05-26
CUST001567,loyal,South,2026-01-07
CUST001568,champion,East,2026-06-19
CUST001569,occasional,South,2025-06-22
CUST001570,occasional,Central,2025-04-29
CUST001571,occasional,Central,2026-06-02
CUST001572,one_and_done,Central,2025-08-12
CUST001573,one_and_done,North,2026-05-26
CUST001574,lapsed,South,2025-09-17
CUST001575,loyal,West,2025-05-09
CUST001576,occasional,West,2025-03-15
CUST001577,lapsed,South,2025-03-19
CUST001578,lapsed,North,2025-02-16
CUST001579,whale,North,2026-02-13
CUST001580,lapsed,West,2024-12-16
CUST001581,lapsed,East,2025-11-29
CUST001582,occasional,East,2025-11-11
CUST001583,occasional,Central,2025-01-26
CUST001584,occasional,North,2025-12-15
CUST001585,one_and_done,West,2026-06-09
CUST001586,lapsed,South,2025-03-18
CUST001587,occasional,Central,2025-04-24
CUST001588,one_and_done,Central,2025-06-19
CUST001589,occasional,East,2026-04-22
CUST001590,loyal,South,2025-05-15
CUST001591,loyal,South,2026-03-15
CUST001592,champion,North,2025-07-08
CUST001593,lapsed,Central,2025-08-10
CUST001594,occasional,North,2025-02-06
CUST001595,lapsed,East,2024-09-16
CUST001596,one_and_done,East,2026-03-20
CUST001597,loyal,West,2026-05-12
CUST001598,loyal,Central,2025-07-08
CUST001599,lapsed,East,2024-10-03
CUST001600,occasional,West,2026-04-12
CUST001601,lapsed,East,2025-08-24
CUST001602,loyal,East,2025-10-19
CUST001603,one_and_done,North,2025-12-21
CUST001604,lapsed,South,2025-04-23
CUST001605,occasional,East,2026-01-06
CUST001606,occasional,North,2025-08-20
CUST001607,whale,South,2024-12-17
CUST001608,occasional,East,2025-11-08
CUST001609,occasional,East,2026-07-17
CUST001610,occasional,Central,2024-11-19
CUST001611,occasional,Central,2026-01-20
CUST001612,lapsed,West,2025-02-06
CUST001613,lapsed,North,2025-02-13
CUST001614,occasional,East,2025-07-28
CUST001615,lapsed,West,2026-05-31
CUST001616,occasional,East,2024-10-04
CUST001617,champion,East,2025-04-11
CUST001618,one_and_done,East,2025-10-07
CUST001619,whale,East,2024-12-11
CUST001620,champion,East,2025-01-26
CUST001621,occasional,North,2025-02-14
CUST001622,one_and_done,East,2026-04-05
CUST001623,lapsed,South,2025-05-15
CUST001624,loyal,West,2026-01-12
CUST001625,occasional,Central,2026-06-07
CUST001626,one_and_done,East,2025-12-07
CUST001627,occasional,South,2026-05-20
CUST001628,loyal,Central,2026-05-18
CUST001629,loyal,West,2025-03-10
CUST001630,occasional,East,2025-08-14
CUST001631,occasional,North,2025-10-26
CUST001632,lapsed,North,2026-03-19
CUST001633,one_and_done,South,2025-02-07
CUST001634,one_and_done,South,2025-05-14
CUST001635,whale,West,2025-06-17
CUST001636,occasional,East,2026-03-20
CUST001637,occasional,Central,2026-05-06
CUST001638,lapsed,East,2026-05-06
CUST001639,occasional,Central,2026-07-14
CUST001640,one_and_done,East,2024-09-21
CUST001641,lapsed,South,2025-11-16
CUST001642,loyal,West,2025-04-27
CUST001643,occasional,East,2024-09-12
CUST001644,occasional,South,2024-10-14
CUST001645,loyal,East,2025-12-19
CUST001646,occasional,West,2025-08-23
CUST001647,occasional,South,2025-09-10
CUST001648,lapsed,West,2026-07-08
CUST001649,lapsed,Central,2025-02-09
CUST001650,lapsed,East,2025-06-24
CUST001651,occasional,South,2025-11-13
CUST001652,occasional,East,2025-07-06
CUST001653,occasional,Central,2025-03-04
CUST001654,loyal,North,2026-07-21
CUST001655,lapsed,Central,2025-05-05
CUST001656,occasional,East,2024-12-06
CUST001657,occasional,Central,2025-03-10
CUST001658,lapsed,West,2025-05-24
CUST001659,occasional,West,2026-05-29
CUST001660,champion,Central,2025-02-25
CUST001661,loyal,North,2025-02-21
CUST001662,one_and_done,East,2025-08-20
CUST001663,lapsed,North,2025-06-19
CUST001664,occasional,South,2025-05-25
CUST001665,lapsed,North,2026-05-08
CUST001666,lapsed,West,2026-02-01
CUST001667,lapsed,West,2025-01-23
CUST001668,occasional,West,2024-09-18
CUST001669,champion,North,2026-01-23
CUST001670,lapsed,South,2025-10-24
CUST001671,occasional,West,2024-10-29
CUST001672,one_and_done,Central,2026-04-09
CUST001673,lapsed,Central,2026-01-30
CUST001674,loyal,North,2026-06-22
CUST001675,lapsed,East,2026-02-17
CUST001676,lapsed,North,2025-05-12
CUST001677,one_and_done,Central,2025-11-30
CUST001678,occasional,North,2024-09-11
CUST001679,lapsed,Central,2024-11-14
CUST001680,one_and_done,North,2024-11-11
CUST001681,one_and_done,North,2025-03-10
CUST001682,lapsed,Central,2025-03-27
CUST001683,one_and_done,East,2025-08-09
CUST001684,occasional,East,2024-09-06
CUST001685,loyal,West,2026-05-26
CUST001686,occasional,South,2025-03-13
CUST001687,one_and_done,West,2026-04-24
CUST001688,one_and_done,East,2025-12-06
CUST001689,one_and_done,South,2026-02-03
CUST001690,occasional,South,2025-06-06
CUST001691,lapsed,North,2025-01-26
CUST001692,lapsed,South,2026-06-06
CUST001693,occasional,East,2025-06-05
CUST001694,one_and_done,North,2026-02-26
CUST001695,one_and_done,North,2026-06-08
CUST001696,one_and_done,West,2025-10-12
CUST001697,loyal,East,2025-06-20
CUST001698,lapsed,North,2026-03-12
CUST001699,whale,West,2025-11-01
CUST001700,one_and_done,West,2024-10-02
CUST001701,lapsed,North,2025-12-01
CUST001702,whale,South,2024-09-03
CUST001703,occasional,South,2024-12-25
CUST001704,one_and_done,West,2025-11-14
CUST001705,occasional,North,2025-06-23
CUST001706,whale,Central,2025-03-22
CUST001707,loyal,South,2025-09-09
CUST001708,occasional,North,2025-10-19
CUST001709,lapsed,Central,2025-12-13
CUST001710,occasional,North,2026-04-25
CUST001711,lapsed,North,2026-07-14
CUST001712,occasional,Central,2025-12-08
CUST001713,whale,East,2025-01-20
CUST001714,lapsed,East,2026-02-18
CUST001715,occasional,West,2026-03-28
CUST001716,lapsed,West,2025-12-14
CUST001717,occasional,West,2025-06-07
CUST001718,one_and_done,North,2026-03-03
CUST001719,one_and_done,East,2026-02-27
CUST001720,lapsed,South,2026-05-14
CUST001721,champion,Central,2025-12-11
CUST001722,occasional,East,2026-03-01
CUST001723,one_and_done,North,2024-12-27
CUST001724,one_and_done,Central,2024-11-04
CUST001725,occasional,South,2025-11-14
CUST001726,champion,South,2026-06-02
CUST001727,occasional,Central,2026-05-31
CUST001728,lapsed,West,2025-12-16
CUST001729,champion,Central,2025-09-10
CUST001730,occasional,West,2025-07-27
CUST001731,lapsed,Central,2025-12-31
CUST001732,champion,North,2025-11-25
CUST001733,one_and_done,East,2026-01-14
CUST001734,occasional,South,2025-08-03
CUST001735,lapsed,South,2025-03-31
CUST001736,one_and_done,South,2026-07-01
CUST001737,lapsed,South,2025-08-30
CUST001738,occasional,East,2025-05-04
CUST001739,one_and_done,Central,2025-04-17
CUST001740,lapsed,West,2025-07-02
CUST001741,occasional,South,2025-07-29
CUST001742,occasional,East,2025-04-11
CUST001743,champion,East,2025-11-09
CUST001744,whale,South,2025-06-29
CUST001745,one_and_done,East,2025-12-20
CUST001746,one_and_done,West,2025-09-28
CUST001747,one_and_done,South,2026-05-06
CUST001748,one_and_done,East,2025-11-28
CUST001749,occasional,West,2026-04-23
CUST001750,occasional,East,2026-02-23
CUST001751,one_and_done,South,2025-10-11
CUST001752,occasional,East,2025-08-15
CUST001753,lapsed,West,2024-10-10
CUST001754,lapsed,South,2026-07-13
CUST001755,occasional,East,2024-11-10
CUST001756,one_and_done,West,2025-12-14
CUST001757,loyal,South,2025-03-12
CUST001758,whale,South,2025-04-13
CUST001759,lapsed,Central,2024-09-20
CUST001760,lapsed,South,2026-05-16
CUST001761,occasional,East,2024-09-22
CUST001762,loyal,North,2026-06-17
CUST001763,occasional,Central,2024-11-24
CUST001764,loyal,East,2025-05-01
CUST001765,loyal,West,2025-08-28
CUST001766,loyal,West,2025-10-26
CUST001767,whale,South,2026-05-27
CUST001768,loyal,South,2025-01-16
CUST001769,loyal,West,2025-03-09
CUST001770,lapsed,Central,2024-10-13
CUST001771,one_and_done,North,2025-03-07
CUST001772,lapsed,Central,2024-09-30
CUST001773,one_and_done,Central,2024-11-18
CUST001774,lapsed,North,2025-10-07
CUST001775,one_and_done,North,2025-03-26
CUST001776,one_and_done,West,2026-01-27
CUST001777,one_and_done,Central,2025-01-21
CUST001778,occasional,South,2025-05-31
CUST001779,occasional,West,2025-09-26
CUST001780,occasional,Central,2025-05-18
CUST001781,loyal,South,2026-01-18
CUST001782,lapsed,South,2025-05-22
CUST001783,occasional,Central,2025-09-02
CUST001784,loyal,South,2025-12-18
CUST001785,occasional,East,2024-09-17
CUST001786,lapsed,East,2026-06-17
CUST001787,occasional,East,2025-02-16
CUST001788,one_and_done,South,2026-03-06
CUST001789,lapsed,West,2026-02-26
CUST001790,loyal,West,2026-04-14
CUST001791,lapsed,South,2026-05-21
CUST001792,occasional,East,2026-05-06
CUST001793,occasional,North,2024-12-26
CUST001794,one_and_done,South,2024-10-21
CUST001795,lapsed,Central,2025-06-17
CUST001796,occasional,East,2026-07-22
CUST001797,one_and_done,West,2024-12-03
CUST001798,occasional,Central,2025-06-05
CUST001799,one_and_done,West,2025-08-01
CUST001800,one_and_done,West,2024-10-06
CUST001801,one_and_done,West,2025-10-18
CUST001802,one_and_done,East,2025-11-21
CUST001803,loyal,West,2025-02-01
CUST001804,one_and_done,South,2025-07-28
CUST001805,one_and_done,Central,2025-03-17
CUST001806,one_and_done,North,2025-03-31
CUST001807,loyal,Central,2024-12-21
CUST001808,occasional,Central,2025-12-21
CUST001809,occasional,North,2026-06-11
CUST001810,loyal,West,2025-08-31
CUST001811,occasional,Central,2025-05-04
CUST001812,occasional,East,2025-01-06
CUST001813,one_and_done,South,2026-01-26
CUST001814,occasional,Central,2025-02-25
CUST001815,lapsed,East,2024-12-26
CUST001816,one_and_done,North,2025-01-12
CUST001817,lapsed,South,2025-01-12
CUST001818,occasional,West,2024-09-08
CUST001819,occasional,East,2025-04-25
CUST001820,one_and_done,South,2025-11-14
CUST001821,lapsed,West,2025-09-29
CUST001822,occasional,North,2025-02-24
CUST001823,one_and_done,South,2026-02-16
CUST001824,one_and_done,East,2025-06-05
CUST001825,one_and_done,North,2025-06-26
CUST001826,loyal,South,2025-04-21
CUST001827,one_and_done,Central,2025-10-10
CUST001828,occasional,Central,2025-03-01
CUST001829,lapsed,Central,2026-06-11
CUST001830,occasional,South,2025-02-22
CUST001831,occasional,North,2025-01-09
CUST001832,whale,Central,2024-11-18
CUST001833,occasional,South,2024-10-24
CUST001834,loyal,West,2025-11-29
CUST001835,occasional,North,2026-06-29
CUST001836,loyal,West,2025-04-30
CUST001837,champion,East,2026-05-29
CUST001838,occasional,Central,2026-01-16
CUST001839,lapsed,North,2025-03-27
CUST001840,one_and_done,East,2025-06-10
CUST001841,champion,Central,2025-06-02
CUST001842,one_and_done,South,2025-02-21
CUST001843,loyal,West,2026-04-07
CUST001844,lapsed,North,2025-01-24
CUST001845,loyal,West,2025-06-16
CUST001846,one_and_done,South,2025-10-10
CUST001847,occasional,East,2025-09-10
CUST001848,one_and_done,Central,2025-08-09
CUST001849,occasional,West,2025-07-11
CUST001850,lapsed,East,2025-12-10
CUST001851,occasional,North,2026-02-25
CUST001852,lapsed,South,2026-04-04
CUST001853,one_and_done,Central,2025-12-05
CUST001854,lapsed,South,2026-01-30
CUST001855,lapsed,West,2025-08-04
CUST001856,whale,East,2024-10-31
CUST001857,occasional,South,2026-05-17
CUST001858,occasional,West,2025-12-27
CUST001859,occasional,South,2026-06-27
CUST001860,occasional,South,2024-09-17
CUST001861,one_and_done,East,2025-03-28
CUST001862,whale,West,2026-02-12
CUST001863,whale,Central,2025-10-15
CUST001864,one_and_done,West,2025-03-12
CUST001865,one_and_done,West,2024-09-29
CUST001866,lapsed,West,2025-06-25
CUST001867,lapsed,South,2026-01-23
CUST001868,occasional,South,2025-03-31
CUST001869,one_and_done,East,2025-04-07
CUST001870,lapsed,West,2025-05-07
CUST001871,occasional,West,2026-06-29
CUST001872,occasional,North,2025-03-24
CUST001873,whale,West,2026-07-18
CUST001874,whale,South,2024-11-05
CUST001875,lapsed,Central,2024-11-21
CUST001876,lapsed,West,2025-07-02
CUST001877,occasional,Central,2025-05-05
CUST001878,occasional,West,2026-06-14
CUST001879,one_and_done,East,2024-11-26
CUST001880,one_and_done,North,2026-01-23
CUST001881,one_and_done,South,2026-01-29
CUST001882,one_and_done,Central,2025-03-23
CUST001883,occasional,South,2024-10-12
CUST001884,one_and_done,North,2025-08-20
CUST001885,occasional,South,2025-08-10
CUST001886,occasional,East,2025-07-13
CUST001887,loyal,West,2026-01-09
CUST001888,loyal,Central,2025-06-09
CUST001889,lapsed,Central,2024-09-27
CUST001890,occasional,East,2025-11-06
CUST001891,occasional,East,2025-02-05
CUST001892,lapsed,Central,2025-02-05
CUST001893,one_and_done,North,2024-12-13
CUST001894,champion,East,2025-03-12
CUST001895,occasional,East,2024-10-24
CUST001896,loyal,West,2025-03-18
CUST001897,one_and_done,Central,2024-09-16
CUST001898,occasional,West,2025-03-18
CUST001899,loyal,West,2024-12-23
CUST001900,champion,West,2024-11-15
CUST001901,one_and_done,East,2024-09-11
CUST001902,champion,South,2025-06-10
CUST001903,lapsed,South,2025-03-21
CUST001904,loyal,West,2024-09-23
CUST001905,one_and_done,West,2025-11-07
CUST001906,occasional,South,2026-05-09
CUST001907,occasional,Central,2024-11-20
CUST001908,loyal,Central,2025-05-15
CUST001909,lapsed,West,2025-10-05
CUST001910,lapsed,South,2025-03-17
CUST001911,champion,Central,2026-07-09
CUST001912,loyal,South,2025-08-31
CUST001913,lapsed,East,2026-01-27
CUST001914,one_and_done,Central,2026-01-11
CUST001915,loyal,East,2024-09-21
CUST001916,occasional,South,2025-07-11
CUST001917,one_and_done,North,2026-04-24
CUST001918,one_and_done,South,2025-11-18
CUST001919,one_and_done,West,2026-02-12
CUST001920,whale,West,2024-11-02
CUST001921,occasional,South,2026-01-09
CUST001922,occasional,North,2025-11-24
CUST001923,occasional,West,2025-12-10
CUST001924,occasional,North,2026-03-31
CUST001925,occasional,North,2025-01-31
CUST001926,champion,East,2025-06-23
CUST001927,occasional,East,2025-09-29
CUST001928,one_and_done,South,2025-10-27
CUST001929,champion,South,2025-04-21
CUST001930,occasional,South,2026-05-25
CUST001931,one_and_done,South,2024-10-17
CUST001932,one_and_done,North,2025-07-01
CUST001933,lapsed,North,2026-02-22
CUST001934,lapsed,South,2025-07-20
CUST001935,one_and_done,North,2024-12-12
CUST001936,loyal,South,2026-04-01
CUST001937,occasional,East,2025-07-30
CUST001938,one_and_done,North,2025-06-08
CUST001939,occasional,West,2025-01-10
CUST001940,champion,West,2025-06-29
CUST001941,occasional,East,2025-03-03
CUST001942,occasional,West,2025-02-05
CUST001943,occasional,Central,2024-11-15
CUST001944,loyal,North,2025-11-20
CUST001945,lapsed,North,2025-03-26
CUST001946,lapsed,South,2026-02-07
CUST001947,occasional,West,2024-12-17
CUST001948,lapsed,Central,2024-10-04
CUST001949,champion,Central,2026-01-07
CUST001950,lapsed,East,2025-07-04
CUST001951,whale,East,2025-01-02
CUST001952,champion,East,2026-07-13
CUST001953,lapsed,North,2025-03-25
CUST001954,whale,East,2025-01-03
CUST001955,lapsed,East,2024-11-29
CUST001956,whale,South,2026-03-16
CUST001957,one_and_done,West,2025-02-16
CUST001958,loyal,Central,2025-01-27
CUST001959,lapsed,South,2026-07-30
CUST001960,one_and_done,Central,2025-03-25
CUST001961,one_and_done,North,2025-05-19
CUST001962,occasional,Central,2024-09-21
CUST001963,one_and_done,West,2026-07-01
CUST001964,loyal,South,2024-09-24
CUST001965,one_and_done,West,2025-06-27
CUST001966,loyal,South,2026-01-20
CUST001967,one_and_done,West,2025-11-02
CUST001968,lapsed,North,2025-02-10
CUST001969,occasional,South,2024-09-02
CUST001970,one_and_done,South,2025-12-22
CUST001971,occasional,North,2024-09-11
CUST001972,whale,South,2025-05-17
CUST001973,one_and_done,West,2026-03-19
CUST001974,occasional,West,2025-06-08
CUST001975,loyal,East,2025-01-16
CUST001976,occasional,North,2026-06-23
CUST001977,occasional,South,2026-06-06
CUST001978,lapsed,Central,2026-07-28
CUST001979,one_and_done,South,2025-06-27
CUST001980,occasional,North,2026-06-21
CUST001981,lapsed,East,2024-10-17
CUST001982,occasional,North,2026-05-03
CUST001983,lapsed,South,2026-06-11
CUST001984,occasional,Central,2026-02-01
CUST001985,one_and_done,South,2025-02-12
CUST001986,lapsed,West,2024-11-04
CUST001987,occasional,East,2026-02-06
CUST001988,one_and_done,South,2025-08-02
CUST001989,whale,West,2025-02-05
CUST001990,loyal,East,2025-01-20
CUST001991,loyal,South,2026-04-15
CUST001992,one_and_done,South,2024-12-22
CUST001993,occasional,Central,2024-12-01
CUST001994,loyal,North,2025-03-04
CUST001995,occasional,Central,2025-07-27
CUST001996,lapsed,East,2025-10-31
CUST001997,occasional,Central,2024-11-16
CUST001998,occasional,South,2024-12-04
CUST001999,lapsed,East,2025-08-03
CUST002000,one_and_done,West,2025-02-27
CUST002001,lapsed,South,2025-10-25
CUST002002,occasional,South,2025-02-26
CUST002003,whale,East,2026-05-30
CUST002004,one_and_done,West,2024-11-07
CUST002005,loyal,South,2025-08-05
CUST002006,lapsed,West,2025-06-07
CUST002007,occasional,West,2026-03-21
CUST002008,loyal,North,2025-07-26
CUST002009,loyal,Central,2026-07-29
CUST002010,one_and_done,North,2024-11-15
CUST002011,champion,West,2025-02-22
CUST002012,occasional,East,2025-09-16
CUST002013,loyal,West,2024-12-23
CUST002014,occasional,West,2025-01-09
CUST002015,occasional,West,2026-05-09
CUST002016,one_and_done,West,2026-06-24
CUST002017,occasional,Central,2026-02-04
CUST002018,champion,West,2026-07-31
CUST002019,one_and_done,Central,2025-06-25
CUST002020,occasional,East,2025-07-27
CUST002021,one_and_done,South,2025-07-20
CUST002022,loyal,South,2026-06-10
CUST002023,champion,West,2024-10-27
CUST002024,occasional,East,2024-09-16
CUST002025,occasional,North,2025-06-13
CUST002026,occasional,South,2026-07-28
CUST002027,lapsed,Central,2025-10-27
CUST002028,occasional,West,2025-03-16
CUST002029,one_and_done,West,2025-02-22
CUST002030,one_and_done,North,2026-02-11
CUST002031,champion,North,2025-01-02
CUST002032,one_and_done,South,2024-09-22
CUST002033,occasional,Central,2025-08-09
CUST002034,occasional,East,2025-11-06
CUST002035,loyal,West,2025-07-28
CUST002036,lapsed,East,2026-07-12
CUST002037,lapsed,East,2025-07-30
CUST002038,champion,West,2026-07-13
CUST002039,one_and_done,Central,2026-07-07
CUST002040,lapsed,East,2025-07-09
CUST002041,occasional,East,2025-08-08
CUST002042,lapsed,Central,2024-09-09
CUST002043,one_and_done,South,2025-08-10
CUST002044,lapsed,Central,2024-09-14
CUST002045,whale,East,2025-01-13
CUST002046,champion,Central,2025-12-07
CUST002047,occasional,East,2024-10-21
CUST002048,one_and_done,West,2025-08-28
CUST002049,loyal,South,2025-06-10
CUST002050,occasional,West,2026-05-22
CUST002051,whale,South,2026-03-05
CUST002052,champion,West,2025-07-31
CUST002053,occasional,West,2026-01-23
CUST002054,lapsed,East,2025-06-07
CUST002055,occasional,East,2026-06-06
CUST002056,occasional,South,2026-02-06
CUST002057,whale,West,2025-04-22
CUST002058,occasional,East,2025-05-29
CUST002059,loyal,East,2024-09-11
CUST002060,champion,North,2024-11-09
CUST002061,lapsed,North,2025-01-10
CUST002062,occasional,North,2026-07-31
CUST002063,one_and_done,Central,2025-06-05
CUST002064,loyal,Central,2026-02-21
CUST002065,occasional,North,2026-01-26
CUST002066,lapsed,North,2026-03-07
CUST002067,one_and_done,West,2025-09-15
CUST002068,whale,East,2026-05-06
CUST002069,occasional,South,2025-07-24
CUST002070,one_and_done,West,2026-04-06
CUST002071,lapsed,South,2025-08-15
CUST002072,occasional,North,2025-05-19
CUST002073,occasional,South,2026-03-28
CUST002074,lapsed,Central,2026-05-21
CUST002075,occasional,West,2025-01-13
CUST002076,one_and_done,North,2025-03-02
CUST002077,whale,East,2026-01-29
CUST002078,loyal,Central,2024-11-18
CUST002079,occasional,Central,2026-02-27
CUST002080,champion,West,2024-10-21
CUST002081,occasional,North,2026-05-13
CUST002082,occasional,South,2025-04-25
CUST002083,one_and_done,South,2026-07-18
CUST002084,loyal,North,2026-03-15
CUST002085,one_and_done,North,2025-10-21
CUST002086,occasional,South,2026-06-02
CUST002087,occasional,East,2025-09-15
CUST002088,occasional,South,2026-02-19
CUST002089,one_and_done,East,2026-05-23
CUST002090,occasional,South,2024-09-26
CUST002091,occasional,North,2024-09-12
CUST002092,lapsed,Central,2024-09-26
CUST002093,one_and_done,East,2026-04-15
CUST002094,occasional,South,2025-11-06
CUST002095,lapsed,Central,2025-12-14
CUST002096,occasional,Central,2025-12-15
CUST002097,champion,Central,2025-10-13
CUST002098,occasional,North,2025-08-08
CUST002099,loyal,West,2025-08-26
CUST002100,occasional,Central,2026-01-08
CUST002101,one_and_done,Central,2024-09-14
CUST002102,loyal,South,2024-09-14
CUST002103,lapsed,Central,2025-12-12
CUST002104,lapsed,East,2026-02-27
CUST002105,one_and_done,East,2025-07-24
CUST002106,one_and_done,East,2025-11-15
CUST002107,one_and_done,West,2024-09-08
CUST002108,whale,North,2025-10-04
CUST002109,occasional,East,2026-07-04
CUST002110,loyal,Central,2026-05-05
CUST002111,one_and_done,East,2026-06-09
CUST002112,one_and_done,South,2025-11-06
CUST002113,loyal,North,2025-12-22
CUST002114,one_and_done,East,2024-12-09
CUST002115,champion,West,2024-11-15
CUST002116,lapsed,East,2026-04-24
CUST002117,occasional,Central,2024-10-08
CUST002118,champion,West,2025-06-18
CUST002119,loyal,East,2025-12-29
CUST002120,occasional,North,2025-10-20
CUST002121,occasional,East,2025-09-26
CUST002122,champion,North,2026-04-03
CUST002123,occasional,West,2024-12-01
CUST002124,loyal,North,2026-07-23
CUST002125,occasional,Central,2026-06-13
CUST002126,occasional,South,2026-01-21
CUST002127,occasional,East,2026-04-22
CUST002128,occasional,North,2026-06-18
CUST002129,loyal,South,2025-11-05
CUST002130,champion,Central,2025-11-10
CUST002131,occasional,South,2026-05-05
CUST002132,lapsed,East,2025-01-10
CUST002133,whale,Central,2024-11-21
CUST002134,lapsed,West,2025-03-15
CUST002135,one_and_done,North,2025-07-31
CUST002136,one_and_done,South,2024-10-06
CUST002137,occasional,South,2025-11-28
CUST002138,lapsed,South,2025-10-06
CUST002139,lapsed,South,2026-07-21
CUST002140,lapsed,East,2025-03-23
CUST002141,lapsed,South,2026-05-28
CUST002142,occasional,South,2025-04-22
CUST002143,lapsed,East,2025-01-30
CUST002144,lapsed,South,2026-03-02
CUST002145,occasional,South,2025-05-29
CUST002146,lapsed,East,2025-12-31
CUST002147,loyal,Central,2025-10-26
CUST002148,whale,East,2025-07-26
CUST002149,lapsed,East,2026-02-07
CUST002150,loyal,Central,2025-01-20
CUST002151,one_and_done,West,2025-10-28
CUST002152,champion,South,2025-09-11
CUST002153,lapsed,South,2025-01-07
CUST002154,lapsed,East,2026-02-22
CUST002155,one_and_done,East,2025-09-18
CUST002156,lapsed,North,2024-09-04
CUST002157,loyal,North,2025-10-25
CUST002158,occasional,South,2026-05-12
CUST002159,occasional,Central,2026-01-13
CUST002160,champion,West,2024-09-30
CUST002161,occasional,Central,2025-02-15
CUST002162,occasional,North,2025-01-11
CUST002163,occasional,East,2026-02-04
CUST002164,occasional,East,2024-12-21
CUST002165,lapsed,East,2025-10-29
CUST002166,occasional,East,2025-01-21
CUST002167,lapsed,South,2024-11-22
CUST002168,occasional,North,2026-03-08
CUST002169,occasional,Central,2024-10-13
CUST002170,one_and_done,Central,2025-05-15
CUST002171,occasional,North,2025-03-07
CUST002172,occasional,East,2025-02-17
CUST002173,one_and_done,East,2026-04-05
CUST002174,loyal,West,2025-02-25
CUST002175,occasional,Central,2026-03-04
CUST002176,one_and_done,East,2026-01-22
CUST002177,occasional,West,2026-05-11
CUST002178,lapsed,Central,2026-03-27
CUST002179,occasional,Central,2024-09-14
CUST002180,whale,South,2025-12-14
CUST002181,lapsed,Central,2025-11-03
CUST002182,whale,East,2025-08-30
CUST002183,lapsed,North,2025-03-19
CUST002184,loyal,West,2025-06-25
CUST002185,one_and_done,Central,2025-07-21
CUST002186,loyal,South,2024-12-23
CUST002187,lapsed,East,2025-08-18
CUST002188,one_and_done,South,2025-02-08
CUST002189,occasional,North,2024-11-01
CUST002190,lapsed,Central,2025-04-14
CUST002191,loyal,North,2026-07-07
CUST002192,one_and_done,East,2026-01-28
CUST002193,one_and_done,North,2025-05-25
CUST002194,champion,West,2025-08-30
CUST002195,one_and_done,Central,2026-01-13
CUST002196,lapsed,West,2025-12-09
CUST002197,loyal,West,2026-06-07
CUST002198,one_and_done,Central,2026-02-17
CUST002199,occasional,Central,2025-01-30
CUST002200,one_and_done,Central,2026-07-24
CUST002201,loyal,South,2024-12-23
CUST002202,lapsed,East,2025-12-06
CUST002203,lapsed,Central,2025-01-12
CUST002204,loyal,South,2026-02-02
CUST002205,occasional,West,2024-12-28
CUST002206,one_and_done,North,2025-06-26
CUST002207,one_and_done,Central,2024-12-12
CUST002208,occasional,West,2026-06-18
CUST002209,loyal,West,2025-01-19
CUST002210,loyal,Central,2026-01-23
CUST002211,whale,South,2025-11-22
CUST002212,occasional,East,2026-06-30
CUST002213,lapsed,Central,2024-10-02
CUST002214,occasional,North,2025-05-09
CUST002215,lapsed,Central,2024-09-13
CUST002216,loyal,South,2025-06-29
CUST002217,loyal,East,2026-04-12
CUST002218,lapsed,East,2025-12-07
CUST002219,lapsed,West,2025-09-27
CUST002220,occasional,Central,2026-04-19
CUST002221,occasional,South,2024-10-17
CUST002222,occasional,North,2024-09-29
CUST002223,occasional,East,2025-07-02
CUST002224,loyal,West,2025-06-17
CUST002225,lapsed,West,2025-03-26
CUST002226,occasional,West,2025-04-12
CUST002227,one_and_done,South,2026-06-18
CUST002228,loyal,Central,2025-07-25
CUST002229,champion,North,2025-02-03
CUST002230,one_and_done,North,2025-01-13
CUST002231,occasional,North,2025-06-09
CUST002232,one_and_done,Central,2024-11-11
CUST002233,loyal,North,2025-06-16
CUST002234,lapsed,West,2025-11-06
CUST002235,one_and_done,Central,2025-09-25
CUST002236,lapsed,West,2025-04-04
CUST002237,loyal,Central,2024-11-18
CUST002238,occasional,North,2026-02-21
CUST002239,occasional,East,2026-01-07
CUST002240,one_and_done,East,2025-05-01
CUST002241,occasional,West,2025-02-12
CUST002242,loyal,West,2025-10-25
CUST002243,occasional,East,2025-05-07
CUST002244,occasional,South,2026-07-27
CUST002245,occasional,North,2026-01-08
CUST002246,loyal,East,2024-10-01
CUST002247,occasional,South,2025-06-23
CUST002248,one_and_done,East,2024-12-01
CUST002249,occasional,West,2026-03-01
CUST002250,occasional,East,2026-01-09
CUST002251,one_and_done,East,2024-09-17
CUST002252,lapsed,North,2024-09-01
CUST002253,occasional,West,2024-11-25
CUST002254,one_and_done,East,2025-12-22
CUST002255,whale,North,2025-01-16
CUST002256,one_and_done,South,2025-09-13
CUST002257,lapsed,West,2024-12-18
CUST002258,lapsed,Central,2024-12-13
CUST002259,champion,East,2025-09-30
CUST002260,occasional,Central,2025-12-30
CUST002261,one_and_done,North,2024-09-17
CUST002262,whale,South,2025-09-19
CUST002263,occasional,Central,2025-10-02
CUST002264,loyal,North,2025-04-22
CUST002265,one_and_done,West,2024-10-14
CUST002266,loyal,South,2026-05-01
CUST002267,lapsed,South,2024-09-10
CUST002268,one_and_done,East,2025-10-09
CUST002269,one_and_done,South,2026-07-14
CUST002270,lapsed,Central,2025-12-27
CUST002271,one_and_done,Central,2025-09-11
CUST002272,one_and_done,East,2025-04-14
CUST002273,lapsed,East,2025-06-30
CUST002274,lapsed,North,2026-04-27
CUST002275,lapsed,South,2025-08-24
CUST002276,champion,North,2026-02-19
CUST002277,one_and_done,Central,2026-01-24
CUST002278,occasional,South,2025-03-21
CUST002279,lapsed,South,2025-01-15
CUST002280,one_and_done,Central,2026-04-13
CUST002281,occasional,West,2025-06-05
CUST002282,loyal,West,2025-10-09
CUST002283,occasional,North,2025-12-08
CUST002284,one_and_done,East,2025-03-19
CUST002285,occasional,East,2026-02-07
CUST002286,loyal,South,2025-02-11
CUST002287,lapsed,West,2025-10-24
CUST002288,lapsed,Central,2026-05-26
CUST002289,loyal,South,2025-01-23
CUST002290,occasional,South,2024-12-12
CUST002291,whale,South,2025-07-02
CUST002292,one_and_done,Central,2025-03-12
CUST002293,one_and_done,North,2026-04-19
CUST002294,occasional,Central,2025-12-06
CUST002295,occasional,West,2025-11-29
CUST002296,champion,East,2025-02-12
CUST002297,one_and_done,East,2025-11-27
CUST002298,champion,Central,2025-03-09
CUST002299,champion,West,2025-12-29
CUST002300,one_and_done,South,2025-06-06
CUST002301,lapsed,North,2026-03-07
CUST002302,lapsed,West,2025-07-06
CUST002303,occasional,North,2026-06-05
CUST002304,occasional,North,2025-03-04
CUST002305,occasional,Central,2026-07-11
CUST002306,occasional,East,2024-08-31
CUST002307,one_and_done,West,2024-12-21
CUST002308,occasional,South,2025-06-22
CUST002309,one_and_done,North,2024-11-02
CUST002310,lapsed,North,2025-01-11
CUST002311,whale,South,2026-04-23
CUST002312,loyal,North,2025-02-26
CUST002313,occasional,East,2025-11-09
CUST002314,loyal,South,2024-12-09
CUST002315,occasional,East,2024-12-04
CUST002316,occasional,East,2024-10-01
CUST002317,loyal,South,2025-09-19
CUST002318,lapsed,East,2026-03-18
CUST002319,occasional,North,2026-05-05
CUST002320,lapsed,South,2026-04-07
CUST002321,champion,Central,2024-09-05
CUST002322,loyal,Central,2025-06-16
CUST002323,occasional,East,2025-11-27
CUST002324,loyal,Central,2025-09-20
CUST002325,occasional,East,2026-04-01
CUST002326,whale,North,2025-06-27
CUST002327,occasional,Central,2025-10-07
CUST002328,loyal,East,2025-01-19
CUST002329,one_and_done,West,2026-07-17
CUST002330,occasional,West,2024-10-17
CUST002331,one_and_done,South,2026-06-19
CUST002332,occasional,West,2025-10-12
CUST002333,lapsed,East,2025-12-05
CUST002334,loyal,South,2025-03-16
CUST002335,occasional,South,2025-04-27
CUST002336,one_and_done,West,2026-03-16
CUST002337,lapsed,South,2025-08-22
CUST002338,occasional,North,2025-07-22
CUST002339,one_and_done,Central,2025-09-10
CUST002340,loyal,South,2026-07-16
CUST002341,loyal,West,2026-03-29
CUST002342,loyal,West,2025-08-13
CUST002343,one_and_done,Central,2026-01-30
CUST002344,occasional,West,2025-07-15
CUST002345,one_and_done,West,2026-04-08
CUST002346,loyal,Central,2025-03-04
CUST002347,lapsed,Central,2026-03-22
CUST002348,lapsed,North,2025-05-03
CUST002349,loyal,West,2024-12-23
CUST002350,champion,North,2025-11-23
CUST002351,champion,Central,2026-04-25
CUST002352,lapsed,North,2026-07-27
CUST002353,occasional,South,2025-11-21
CUST002354,one_and_done,North,2026-05-12
CUST002355,occasional,West,2024-11-21
CUST002356,lapsed,North,2024-09-18
CUST002357,occasional,North,2024-09-13
CUST002358,one_and_done,East,2024-10-24
CUST002359,whale,Central,2025-06-16
CUST002360,loyal,East,2025-12-16
CUST002361,lapsed,East,2025-09-22
CUST002362,champion,West,2026-01-31
CUST002363,occasional,East,2024-12-20
CUST002364,lapsed,South,2025-09-29
CUST002365,one_and_done,East,2025-11-04
CUST002366,one_and_done,North,2025-04-05
CUST002367,occasional,South,2025-11-12
CUST002368,occasional,West,2025-11-24
CUST002369,occasional,South,2026-02-22
CUST002370,one_and_done,North,2026-06-14
CUST002371,occasional,North,2026-07-05
CUST002372,occasional,Central,2025-10-23
CUST002373,occasional,South,2024-09-03
CUST002374,occasional,North,2026-01-30
CUST002375,occasional,West,2025-05-09
CUST002376,loyal,East,2025-12-16
CUST002377,lapsed,East,2026-01-01
CUST002378,one_and_done,Central,2026-04-08
CUST002379,loyal,South,2025-07-02
CUST002380,one_and_done,East,2025-04-26
CUST002381,lapsed,West,2025-11-28
CUST002382,occasional,West,2025-07-28
CUST002383,loyal,South,2025-09-01
CUST002384,champion,West,2026-01-23
CUST002385,champion,West,2025-04-03
CUST002386,lapsed,North,2025-07-09
CUST002387,whale,North,2026-06-15
CUST002388,champion,West,2025-08-21
CUST002389,one_and_done,North,2025-11-01
CUST002390,loyal,Central,2025-01-20
CUST002391,one_and_done,North,2025-12-29
CUST002392,lapsed,Central,2024-09-30
CUST002393,occasional,West,2025-05-27
CUST002394,champion,East,2026-05-01
CUST002395,one_and_done,South,2025-10-22
CUST002396,whale,South,2024-11-20
CUST002397,occasional,West,2026-02-03
CUST002398,loyal,West,2025-03-25
CUST002399,loyal,South,2025-01-29
CUST002400,one_and_done,East,2025-04-03
CUST002401,one_and_done,Central,2026-05-29
CUST002402,lapsed,South,2025-11-11
CUST002403,lapsed,West,2025-11-30
CUST002404,lapsed,North,2025-12-03
CUST002405,lapsed,Central,2024-11-23
CUST002406,occasional,North,2026-07-28
CUST002407,one_and_done,South,2025-07-19
CUST002408,occasional,East,2024-09-12
CUST002409,occasional,South,2024-11-26
CUST002410,lapsed,North,2025-06-02
CUST002411,one_and_done,West,2024-09-01
CUST002412,whale,North,2025-10-23
CUST002413,occasional,Central,2025-05-30
CUST002414,one_and_done,North,2025-07-16
CUST002415,occasional,South,2026-06-28
CUST002416,loyal,Central,2026-07-03
CUST002417,occasional,North,2024-11-11
CUST002418,one_and_done,North,2026-04-01
CUST002419,loyal,West,2025-11-25
CUST002420,lapsed,North,2025-05-21
CUST002421,loyal,Central,2025-06-24
CUST002422,loyal,East,2025-08-06
CUST002423,lapsed,Central,2024-09-14
CUST002424,loyal,South,2025-01-27
CUST002425,lapsed,North,2024-10-10
CUST002426,one_and_done,Central,2025-04-26
CUST002427,loyal,West,2024-09-14
CUST002428,one_and_done,Central,2025-06-05
CUST002429,one_and_done,South,2025-07-17
CUST002430,lapsed,East,2025-01-07
CUST002431,lapsed,East,2024-11-30
CUST002432,one_and_done,East,2026-06-14
CUST002433,one_and_done,South,2024-11-01
CUST002434,occasional,South,2025-04-04
CUST002435,one_and_done,West,2024-11-10
CUST002436,whale,North,2025-03-18
CUST002437,one_and_done,South,2024-10-21
CUST002438,one_and_done,South,2026-01-20
CUST002439,occasional,North,2026-03-22
CUST002440,lapsed,North,2026-03-17
CUST002441,whale,East,2026-02-05
CUST002442,loyal,North,2026-03-04
CUST002443,occasional,South,2025-09-25
CUST002444,one_and_done,East,2026-03-15
CUST002445,occasional,Central,2026-04-12
CUST002446,one_and_done,North,2025-07-30
CUST002447,champion,East,2025-01-22
CUST002448,occasional,North,2026-04-28
CUST002449,one_and_done,East,2025-08-08
CUST002450,one_and_done,East,2025-04-26
CUST002451,one_and_done,West,2025-03-25
CUST002452,one_and_done,East,2026-05-19
CUST002453,one_and_done,Central,2025-03-05
CUST002454,lapsed,North,2026-07-13
CUST002455,one_and_done,North,2026-02-16
CUST002456,one_and_done,North,2025-12-20
CUST002457,one_and_done,South,2024-12-11
CUST002458,loyal,North,2026-03-19
CUST002459,occasional,North,2025-01-30
CUST002460,one_and_done,South,2024-09-07
CUST002461,lapsed,Central,2024-09-28
CUST002462,one_and_done,Central,2025-12-31
CUST002463,loyal,North,2026-05-26
CUST002464,one_and_done,Central,2026-02-26
CUST002465,occasional,South,2025-02-08
CUST002466,one_and_done,East,2026-03-16
CUST002467,lapsed,South,2025-05-06
CUST002468,one_and_done,East,2025-11-12
CUST002469,one_and_done,West,2025-02-10
CUST002470,occasional,West,2025-06-02
CUST002471,occasional,East,2025-06-17
CUST002472,lapsed,West,2025-01-30
CUST002473,one_and_done,West,2024-10-01
CUST002474,one_and_done,North,2025-11-18
CUST002475,occasional,South,2025-07-26
CUST002476,champion,North,2025-05-19
CUST002477,loyal,West,2025-01-01
CUST002478,loyal,East,2025-08-28
CUST002479,occasional,West,2025-11-11
CUST002480,lapsed,East,2024-12-16
CUST002481,one_and_done,South,2024-10-02
CUST002482,occasional,North,2025-06-28
CUST002483,loyal,Central,2026-05-20
CUST002484,occasional,South,2026-01-10
CUST002485,lapsed,North,2025-09-10
CUST002486,occasional,South,2025-03-26
CUST002487,lapsed,Central,2025-04-19
CUST002488,lapsed,South,2025-01-03
CUST002489,loyal,Central,2026-07-11
CUST002490,one_and_done,East,2025-09-09
CUST002491,whale,Central,2025-03-28
CUST002492,occasional,West,2024-09-08
CUST002493,champion,North,2026-04-23
CUST002494,lapsed,East,2024-11-23
CUST002495,lapsed,East,2026-07-26
CUST002496,one_and_done,South,2026-03-16
CUST002497,one_and_done,East,2024-12-16
CUST002498,occasional,North,2025-01-27
CUST002499,lapsed,West,2024-09-19
CUST002500,occasional,Central,2025-06-06
CUST002501,champion,North,2025-05-26
CUST002502,one_and_done,East,2025-07-22
CUST002503,whale,West,2025-08-07
CUST002504,lapsed,North,2025-08-06
CUST002505,occasional,South,2026-01-08
CUST002506,champion,South,2024-12-11
CUST002507,lapsed,North,2025-11-24
CUST002508,lapsed,Central,2025-05-30
CUST002509,one_and_done,East,2025-04-19
CUST002510,one_and_done,West,2025-07-20
CUST002511,occasional,East,2025-05-29
CUST002512,occasional,Central,2026-06-27
CUST002513,loyal,Central,2025-12-22
CUST002514,loyal,West,2025-09-21
CUST002515,occasional,South,2025-10-29
CUST002516,lapsed,East,2024-11-03
CUST002517,loyal,Central,2024-11-11
CUST002518,occasional,East,2025-03-20
CUST002519,one_and_done,East,2025-11-27
CUST002520,occasional,North,2026-06-26
CUST002521,loyal,Central,2025-02-18
CUST002522,one_and_done,West,2024-11-20
CUST002523,occasional,South,2025-08-23
CUST002524,one_and_done,East,2024-12-30
CUST002525,lapsed,East,2024-10-18
CUST002526,loyal,North,2025-07-14
CUST002527,lapsed,Central,2026-03-07
CUST002528,lapsed,Central,2026-07-16
CUST002529,lapsed,Central,2025-02-17
CUST002530,one_and_done,South,2025-07-03
CUST002531,one_and_done,South,2026-04-15
CUST002532,one_and_done,North,2026-06-23
CUST002533,one_and_done,West,2024-09-21
CUST002534,champion,South,2025-12-19
CUST002535,whale,Central,2025-12-15
CUST002536,one_and_done,Central,2025-05-17
CUST002537,lapsed,North,2025-11-18
CUST002538,occasional,Central,2024-10-30
CUST002539,champion,North,2025-04-11
CUST002540,one_and_done,East,2025-11-23
CUST002541,one_and_done,East,2026-01-26
CUST002542,occasional,Central,2024-12-06
CUST002543,occasional,West,2025-06-12
CUST002544,occasional,Central,2024-10-27
CUST002545,one_and_done,East,2025-12-02
CUST002546,occasional,Central,2026-07-17
CUST002547,whale,Central,2024-11-09
CUST002548,loyal,Central,2026-02-14
CUST002549,occasional,East,2024-12-17
CUST002550,occasional,South,2025-03-22
CUST002551,one_and_done,Central,2026-02-19
CUST002552,occasional,West,2025-02-17
CUST002553,one_and_done,Central,2026-06-04
CUST002554,whale,East,2025-10-30
CUST002555,occasional,Central,2025-11-24
CUST002556,one_and_done,West,2025-04-28
CUST002557,champion,West,2025-07-22
CUST002558,occasional,North,2025-05-29
CUST002559,occasional,East,2025-09-01
CUST002560,champion,West,2025-03-01
CUST002561,one_and_done,West,2026-04-10
CUST002562,one_and_done,Central,2025-03-15
CUST002563,one_and_done,South,2026-06-26
CUST002564,one_and_done,South,2026-06-01
CUST002565,one_and_done,Central,2025-03-12
CUST002566,occasional,Central,2026-04-12
CUST002567,champion,North,2025-02-07
CUST002568,loyal,South,2026-04-30
CUST002569,one_and_done,Central,2026-04-20
CUST002570,whale,North,2024-10-17
CUST002571,champion,West,2026-03-29
CUST002572,one_and_done,North,2024-10-30
CUST002573,lapsed,North,2025-11-30
CUST002574,lapsed,West,2025-01-19
CUST002575,one_and_done,West,2024-10-12
CUST002576,one_and_done,East,2026-05-11
CUST002577,one_and_done,Central,2025-12-12
CUST002578,lapsed,South,2025-06-25
CUST002579,loyal,East,2024-12-03
CUST002580,lapsed,West,2026-03-22
CUST002581,champion,West,2026-03-23
CUST002582,lapsed,South,2025-11-16
CUST002583,loyal,West,2026-03-10
CUST002584,loyal,East,2026-01-26
CUST002585,champion,East,2026-05-02
CUST002586,occasional,Central,2024-12-28
CUST002587,occasional,South,2025-01-20
CUST002588,loyal,West,2026-04-21
CUST002589,occasional,Central,2025-07-21
CUST002590,occasional,West,2025-05-05
CUST002591,lapsed,Central,2025-05-18
CUST002592,lapsed,East,2024-09-11
CUST002593,one_and_done,South,2025-05-09
CUST002594,loyal,Central,2025-04-07
CUST002595,occasional,West,2026-07-08
CUST002596,lapsed,South,2026-06-06
CUST002597,loyal,South,2025-05-24
CUST002598,occasional,South,2024-11-03
CUST002599,lapsed,Central,2025-10-25
CUST002600,whale,North,2025-05-07
CUST002601,occasional,West,2026-03-06
CUST002602,one_and_done,East,2025-09-15
CUST002603,occasional,North,2025-02-21
CUST002604,lapsed,West,2025-04-26
CUST002605,champion,West,2026-05-13
CUST002606,loyal,West,2024-11-23
CUST002607,one_and_done,East,2024-10-21
CUST002608,occasional,South,2025-09-01
CUST002609,one_and_done,North,2025-12-05
CUST002610,occasional,North,2025-07-25
CUST002611,lapsed,South,2025-01-17
CUST002612,lapsed,West,2025-09-18
CUST002613,occasional,North,2026-07-10
CUST002614,lapsed,Central,2026-06-11
CUST002615,occasional,East,2025-01-09
CUST002616,occasional,South,2025-01-27
CUST002617,loyal,Central,2025-02-06
CUST002618,lapsed,North,2026-05-04
CUST002619,lapsed,Central,2026-04-03
CUST002620,lapsed,South,2025-10-28
CUST002621,lapsed,South,2026-02-20
CUST002622,whale,East,2025-11-03
CUST002623,occasional,Central,2025-07-06
CUST002624,lapsed,South,2026-01-16
CUST002625,one_and_done,Central,2026-05-06
CUST002626,occasional,South,2025-10-23
CUST002627,one_and_done,South,2025-03-13
CUST002628,occasional,West,2025-05-25
CUST002629,occasional,West,2025-12-18
CUST002630,occasional,South,2025-12-26
CUST002631,loyal,North,2025-06-18
CUST002632,occasional,South,2026-04-02
CUST002633,lapsed,East,2024-12-25
CUST002634,one_and_done,North,2024-11-30
CUST002635,one_and_done,North,2026-07-14
CUST002636,occasional,Central,2024-09-20
CUST002637,occasional,North,2026-07-15
CUST002638,occasional,East,2025-09-13
CUST002639,lapsed,West,2025-04-20
CUST002640,loyal,South,2025-12-15
CUST002641,one_and_done,East,2026-03-11
CUST002642,lapsed,North,2026-06-28
CUST002643,one_and_done,West,2025-03-09
CUST002644,lapsed,West,2026-07-06
CUST002645,occasional,Central,2025-08-27
CUST002646,lapsed,Central,2025-10-29
CUST002647,one_and_done,South,2024-09-22
CUST002648,lapsed,North,2024-10-18
CUST002649,one_and_done,South,2025-01-05
CUST002650,lapsed,North,2025-03-07
CUST002651,whale,East,2025-07-16
CUST002652,occasional,North,2025-11-29
CUST002653,lapsed,Central,2026-04-06
CUST002654,one_and_done,West,2024-09-22
CUST002655,occasional,South,2025-11-04
CUST002656,lapsed,Central,2025-10-04
CUST002657,occasional,West,2026-04-24
CUST002658,one_and_done,East,2026-01-19
CUST002659,loyal,North,2025-05-13
CUST002660,occasional,South,2025-10-06
CUST002661,lapsed,East,2025-06-16
CUST002662,occasional,West,2026-03-05
CUST002663,occasional,South,2026-06-04
CUST002664,occasional,West,2024-11-19
CUST002665,occasional,South,2025-10-02
CUST002666,lapsed,South,2025-11-21
CUST002667,lapsed,East,2026-01-12
CUST002668,loyal,North,2025-04-27
CUST002669,one_and_done,East,2025-07-02
CUST002670,occasional,South,2025-11-01
CUST002671,one_and_done,South,2024-10-18
CUST002672,occasional,West,2024-11-07
CUST002673,occasional,South,2026-03-15
CUST002674,occasional,West,2025-05-08
CUST002675,one_and_done,West,2024-09-22
CUST002676,one_and_done,West,2025-08-24
CUST002677,occasional,South,2026-07-10
CUST002678,lapsed,Central,2026-04-30
CUST002679,one_and_done,South,2025-04-20
CUST002680,occasional,South,2024-11-07
CUST002681,lapsed,Central,2026-05-03
CUST002682,lapsed,South,2025-07-14
CUST002683,loyal,West,2025-08-18
CUST002684,one_and_done,North,2026-01-13
CUST002685,occasional,West,2025-05-15
CUST002686,one_and_done,Central,2024-11-24
CUST002687,occasional,West,2026-02-14
CUST002688,one_and_done,East,2026-06-23
CUST002689,occasional,Central,2025-11-22
CUST002690,one_and_done,South,2025-12-24
CUST002691,lapsed,South,2025-03-09
CUST002692,occasional,North,2025-07-21
CUST002693,lapsed,West,2026-07-19
CUST002694,whale,West,2025-12-06
CUST002695,lapsed,West,2025-03-04
CUST002696,loyal,West,2025-09-01
CUST002697,lapsed,North,2025-07-02
CUST002698,champion,West,2026-01-27
CUST002699,occasional,West,2025-12-20
CUST002700,lapsed,South,2026-05-01
CUST002701,one_and_done,East,2026-06-04
CUST002702,one_and_done,Central,2026-07-06
CUST002703,occasional,East,2025-05-20
CUST002704,lapsed,West,2026-04-12
CUST002705,one_and_done,East,2025-06-25
CUST002706,occasional,West,2024-10-02
CUST002707,lapsed,West,2025-03-30
CUST002708,occasional,West,2025-06-24
CUST002709,loyal,West,2026-05-11
CUST002710,one_and_done,Central,2025-08-23
CUST002711,whale,South,2024-11-15
CUST002712,occasional,Central,2025-11-04
CUST002713,occasional,West,2024-12-30
CUST002714,loyal,East,2025-03-23
CUST002715,lapsed,South,2026-01-26
CUST002716,occasional,East,2026-04-24
CUST002717,one_and_done,West,2026-07-20
CUST002718,whale,South,2026-01-19
CUST002719,champion,South,2025-12-10
CUST002720,one_and_done,Central,2025-04-28
CUST002721,one_and_done,East,2025-06-26
CUST002722,lapsed,West,2025-08-30
CUST002723,occasional,North,2025-03-12
CUST002724,occasional,North,2025-02-07
CUST002725,loyal,Central,2025-03-19
CUST002726,one_and_done,North,2024-11-11
CUST002727,lapsed,West,2025-11-22
CUST002728,loyal,Central,2025-01-01
CUST002729,occasional,East,2025-10-10
CUST002730,lapsed,Central,2026-03-25
CUST002731,champion,East,2026-04-20
CUST002732,occasional,Central,2026-05-28
CUST002733,one_and_done,South,2024-10-01
CUST002734,occasional,East,2026-04-04
CUST002735,occasional,South,2024-12-24
CUST002736,occasional,West,2025-01-29
CUST002737,loyal,North,2025-09-27
CUST002738,one_and_done,Central,2024-10-30
CUST002739,one_and_done,North,2024-11-03
CUST002740,one_and_done,South,2024-10-22
CUST002741,loyal,East,2025-08-18
CUST002742,lapsed,North,2026-01-04
CUST002743,loyal,East,2026-07-01
CUST002744,lapsed,Central,2024-12-20
CUST002745,occasional,Central,2024-11-27
CUST002746,lapsed,North,2025-07-21
CUST002747,occasional,East,2026-06-12
CUST002748,loyal,East,2025-01-02
CUST002749,occasional,North,2026-01-04
CUST002750,champion,West,2025-07-13
CUST002751,occasional,East,2025-04-26
CUST002752,one_and_done,West,2026-04-20
CUST002753,lapsed,South,2026-06-18
CUST002754,loyal,South,2026-06-06
CUST002755,lapsed,West,2024-09-28
CUST002756,lapsed,West,2024-09-29
CUST002757,lapsed,North,2025-10-06
CUST002758,one_and_done,South,2025-10-06
CUST002759,one_and_done,East,2025-10-20
CUST002760,one_and_done,Central,2025-11-28
CUST002761,one_and_done,South,2025-07-16
CUST002762,lapsed,South,2025-11-24
CUST002763,loyal,Central,2025-05-26
CUST002764,occasional,West,2025-11-08
CUST002765,loyal,Central,2025-05-17
CUST002766,lapsed,West,2024-10-08
CUST002767,occasional,Central,2026-03-09
CUST002768,one_and_done,North,2026-06-18
CUST002769,lapsed,South,2025-07-28
CUST002770,whale,South,2026-05-09
CUST002771,loyal,North,2026-02-20
CUST002772,lapsed,West,2025-01-25
CUST002773,lapsed,West,2025-10-12
CUST002774,champion,North,2025-07-12
CUST002775,lapsed,North,2025-02-03
CUST002776,occasional,North,2026-05-03
CUST002777,one_and_done,East,2025-08-30
CUST002778,one_and_done,East,2026-07-07
CUST002779,occasional,South,2025-08-16
CUST002780,loyal,Central,2026-02-25
CUST002781,loyal,South,2024-11-01
CUST002782,loyal,East,2026-01-30
CUST002783,one_and_done,East,2026-03-13
CUST002784,occasional,South,2026-07-22
CUST002785,occasional,Central,2026-04-29
CUST002786,one_and_done,Central,2026-03-02
CUST002787,one_and_done,North,2026-02-22
CUST002788,one_and_done,East,2025-03-02
CUST002789,lapsed,North,2024-11-17
CUST002790,occasional,East,2024-12-10
CUST002791,lapsed,West,2024-09-30
CUST002792,loyal,East,2024-11-10
CUST002793,one_and_done,South,2025-09-16
CUST002794,whale,South,2025-11-01
CUST002795,lapsed,South,2025-05-03
CUST002796,one_and_done,South,2025-12-20
CUST002797,one_and_done,South,2025-06-04
CUST002798,occasional,West,2024-08-31
CUST002799,one_and_done,North,2026-03-15
CUST002800,lapsed,North,2025-02-08
CUST002801,whale,East,2024-10-15
CUST002802,occasional,West,2025-07-20
CUST002803,loyal,South,2025-11-24
CUST002804,one_and_done,South,2026-02-03
CUST002805,loyal,West,2026-04-05
CUST002806,occasional,South,2025-12-19
CUST002807,occasional,West,2025-02-24
CUST002808,one_and_done,North,2025-08-05
CUST002809,loyal,North,2026-02-26
CUST002810,loyal,East,2025-07-17
CUST002811,champion,South,2025-01-11
CUST002812,lapsed,West,2026-07-22
CUST002813,one_and_done,East,2026-07-17
CUST002814,champion,South,2024-09-28
CUST002815,champion,North,2025-02-23
CUST002816,one_and_done,North,2025-06-24
CUST002817,occasional,West,2024-11-04
CUST002818,one_and_done,South,2025-06-14
CUST002819,occasional,East,2025-08-01
CUST002820,lapsed,Central,2026-03-05
CUST002821,occasional,Central,2025-01-10
CUST002822,one_and_done,South,2025-02-11
CUST002823,champion,North,2026-01-06
CUST002824,whale,West,2025-03-02
CUST002825,whale,West,2025-03-10
CUST002826,one_and_done,South,2026-05-26
CUST002827,occasional,East,2026-04-10
CUST002828,occasional,North,2025-06-10
CUST002829,lapsed,West,2025-05-21
CUST002830,one_and_done,West,2025-04-27
CUST002831,occasional,South,2025-11-12
CUST002832,occasional,East,2024-12-24
CUST002833,occasional,South,2025-09-23
CUST002834,lapsed,North,2026-03-09
CUST002835,one_and_done,North,2026-05-12
CUST002836,one_and_done,Central,2024-11-24
CUST002837,one_and_done,East,2025-03-23
CUST002838,occasional,North,2025-09-11
CUST002839,occasional,North,2026-03-07
CUST002840,champion,South,2026-05-25
CUST002841,lapsed,Central,2026-04-16
CUST002842,occasional,South,2026-05-19
CUST002843,occasional,Central,2025-07-26
CUST002844,occasional,East,2026-03-15
CUST002845,occasional,West,2026-05-03
CUST002846,one_and_done,West,2026-01-15
CUST002847,occasional,North,2025-03-29
CUST002848,loyal,North,2025-08-18
CUST002849,lapsed,Central,2026-04-15
CUST002850,occasional,Central,2025-02-22
CUST002851,occasional,North,2025-08-23
CUST002852,occasional,West,2026-03-23
CUST002853,lapsed,Central,2025-04-04
CUST002854,occasional,Central,2024-09-05
CUST002855,lapsed,South,2025-07-18
CUST002856,lapsed,Central,2026-04-09
CUST002857,one_and_done,West,2025-12-27
CUST002858,occasional,Central,2025-06-07
CUST002859,one_and_done,North,2024-08-31
CUST002860,occasional,West,2024-10-19
CUST002861,occasional,North,2024-10-16
CUST002862,one_and_done,South,2024-12-26
CUST002863,occasional,North,2025-06-24
CUST002864,loyal,East,2025-05-04
CUST002865,occasional,Central,2025-03-05
CUST002866,loyal,West,2025-03-18
CUST002867,occasional,South,2025-05-10
CUST002868,one_and_done,East,2026-04-29
CUST002869,lapsed,South,2024-11-23
CUST002870,champion,West,2026-07-25
CUST002871,one_and_done,South,2025-10-06
CUST002872,occasional,North,2025-10-01
CUST002873,champion,East,2024-09-02
CUST002874,occasional,Central,2026-05-30
CUST002875,loyal,East,2025-09-01
CUST002876,occasional,South,2025-11-23
CUST002877,occasional,North,2026-05-24
CUST002878,occasional,Central,2026-02-25
CUST002879,one_and_done,West,2025-10-09
CUST002880,champion,North,2024-10-28
CUST002881,loyal,North,2025-11-02
CUST002882,loyal,North,2024-11-22
CUST002883,one_and_done,South,2025-03-05
CUST002884,occasional,Central,2025-01-04
CUST002885,one_and_done,North,2024-12-11
CUST002886,occasional,Central,2025-03-19
CUST002887,champion,North,2025-03-05
CUST002888,lapsed,West,2026-04-15
CUST002889,loyal,South,2025-03-17
CUST002890,loyal,Central,2026-06-28
CUST002891,loyal,East,2025-03-02
CUST002892,whale,South,2025-04-30
CUST002893,one_and_done,South,2025-02-17
CUST002894,one_and_done,Central,2025-05-08
CUST002895,whale,East,2025-11-15
CUST002896,loyal,South,2025-11-15
CUST002897,whale,West,2025-06-09
CUST002898,occasional,East,2025-09-04
CUST002899,one_and_done,West,2025-12-05
CUST002900,occasional,East,2025-08-23
CUST002901,occasional,North,2025-07-21
CUST002902,lapsed,North,2026-02-14
CUST002903,loyal,North,2025-05-11
CUST002904,whale,East,2025-12-24
CUST002905,occasional,East,2026-01-25
CUST002906,one_and_done,West,2025-10-12
CUST002907,whale,Central,2026-05-20
CUST002908,champion,North,2025-06-04
CUST002909,lapsed,Central,2025-03-05
CUST002910,one_and_done,Central,2024-09-30
CUST002911,one_and_done,West,2026-01-14
CUST002912,loyal,East,2025-07-20
CUST002913,one_and_done,North,2025-08-13
CUST002914,one_and_done,North,2025-03-07
CUST002915,occasional,North,2025-05-20
CUST002916,loyal,West,2025-01-13
CUST002917,occasional,East,2024-12-13
CUST002918,lapsed,North,2026-05-13
CUST002919,champion,North,2025-11-25
CUST002920,one_and_done,North,2025-04-30
CUST002921,whale,West,2025-07-16
CUST002922,champion,West,2025-08-28
CUST002923,loyal,West,2026-04-01
CUST002924,one_and_done,North,2025-06-26
CUST002925,champion,North,2025-02-28
CUST002926,one_and_done,North,2026-07-05
CUST002927,one_and_done,West,2025-06-12
CUST002928,one_and_done,West,2024-11-04
CUST002929,occasional,South,2025-06-25
CUST002930,one_and_done,North,2024-10-03
CUST002931,one_and_done,South,2025-11-27
CUST002932,occasional,Central,2026-07-29
CUST002933,one_and_done,North,2025-04-10
CUST002934,lapsed,West,2026-03-05
CUST002935,one_and_done,East,2026-07-25
CUST002936,occasional,North,2026-03-27
CUST002937,occasional,Central,2024-10-16
CUST002938,loyal,East,2025-01-31
CUST002939,occasional,West,2026-01-20
CUST002940,champion,North,2025-06-08
CUST002941,whale,South,2025-12-06
CUST002942,occasional,West,2026-03-29
CUST002943,lapsed,West,2024-09-08
CUST002944,loyal,North,2025-01-08
CUST002945,occasional,West,2025-11-19
CUST002946,occasional,Central,2025-11-26
CUST002947,occasional,West,2025-01-07
CUST002948,lapsed,South,2025-09-12
CUST002949,whale,Central,2025-11-10
CUST002950,lapsed,West,2025-11-02
CUST002951,loyal,North,2025-09-22
CUST002952,lapsed,North,2025-08-01
CUST002953,loyal,Central,2026-07-03
CUST002954,lapsed,South,2025-08-29
CUST002955,one_and_done,North,2025-09-27
CUST002956,occasional,East,2026-01-20
CUST002957,loyal,East,2025-11-25
CUST002958,champion,East,2025-10-07
CUST002959,occasional,West,2025-11-17
CUST002960,lapsed,Central,2024-11-03
CUST002961,lapsed,West,2025-07-27
CUST002962,whale,North,2025-08-13
CUST002963,loyal,North,2026-01-28
CUST002964,one_and_done,North,2024-10-28
CUST002965,occasional,South,2026-07-15
CUST002966,one_and_done,South,2025-07-11
CUST002967,occasional,Central,2026-04-04
CUST002968,occasional,South,2025-02-08
CUST002969,one_and_done,North,2025-11-09
CUST002970,loyal,Central,2026-01-07
CUST002971,occasional,South,2026-06-21
CUST002972,one_and_done,Central,2025-01-24
CUST002973,loyal,West,2025-10-27
CUST002974,lapsed,Central,2026-01-27
CUST002975,one_and_done,Central,2024-12-17
CUST002976,lapsed,North,2026-07-18
CUST002977,one_and_done,West,2025-09-06
CUST002978,one_and_done,East,2026-04-10
CUST002979,one_and_done,West,2026-05-04
CUST002980,lapsed,West,2026-07-16
CUST002981,one_and_done,East,2026-03-23
CUST002982,occasional,South,2024-10-07
CUST002983,loyal,Central,2025-09-23
CUST002984,one_and_done,West,2024-08-31
CUST002985,loyal,Central,2026-01-25
CUST002986,occasional,South,2025-02-13
CUST002987,loyal,Central,2026-05-30
CUST002988,one_and_done,South,2026-05-17
CUST002989,loyal,East,2026-07-20
CUST002990,one_and_done,Central,2024-11-09
CUST002991,lapsed,South,2025-04-17
CUST002992,lapsed,South,2025-02-26
CUST002993,occasional,Central,2024-10-20
CUST002994,one_and_done,Central,2025-12-11
CUST002995,one_and_done,South,2025-03-13
CUST002996,occasional,South,2025-08-14
CUST002997,one_and_done,South,2025-07-17
CUST002998,occasional,North,2025-04-24
CUST002999,whale,East,2025-09-06
CUST003000,loyal,South,2026-07-15
CUST003001,lapsed,Central,2026-06-09
CUST003002,one_and_done,North,2025-08-14
CUST003003,occasional,West,2025-06-28
CUST003004,one_and_done,East,2025-03-06
CUST003005,loyal,West,2025-06-26
CUST003006,lapsed,North,2026-03-22
CUST003007,one_and_done,East,2025-11-17
CUST003008,loyal,West,2025-09-24
CUST003009,loyal,South,2024-09-11
CUST003010,lapsed,Central,2025-07-24
CUST003011,occasional,East,2025-05-13
CUST003012,lapsed,South,2025-03-04
CUST003013,lapsed,North,2025-11-20
CUST003014,one_and_done,North,2024-09-24
CUST003015,occasional,East,2025-04-15
CUST003016,one_and_done,East,2024-12-15
CUST003017,lapsed,Central,2025-02-22
CUST003018,loyal,West,2025-05-22
CUST003019,occasional,North,2026-07-10
CUST003020,occasional,East,2025-06-18
CUST003021,occasional,East,2026-05-02
CUST003022,one_and_done,North,2025-06-04
CUST003023,occasional,West,2025-03-28
CUST003024,one_and_done,East,2025-07-15
CUST003025,occasional,North,2025-12-28
CUST003026,loyal,East,2026-06-20
CUST003027,occasional,West,2025-04-18
CUST003028,lapsed,South,2025-03-30
CUST003029,one_and_done,South,2025-08-31
CUST003030,occasional,North,2025-03-17
CUST003031,lapsed,South,2025-02-01
CUST003032,loyal,Central,2025-08-07
CUST003033,occasional,West,2026-06-28
CUST003034,occasional,North,2024-11-29
CUST003035,whale,East,2025-09-08
CUST003036,one_and_done,North,2025-04-17
CUST003037,one_and_done,East,2024-11-01
CUST003038,champion,North,2025-11-20
CUST003039,loyal,West,2025-05-22
CUST003040,one_and_done,East,2026-07-18
CUST003041,occasional,West,2024-11-19
CUST003042,lapsed,East,2026-06-20
CUST003043,lapsed,South,2025-07-18
CUST003044,occasional,South,2025-11-27
CUST003045,one_and_done,South,2026-07-06
CUST003046,whale,East,2025-09-11
CUST003047,occasional,East,2024-10-15
CUST003048,one_and_done,West,2026-04-06
CUST003049,lapsed,North,2026-01-08
CUST003050,occasional,South,2026-03-21
CUST003051,lapsed,Central,2026-05-05
CUST003052,loyal,Central,2026-02-20
CUST003053,one_and_done,Central,2025-06-26
CUST003054,lapsed,South,2025-01-31
CUST003055,one_and_done,North,2025-04-04
CUST003056,occasional,North,2025-02-07
CUST003057,one_and_done,North,2025-03-18
CUST003058,loyal,Central,2025-11-05
CUST003059,occasional,Central,2024-11-08
CUST003060,occasional,Central,2026-04-02
CUST003061,one_and_done,West,2025-03-29
CUST003062,occasional,South,2026-05-15
CUST003063,occasional,East,2025-02-11
CUST003064,lapsed,Central,2026-06-01
CUST003065,occasional,Central,2026-03-02
CUST003066,occasional,East,2025-10-31
CUST003067,occasional,Central,2025-04-01
CUST003068,loyal,South,2026-06-30
CUST003069,one_and_done,East,2026-02-01
CUST003070,occasional,Central,2025-12-10
CUST003071,champion,South,2025-03-07
CUST003072,whale,West,2024-09-26
CUST003073,lapsed,East,2025-05-28
CUST003074,one_and_done,South,2025-08-10
CUST003075,lapsed,South,2025-12-08
CUST003076,lapsed,West,2025-01-02
CUST003077,occasional,East,2026-05-17
CUST003078,one_and_done,South,2026-05-02
CUST003079,one_and_done,West,2026-03-13
CUST003080,occasional,North,2026-01-25
CUST003081,occasional,North,2025-09-11
CUST003082,loyal,Central,2024-10-07
CUST003083,one_and_done,West,2025-05-02
CUST003084,lapsed,East,2025-11-05
CUST003085,lapsed,North,2026-03-05
CUST003086,occasional,East,2025-05-04
CUST003087,occasional,East,2026-02-04
CUST003088,occasional,East,2024-09-16
CUST003089,one_and_done,North,2025-08-31
CUST003090,lapsed,East,2025-07-11
CUST003091,lapsed,East,2024-11-06
CUST003092,lapsed,South,2025-12-30
CUST003093,lapsed,North,2025-09-04
CUST003094,whale,Central,2025-07-24
CUST003095,occasional,West,2026-01-23
CUST003096,champion,West,2026-06-23
CUST003097,loyal,West,2026-01-14
CUST003098,occasional,West,2026-05-14
CUST003099,occasional,North,2025-04-15
CUST003100,loyal,East,2026-07-26
CUST003101,whale,Central,2025-12-22
CUST003102,loyal,South,2024-11-20
CUST003103,whale,Central,2025-06-28
CUST003104,lapsed,North,2025-04-18
CUST003105,one_and_done,South,2025-04-20
CUST003106,one_and_done,South,2026-01-04
CUST003107,occasional,West,2025-05-15
CUST003108,one_and_done,North,2026-02-27
CUST003109,loyal,South,2025-05-13
CUST003110,lapsed,West,2025-04-09
CUST003111,occasional,South,2024-11-25
CUST003112,occasional,Central,2024-10-26
CUST003113,one_and_done,Central,2026-07-15
CUST003114,one_and_done,South,2026-01-03
CUST003115,occasional,East,2025-07-14
CUST003116,one_and_done,South,2025-12-18
CUST003117,loyal,South,2025-05-24
CUST003118,one_and_done,West,2024-12-11
CUST003119,occasional,South,2026-02-01
CUST003120,occasional,North,2024-11-13
CUST003121,loyal,South,2024-11-21
CUST003122,occasional,Central,2024-10-30
CUST003123,occasional,South,2026-06-10
CUST003124,occasional,South,2026-01-07
CUST003125,loyal,West,2026-05-06
CUST003126,loyal,North,2026-05-08
CUST003127,one_and_done,South,2026-06-24
CUST003128,loyal,North,2025-09-27
CUST003129,one_and_done,Central,2026-05-31
CUST003130,lapsed,Central,2026-01-05
CUST003131,occasional,West,2024-09-13
CUST003132,lapsed,South,2024-11-20
CUST003133,loyal,West,2024-10-14
CUST003134,champion,West,2026-07-06
CUST003135,one_and_done,Central,2025-04-25
CUST003136,lapsed,North,2025-05-14
CUST003137,lapsed,West,2026-04-30
CUST003138,champion,North,2024-11-04
CUST003139,lapsed,East,2025-10-21
CUST003140,occasional,Central,2024-09-16
CUST003141,occasional,North,2026-05-13
CUST003142,loyal,North,2025-05-02
CUST003143,whale,Central,2026-05-01
CUST003144,loyal,North,2024-10-05
CUST003145,lapsed,West,2025-06-01
CUST003146,one_and_done,East,2026-06-09
CUST003147,one_and_done,South,2026-03-03
CUST003148,one_and_done,Central,2025-11-22
CUST003149,lapsed,Central,2026-07-22
CUST003150,loyal,South,2026-07-25
CUST003151,champion,North,2024-10-22
CUST003152,one_and_done,North,2024-09-13
CUST003153,occasional,North,2025-07-21
CUST003154,loyal,Central,2024-11-07
CUST003155,loyal,East,2025-04-29
CUST003156,occasional,West,2026-07-12
CUST003157,loyal,South,2025-03-18
CUST003158,champion,Central,2026-07-19
CUST003159,lapsed,West,2025-01-06
CUST003160,occasional,West,2025-11-17
CUST003161,whale,East,2026-04-24
CUST003162,whale,West,2026-02-01
CUST003163,loyal,East,2025-04-09
CUST003164,one_and_done,South,2024-12-16
CUST003165,one_and_done,East,2025-06-27
CUST003166,one_and_done,South,2026-04-10
CUST003167,loyal,Central,2024-11-08
CUST003168,loyal,West,2025-01-24
CUST003169,loyal,West,2025-10-18
CUST003170,one_and_done,West,2025-07-08
CUST003171,whale,East,2024-09-25
CUST003172,one_and_done,Central,2025-11-09
CUST003173,one_and_done,South,2026-07-13
CUST003174,whale,East,2026-04-20
CUST003175,one_and_done,North,2025-06-06
CUST003176,champion,South,2024-09-01
CUST003177,lapsed,East,2025-03-01
CUST003178,occasional,East,2025-05-25
CUST003179,champion,Central,2025-12-17
CUST003180,one_and_done,West,2025-09-27
CUST003181,lapsed,East,2026-07-05
CUST003182,occasional,East,2025-11-14
CUST003183,occasional,West,2025-05-21
CUST003184,loyal,West,2024-11-04
CUST003185,champion,South,2024-10-24
CUST003186,loyal,East,2025-01-03
CUST003187,one_and_done,East,2026-07-16
CUST003188,lapsed,North,2025-01-10
CUST003189,loyal,Central,2026-02-28
CUST003190,occasional,East,2025-05-26
CUST003191,loyal,South,2024-10-07
CUST003192,champion,West,2024-11-17
CUST003193,one_and_done,West,2025-04-22
CUST003194,one_and_done,Central,2026-01-03
CUST003195,one_and_done,North,2025-08-01
CUST003196,occasional,East,2025-03-26
CUST003197,one_and_done,North,2025-08-06
CUST003198,loyal,East,2025-10-21
CUST003199,loyal,East,2025-10-23
CUST003200,lapsed,East,2025-06-07
CUST003201,lapsed,Central,2026-07-06
CUST003202,lapsed,East,2024-09-01
CUST003203,lapsed,East,2026-05-21
CUST003204,one_and_done,North,2024-09-10
CUST003205,lapsed,South,2026-07-07
CUST003206,occasional,Central,2025-08-07
CUST003207,champion,East,2025-10-12
CUST003208,loyal,Central,2025-06-25
CUST003209,loyal,East,2025-10-01
CUST003210,loyal,East,2024-11-10
CUST003211,occasional,East,2026-07-20
CUST003212,one_and_done,East,2024-09-10
CUST003213,lapsed,North,2025-04-05
CUST003214,one_and_done,North,2025-02-01
CUST003215,loyal,East,2026-04-25
CUST003216,one_and_done,East,2026-06-16
CUST003217,occasional,East,2025-10-27
CUST003218,champion,East,2025-12-18
CUST003219,occasional,South,2025-01-29
CUST003220,occasional,West,2024-11-11
CUST003221,occasional,West,2025-10-05
CUST003222,lapsed,North,2025-02-09
CUST003223,lapsed,East,2026-06-20
CUST003224,one_and_done,West,2025-02-27
CUST003225,loyal,West,2026-05-23
CUST003226,lapsed,South,2025-04-20
CUST003227,one_and_done,Central,2025-11-06
CUST003228,loyal,West,2025-10-14
CUST003229,one_and_done,East,2026-01-19
CUST003230,occasional,West,2025-10-22
CUST003231,occasional,Central,2024-11-26
CUST003232,loyal,South,2025-01-11
CUST003233,one_and_done,North,2025-12-05
CUST003234,loyal,East,2026-01-07
CUST003235,loyal,North,2025-08-09
CUST003236,loyal,Central,2025-04-08
CUST003237,whale,Central,2026-03-26
CUST003238,occasional,West,2025-03-10
CUST003239,occasional,Central,2024-10-05
CUST003240,occasional,North,2024-12-17
CUST003241,lapsed,West,2025-07-13
CUST003242,one_and_done,East,2025-12-20
CUST003243,lapsed,South,2025-12-17
CUST003244,occasional,South,2025-02-27
CUST003245,loyal,East,2025-09-16
CUST003246,one_and_done,West,2026-05-18
CUST003247,occasional,North,2025-04-13
CUST003248,lapsed,West,2026-04-26
CUST003249,lapsed,Central,2024-09-09
CUST003250,occasional,North,2025-10-12
CUST003251,whale,Central,2025-12-04
CUST003252,one_and_done,West,2026-06-23
CUST003253,occasional,South,2026-04-05
CUST003254,occasional,West,2024-10-06
CUST003255,champion,West,2025-07-21
CUST003256,lapsed,West,2024-11-07
CUST003257,loyal,North,2024-09-30
CUST003258,occasional,North,2026-06-27
CUST003259,one_and_done,West,2025-11-07
CUST003260,champion,South,2024-12-22
CUST003261,loyal,South,2025-08-19
CUST003262,one_and_done,East,2025-08-09
CUST003263,loyal,West,2025-06-27
CUST003264,occasional,North,2025-03-27
CUST003265,occasional,Central,2024-10-12
CUST003266,occasional,East,2024-11-18
CUST003267,loyal,North,2025-05-20
CUST003268,lapsed,North,2025-06-23
CUST003269,whale,Central,2025-11-21
CUST003270,loyal,North,2026-05-11
CUST003271,whale,East,2025-03-22
CUST003272,one_and_done,West,2026-07-30
CUST003273,one_and_done,East,2025-03-30
CUST003274,one_and_done,South,2025-08-18
CUST003275,one_and_done,North,2025-01-27
CUST003276,lapsed,West,2024-10-05
CUST003277,occasional,East,2025-07-09
CUST003278,one_and_done,North,2025-06-26
CUST003279,occasional,North,2025-08-24
CUST003280,loyal,East,2025-11-12
CUST003281,one_and_done,North,2026-05-30
CUST003282,champion,South,2026-07-10
CUST003283,occasional,North,2025-03-12
CUST003284,loyal,West,2024-10-29
CUST003285,loyal,West,2026-06-24
CUST003286,one_and_done,West,2025-12-14
CUST003287,one_and_done,North,2025-06-01
CUST003288,occasional,South,2025-03-25
CUST003289,loyal,South,2025-03-04
CUST003290,occasional,West,2025-04-02
CUST003291,occasional,Central,2026-06-03
CUST003292,one_and_done,South,2026-02-04
CUST003293,one_and_done,West,2025-09-06
CUST003294,occasional,East,2026-06-17
CUST003295,occasional,Central,2025-12-03
CUST003296,whale,North,2025-11-04
CUST003297,lapsed,Central,2024-09-15
CUST003298,occasional,East,2025-12-22
CUST003299,occasional,South,2024-09-20
CUST003300,champion,North,2025-03-28
CUST003301,lapsed,Central,2025-04-03
CUST003302,occasional,Central,2025-01-04
CUST003303,occasional,North,2024-12-19
CUST003304,whale,East,2026-02-26
CUST003305,one_and_done,West,2025-10-10
CUST003306,champion,East,2025-07-27
CUST003307,loyal,North,2024-09-16
CUST003308,champion,South,2026-07-03
CUST003309,one_and_done,South,2025-09-01
CUST003310,loyal,South,2026-03-04
CUST003311,lapsed,Central,2026-03-09
CUST003312,lapsed,South,2025-02-13
CUST003313,one_and_done,West,2026-03-12
CUST003314,one_and_done,Central,2025-01-22
CUST003315,occasional,West,2024-09-04
CUST003316,loyal,West,2025-02-03
CUST003317,one_and_done,North,2026-04-04
CUST003318,loyal,North,2026-04-23
CUST003319,loyal,West,2025-09-29
CUST003320,occasional,West,2025-07-11
CUST003321,champion,West,2025-02-02
CUST003322,occasional,East,2025-10-09
CUST003323,one_and_done,East,2026-04-06
CUST003324,lapsed,North,2024-09-05
CUST003325,one_and_done,South,2024-11-05
CUST003326,lapsed,East,2025-04-30
CUST003327,occasional,North,2025-04-01
CUST003328,lapsed,North,2024-10-15
CUST003329,one_and_done,North,2025-09-02
CUST003330,occasional,South,2026-04-21
CUST003331,lapsed,Central,2025-06-02
CUST003332,occasional,West,2025-09-19
CUST003333,champion,Central,2025-01-18
CUST003334,occasional,South,2025-02-06
CUST003335,occasional,East,2025-09-04
CUST003336,occasional,Central,2025-11-16
CUST003337,one_and_done,South,2025-10-09
CUST003338,lapsed,West,2025-05-15
CUST003339,occasional,West,2025-05-12
CUST003340,one_and_done,Central,2025-08-07
CUST003341,occasional,Central,2025-07-24
CUST003342,lapsed,West,2024-09-05
CUST003343,loyal,East,2026-02-04
CUST003344,loyal,Central,2026-04-01
CUST003345,one_and_done,West,2025-01-18
CUST003346,one_and_done,South,2024-10-15
CUST003347,lapsed,West,2025-05-31
CUST003348,one_and_done,East,2025-10-23
CUST003349,lapsed,South,2025-11-30
CUST003350,occasional,East,2025-09-07
CUST003351,champion,West,2026-06-25
CUST003352,loyal,Central,2025-07-26
CUST003353,champion,East,2026-01-24
CUST003354,occasional,North,2026-01-27
CUST003355,occasional,Central,2025-07-04
CUST003356,occasional,East,2024-09-25
CUST003357,one_and_done,South,2026-03-09
CUST003358,occasional,West,2024-10-31
CUST003359,one_and_done,South,2025-08-02
CUST003360,one_and_done,South,2024-09-18
CUST003361,occasional,Central,2025-11-06
CUST003362,occasional,Central,2024-09-02
CUST003363,one_and_done,East,2025-04-26
CUST003364,one_and_done,South,2025-04-19
CUST003365,occasional,Central,2025-07-02
CUST003366,occasional,North,2025-09-18
CUST003367,one_and_done,West,2025-07-29
CUST003368,one_and_done,East,2024-12-13
CUST003369,loyal,Central,2025-01-23
CUST003370,occasional,East,2026-07-15
CUST003371,lapsed,Central,2025-04-01
CUST003372,champion,North,2024-12-24
CUST003373,lapsed,West,2025-02-26
CUST003374,loyal,North,2025-08-17
CUST003375,one_and_done,West,2025-12-09
CUST003376,occasional,North,2025-04-16
CUST003377,champion,Central,2025-04-23
CUST003378,lapsed,West,2025-11-12
CUST003379,occasional,North,2025-10-20
CUST003380,whale,Central,2025-11-15
CUST003381,occasional,South,2026-06-30
CUST003382,lapsed,East,2026-07-09
CUST003383,lapsed,North,2026-06-03
CUST003384,one_and_done,North,2025-10-08
CUST003385,occasional,South,2025-08-08
CUST003386,one_and_done,East,2025-10-19
CUST003387,one_and_done,East,2024-10-01
CUST003388,lapsed,Central,2026-02-24
CUST003389,occasional,North,2025-10-29
CUST003390,occasional,West,2026-02-08
CUST003391,loyal,North,2026-01-03
CUST003392,one_and_done,South,2025-06-18
CUST003393,whale,North,2025-12-27
CUST003394,champion,North,2025-12-21
CUST003395,one_and_done,East,2025-04-18
CUST003396,lapsed,Central,2024-12-27
CUST003397,loyal,West,2026-03-05
CUST003398,loyal,Central,2026-05-15
CUST003399,one_and_done,East,2026-02-14
CUST003400,one_and_done,North,2025-06-22
CUST003401,loyal,South,2024-09-28
CUST003402,lapsed,Central,2026-04-10
CUST003403,one_and_done,North,2026-07-02
CUST003404,lapsed,North,2025-07-27
CUST003405,lapsed,Central,2024-09-06
CUST003406,lapsed,North,2025-07-10
CUST003407,one_and_done,Central,2024-10-22
CUST003408,occasional,West,2025-05-08
CUST003409,one_and_done,West,2026-07-09
CUST003410,loyal,East,2025-10-05
CUST003411,one_and_done,North,2025-02-07
CUST003412,loyal,East,2025-08-09
CUST003413,one_and_done,Central,2026-03-17
CUST003414,champion,Central,2026-03-27
CUST003415,occasional,East,2025-04-23
CUST003416,occasional,Central,2025-09-10
CUST003417,one_and_done,West,2025-06-25
CUST003418,lapsed,North,2025-11-12
CUST003419,champion,West,2025-12-06
CUST003420,lapsed,West,2025-04-21
CUST003421,lapsed,East,2026-07-26
CUST003422,occasional,West,2025-09-30
CUST003423,one_and_done,Central,2025-11-14
CUST003424,occasional,East,2025-02-01
CUST003425,loyal,South,2025-03-09
CUST003426,one_and_done,Central,2025-10-06
CUST003427,loyal,Central,2026-01-29
CUST003428,lapsed,West,2026-02-16
CUST003429,lapsed,West,2026-03-06
CUST003430,lapsed,North,2026-01-21
CUST003431,one_and_done,East,2025-02-14
CUST003432,one_and_done,North,2026-06-30
CUST003433,whale,East,2026-07-13
CUST003434,occasional,Central,2025-07-19
CUST003435,loyal,South,2026-02-25
CUST003436,one_and_done,Central,2024-12-27
CUST003437,occasional,North,2025-02-20
CUST003438,occasional,North,2025-02-08
CUST003439,champion,Central,2025-09-15
CUST003440,one_and_done,North,2025-09-28
CUST003441,occasional,West,2025-10-07
CUST003442,loyal,West,2026-03-16
CUST003443,champion,South,2025-06-29
CUST003444,occasional,North,2024-12-04
CUST003445,lapsed,South,2026-02-02
CUST003446,occasional,North,2026-06-22
CUST003447,one_and_done,West,2025-07-01
CUST003448,lapsed,Central,2025-10-25
CUST003449,occasional,Central,2025-01-19
CUST003450,lapsed,Central,2024-12-09
CUST003451,one_and_done,West,2024-10-04
CUST003452,one_and_done,Central,2025-10-29
CUST003453,champion,West,2024-11-07
CUST003454,champion,West,2026-05-10
CUST003455,whale,Central,2025-11-13
CUST003456,lapsed,South,2026-01-26
CUST003457,lapsed,East,2024-10-23
CUST003458,lapsed,Central,2025-06-06
CUST003459,champion,South,2025-11-17
CUST003460,lapsed,South,2026-04-16
CUST003461,occasional,North,2025-01-29
CUST003462,lapsed,South,2025-04-29
CUST003463,champion,East,2024-12-11
CUST003464,occasional,Central,2025-09-28
CUST003465,lapsed,North,2026-04-18
CUST003466,lapsed,West,2025-12-09
CUST003467,one_and_done,West,2025-05-23
CUST003468,occasional,Central,2026-02-13
CUST003469,occasional,West,2026-06-12
CUST003470,whale,North,2025-01-01
CUST003471,occasional,East,2025-07-25
CUST003472,occasional,Central,2025-10-27
CUST003473,one_and_done,Central,2025-07-10
CUST003474,occasional,West,2025-03-02
CUST003475,one_and_done,Central,2026-07-31
CUST003476,occasional,West,2025-09-26
CUST003477,lapsed,North,2026-02-04
CUST003478,lapsed,Central,2026-05-28
CUST003479,lapsed,North,2026-07-06
CUST003480,one_and_done,South,2025-09-26
CUST003481,occasional,South,2025-07-16
CUST003482,one_and_done,West,2025-08-10
CUST003483,lapsed,North,2025-01-29
CUST003484,one_and_done,West,2025-09-14
CUST003485,one_and_done,Central,2025-06-14
CUST003486,one_and_done,West,2025-01-06
CUST003487,one_and_done,South,2025-04-27
CUST003488,one_and_done,Central,2024-11-01
CUST003489,occasional,South,2026-02-26
CUST003490,occasional,West,2025-01-27
CUST003491,one_and_done,East,2025-03-31
CUST003492,champion,North,2025-06-19
CUST003493,lapsed,North,2026-07-29
CUST003494,one_and_done,North,2025-07-17
CUST003495,loyal,Central,2024-12-08
CUST003496,lapsed,Central,2025-05-06
CUST003497,one_and_done,East,2026-07-28
CUST003498,lapsed,Central,2026-01-11
CUST003499,occasional,North,2025-06-28
CUST003500,lapsed,Central,2025-01-09
CUST003501,occasional,South,2025-09-23
CUST003502,one_and_done,North,2024-12-09
CUST003503,champion,West,2025-01-20
CUST003504,one_and_done,South,2026-01-25
CUST003505,one_and_done,South,2026-03-17
CUST003506,one_and_done,West,2024-11-07
CUST003507,occasional,South,2025-06-14
CUST003508,lapsed,West,2024-12-14
CUST003509,one_and_done,North,2024-10-24
CUST003510,occasional,North,2025-10-07
CUST003511,whale,South,2026-06-29
CUST003512,one_and_done,West,2024-11-02
CUST003513,whale,South,2025-06-18
CUST003514,whale,North,2026-05-08
CUST003515,lapsed,West,2025-07-26
CUST003516,lapsed,East,2026-07-12
CUST003517,one_and_done,East,2026-01-10
CUST003518,loyal,South,2025-11-30
CUST003519,one_and_done,North,2025-09-16
CUST003520,lapsed,North,2025-07-01
CUST003521,one_and_done,West,2024-12-21
CUST003522,lapsed,North,2025-11-27
CUST003523,loyal,South,2025-03-04
CUST003524,occasional,Central,2024-10-10
CUST003525,one_and_done,South,2025-02-23
CUST003526,occasional,West,2026-02-03
CUST003527,loyal,South,2025-04-13
CUST003528,loyal,Central,2026-01-16
CUST003529,lapsed,Central,2025-08-31
CUST003530,occasional,East,2025-05-13
CUST003531,champion,West,2026-01-07
CUST003532,champion,East,2026-07-29
CUST003533,occasional,Central,2024-12-22
CUST003534,loyal,South,2025-03-09
CUST003535,one_and_done,Central,2026-05-06
CUST003536,lapsed,West,2025-11-09
CUST003537,occasional,West,2026-01-29
CUST003538,one_and_done,South,2024-09-15
CUST003539,loyal,Central,2024-10-10
CUST003540,occasional,West,2025-04-04
CUST003541,lapsed,Central,2025-09-26
CUST003542,one_and_done,Central,2026-06-25
CUST003543,lapsed,North,2026-02-09
CUST003544,occasional,Central,2026-05-28
CUST003545,occasional,Central,2025-01-25
CUST003546,occasional,South,2026-05-31
CUST003547,occasional,Central,2025-04-13
CUST003548,whale,East,2024-10-03
CUST003549,loyal,South,2025-12-28
CUST003550,lapsed,South,2025-04-09
CUST003551,lapsed,South,2024-11-23
CUST003552,one_and_done,North,2025-10-05
CUST003553,occasional,West,2025-09-20
CUST003554,one_and_done,West,2026-03-13
CUST003555,occasional,West,2025-10-05
CUST003556,lapsed,East,2024-11-27
CUST003557,occasional,South,2025-04-23
CUST003558,lapsed,West,2026-03-12
CUST003559,one_and_done,Central,2025-07-28
CUST003560,one_and_done,North,2025-03-24
CUST003561,one_and_done,South,2026-06-07
CUST003562,one_and_done,Central,2025-02-12
CUST003563,lapsed,Central,2026-03-13
CUST003564,loyal,Central,2026-01-06
CUST003565,whale,North,2025-10-13
CUST003566,lapsed,East,2025-08-12
CUST003567,lapsed,North,2024-10-28
CUST003568,occasional,Central,2026-02-25
CUST003569,lapsed,East,2026-02-02
CUST003570,occasional,South,2025-11-08
CUST003571,lapsed,North,2024-12-08
CUST003572,loyal,West,2024-09-24
CUST003573,occasional,Central,2025-09-16
CUST003574,occasional,Central,2025-04-02
CUST003575,occasional,Central,2024-10-27
CUST003576,occasional,Central,2024-12-16
CUST003577,lapsed,West,2025-04-11
CUST003578,occasional,Central,2025-07-18
CUST003579,one_and_done,Central,2024-09-10
CUST003580,loyal,East,2026-02-14
CUST003581,lapsed,West,2025-11-20
CUST003582,lapsed,Central,2025-03-19
CUST003583,occasional,North,2026-07-17
CUST003584,one_and_done,West,2025-08-15
CUST003585,lapsed,South,2024-12-10
CUST003586,lapsed,North,2026-03-30
CUST003587,occasional,North,2025-01-15
CUST003588,occasional,North,2025-10-16
CUST003589,lapsed,Central,2024-12-06
CUST003590,occasional,West,2025-05-13
CUST003591,lapsed,North,2026-04-12
CUST003592,occasional,West,2025-03-04
CUST003593,lapsed,West,2026-06-22
CUST003594,loyal,East,2026-02-11
CUST003595,champion,West,2024-11-17
CUST003596,whale,Central,2024-11-25
CUST003597,lapsed,East,2026-06-29
CUST003598,lapsed,West,2025-11-08
CUST003599,whale,East,2026-05-27
CUST003600,occasional,South,2026-01-23
CUST003601,occasional,Central,2024-09-22
CUST003602,loyal,East,2026-03-17
CUST003603,one_and_done,West,2025-05-08
CUST003604,occasional,West,2025-01-15
CUST003605,lapsed,West,2024-11-22
CUST003606,champion,West,2025-11-26
CUST003607,loyal,West,2025-03-31
CUST003608,occasional,East,2025-08-27
CUST003609,loyal,West,2026-05-17
CUST003610,occasional,East,2026-02-26
CUST003611,one_and_done,South,2025-02-23
CUST003612,occasional,West,2025-04-07
CUST003613,one_and_done,Central,2025-08-01
CUST003614,lapsed,West,2025-01-31
CUST003615,one_and_done,West,2025-04-04
CUST003616,one_and_done,Central,2025-12-06
CUST003617,occasional,South,2026-01-07
CUST003618,loyal,North,2024-10-08
CUST003619,occasional,South,2024-09-19
CUST003620,whale,West,2026-07-10
CUST003621,one_and_done,Central,2025-01-24
CUST003622,occasional,East,2026-04-29
CUST003623,occasional,West,2024-12-06
CUST003624,lapsed,North,2025-06-14
CUST003625,one_and_done,West,2025-04-06
CUST003626,one_and_done,West,2025-03-28
CUST003627,lapsed,East,2025-06-03
CUST003628,one_and_done,West,2026-02-06
CUST003629,one_and_done,East,2025-01-12
CUST003630,loyal,East,2025-07-09
CUST003631,loyal,West,2025-07-15
CUST003632,whale,West,2025-12-21
CUST003633,one_and_done,South,2026-07-24
CUST003634,occasional,South,2025-07-09
CUST003635,one_and_done,East,2025-12-02
CUST003636,loyal,South,2025-04-26
CUST003637,lapsed,South,2025-11-18
CUST003638,occasional,South,2024-09-19
CUST003639,lapsed,South,2025-04-11
CUST003640,one_and_done,East,2025-09-16
CUST003641,occasional,East,2025-03-23
CUST003642,champion,West,2025-05-04
CUST003643,lapsed,South,2025-05-23
CUST003644,loyal,Central,2025-06-22
CUST003645,champion,East,2024-10-17
CUST003646,lapsed,West,2025-12-21
CUST003647,occasional,North,2025-10-02
CUST003648,occasional,North,2026-02-04
CUST003649,occasional,East,2025-06-28
CUST003650,lapsed,South,2024-09-08
CUST003651,occasional,East,2025-06-01
CUST003652,occasional,North,2026-03-09
CUST003653,occasional,East,2024-10-24
CUST003654,occasional,West,2025-01-24
CUST003655,occasional,West,2025-09-26
CUST003656,loyal,South,2026-04-20
CUST003657,loyal,South,2025-10-23
CUST003658,occasional,East,2025-01-14
CUST003659,lapsed,East,2025-06-23
CUST003660,champion,West,2026-03-23
CUST003661,occasional,South,2026-04-12
CUST003662,lapsed,West,2024-09-22
CUST003663,lapsed,Central,2025-09-21
CUST003664,one_and_done,South,2025-04-07
CUST003665,occasional,Central,2025-11-21
CUST003666,occasional,South,2026-05-29
CUST003667,occasional,South,2025-10-16
CUST003668,loyal,West,2025-04-02
CUST003669,occasional,West,2025-12-10
CUST003670,one_and_done,East,2025-06-04
CUST003671,occasional,South,2025-09-28
CUST003672,one_and_done,North,2025-12-07
CUST003673,occasional,Central,2026-02-03
CUST003674,occasional,Central,2026-01-30
CUST003675,lapsed,Central,2026-02-03
CUST003676,lapsed,East,2025-03-15
CUST003677,occasional,Central,2025-12-07
CUST003678,one_and_done,East,2025-02-28
CUST003679,occasional,North,2025-12-26
CUST003680,champion,North,2025-12-14
CUST003681,one_and_done,South,2024-10-23
CUST003682,loyal,South,2024-11-25
CUST003683,occasional,Central,2025-10-24
CUST003684,occasional,South,2026-01-24
CUST003685,loyal,West,2025-03-18
CUST003686,loyal,South,2026-06-13
CUST003687,occasional,West,2025-09-15
CUST003688,whale,East,2025-06-07
CUST003689,one_and_done,North,2025-04-14
CUST003690,occasional,East,2026-05-18
CUST003691,champion,North,2026-07-29
CUST003692,one_and_done,Central,2026-01-19
CUST003693,loyal,West,2026-05-09
CUST003694,one_and_done,Central,2025-08-10
CUST003695,lapsed,Central,2024-10-26
CUST003696,occasional,South,2026-01-12
CUST003697,occasional,West,2025-09-17
CUST003698,champion,North,2026-03-03
CUST003699,champion,Central,2026-07-01
CUST003700,occasional,West,2025-03-26
CUST003701,lapsed,West,2026-02-02
CUST003702,occasional,Central,2025-07-14
CUST003703,one_and_done,Central,2025-04-09
CUST003704,one_and_done,Central,2024-12-21
CUST003705,loyal,North,2026-03-24
CUST003706,loyal,North,2025-06-20
CUST003707,occasional,Central,2024-11-01
CUST003708,one_and_done,South,2025-08-27
CUST003709,occasional,East,2026-07-03
CUST003710,one_and_done,North,2026-01-30
CUST003711,lapsed,West,2025-01-21
CUST003712,lapsed,Central,2025-01-23
CUST003713,whale,Central,2025-12-23
CUST003714,lapsed,East,2026-03-16
CUST003715,lapsed,West,2026-01-08
CUST003716,lapsed,East,2026-02-12
CUST003717,one_and_done,East,2025-02-28
CUST003718,lapsed,East,2024-12-19
CUST003719,lapsed,Central,2026-06-29
CUST003720,occasional,South,2025-02-28
CUST003721,one_and_done,East,2025-02-20
CUST003722,one_and_done,West,2025-05-28
CUST003723,lapsed,East,2024-11-29
CUST003724,occasional,North,2026-07-04
CUST003725,lapsed,South,2025-03-29
CUST003726,lapsed,West,2026-05-03
CUST003727,whale,West,2024-11-11
CUST003728,occasional,West,2025-08-16
CUST003729,one_and_done,Central,2026-05-29
CUST003730,lapsed,West,2025-02-24
CUST003731,lapsed,East,2025-02-22
CUST003732,lapsed,South,2025-09-10
CUST003733,one_and_done,South,2025-12-26
CUST003734,one_and_done,Central,2026-07-19
CUST003735,loyal,East,2024-11-03
CUST003736,whale,West,2026-03-25
CUST003737,occasional,North,2024-12-19
CUST003738,one_and_done,North,2025-06-14
CUST003739,lapsed,South,2025-04-08
CUST003740,occasional,North,2025-04-02
CUST003741,occasional,West,2024-12-08
CUST003742,loyal,West,2026-07-08
CUST003743,lapsed,East,2024-09-06
CUST003744,one_and_done,South,2026-07-01
CUST003745,loyal,East,2024-08-31
CUST003746,one_and_done,North,2026-01-30
CUST003747,occasional,East,2024-12-16
CUST003748,lapsed,North,2026-06-03
CUST003749,occasional,North,2025-09-12
CUST003750,occasional,North,2025-07-17
CUST003751,loyal,North,2024-10-01
CUST003752,one_and_done,East,2026-05-06
CUST003753,occasional,East,2026-07-06
CUST003754,lapsed,West,2025-05-04
CUST003755,occasional,East,2026-06-27
CUST003756,occasional,North,2025-02-02
CUST003757,occasional,North,2026-07-05
CUST003758,occasional,West,2024-09-20
CUST003759,lapsed,Central,2025-07-24
CUST003760,loyal,South,2024-10-06
CUST003761,whale,South,2026-05-04
CUST003762,occasional,South,2026-01-21
CUST003763,loyal,South,2025-09-16
CUST003764,occasional,South,2026-07-11
CUST003765,champion,East,2026-05-20
CUST003766,lapsed,West,2025-12-13
CUST003767,one_and_done,West,2025-03-03
CUST003768,occasional,Central,2025-03-23
CUST003769,one_and_done,South,2026-06-01
CUST003770,one_and_done,East,2026-06-20
CUST003771,lapsed,South,2025-04-28
CUST003772,whale,North,2025-11-22
CUST003773,one_and_done,South,2025-01-23
CUST003774,lapsed,South,2026-01-04
CUST003775,lapsed,East,2025-11-20
CUST003776,occasional,North,2026-02-28
CUST003777,one_and_done,West,2026-01-26
CUST003778,loyal,Central,2025-03-24
CUST003779,lapsed,Central,2025-09-05
CUST003780,whale,North,2025-04-26
CUST003781,loyal,North,2026-06-06
CUST003782,lapsed,Central,2025-07-22
CUST003783,lapsed,Central,2025-09-13
CUST003784,occasional,East,2024-11-01
CUST003785,one_and_done,South,2025-10-08
CUST003786,lapsed,East,2026-05-20
CUST003787,whale,East,2025-03-30
CUST003788,loyal,Central,2026-04-18
CUST003789,occasional,East,2024-11-02
CUST003790,one_and_done,North,2025-11-05
CUST003791,occasional,West,2025-01-28
CUST003792,occasional,West,2025-04-28
CUST003793,champion,South,2025-09-09
CUST003794,loyal,North,2025-06-18
CUST003795,one_and_done,North,2026-03-26
CUST003796,one_and_done,Central,2026-06-10
CUST003797,one_and_done,East,2025-02-10
CUST003798,lapsed,East,2024-09-29
CUST003799,occasional,Central,2024-12-05
CUST003800,occasional,North,2025-12-30
CUST003801,champion,South,2025-11-23
CUST003802,occasional,Central,2025-11-22
CUST003803,occasional,East,2025-03-27
CUST003804,loyal,North,2025-05-21
CUST003805,champion,West,2025-01-20
CUST003806,loyal,North,2024-10-08
CUST003807,one_and_done,West,2025-10-30
CUST003808,one_and_done,West,2025-04-24
CUST003809,lapsed,Central,2025-08-15
CUST003810,lapsed,East,2024-10-01
CUST003811,one_and_done,South,2025-11-26
CUST003812,loyal,Central,2026-03-22
CUST003813,one_and_done,East,2025-11-08
CUST003814,loyal,West,2025-05-24
CUST003815,occasional,North,2024-10-02
CUST003816,occasional,West,2024-12-28
CUST003817,occasional,East,2026-07-19
CUST003818,occasional,South,2025-08-09
CUST003819,one_and_done,West,2026-04-11
CUST003820,lapsed,North,2025-11-20
CUST003821,lapsed,West,2024-10-09
CUST003822,one_and_done,Central,2024-09-10
CUST003823,one_and_done,East,2026-04-15
CUST003824,champion,North,2026-04-24
CUST003825,one_and_done,East,2025-03-31
CUST003826,one_and_done,East,2025-10-17
CUST003827,occasional,East,2025-10-02
CUST003828,occasional,South,2024-11-27
CUST003829,lapsed,West,2024-10-25
CUST003830,one_and_done,South,2024-11-08
CUST003831,occasional,East,2025-01-29
CUST003832,one_and_done,East,2024-09-13
CUST003833,occasional,West,2025-03-15
CUST003834,occasional,West,2024-11-19
CUST003835,occasional,Central,2025-07-18
CUST003836,occasional,West,2026-06-26
CUST003837,one_and_done,West,2025-01-06
CUST003838,champion,Central,2024-10-19
CUST003839,lapsed,South,2025-12-25
CUST003840,occasional,South,2025-10-05
CUST003841,one_and_done,East,2025-06-26
CUST003842,one_and_done,East,2025-05-01
CUST003843,one_and_done,West,2025-04-15
CUST003844,one_and_done,North,2025-10-29
CUST003845,whale,North,2024-12-10
CUST003846,one_and_done,West,2025-01-08
CUST003847,one_and_done,Central,2024-10-10
CUST003848,one_and_done,South,2025-06-23
CUST003849,occasional,South,2026-06-07
CUST003850,occasional,East,2024-12-17
CUST003851,occasional,East,2026-06-06
CUST003852,occasional,North,2026-03-18
CUST003853,occasional,East,2026-01-13
CUST003854,occasional,Central,2026-03-24
CUST003855,one_and_done,West,2025-03-12
CUST003856,occasional,Central,2025-09-26
CUST003857,lapsed,West,2026-02-28
CUST003858,occasional,Central,2026-07-28
CUST003859,one_and_done,South,2026-03-02
CUST003860,loyal,North,2025-04-03
CUST003861,occasional,North,2025-01-21
CUST003862,champion,Central,2026-01-05
CUST003863,one_and_done,West,2026-06-10
CUST003864,occasional,South,2025-07-06
CUST003865,lapsed,Central,2025-01-29
CUST003866,occasional,South,2026-06-12
CUST003867,one_and_done,East,2025-01-21
CUST003868,occasional,South,2026-04-03
CUST003869,one_and_done,North,2026-02-01
CUST003870,occasional,South,2025-05-21
CUST003871,occasional,South,2026-06-26
CUST003872,occasional,East,2025-12-30
CUST003873,loyal,North,2026-04-25
CUST003874,loyal,South,2026-03-03
CUST003875,whale,East,2025-02-05
CUST003876,occasional,South,2026-02-21
CUST003877,champion,West,2026-07-01
CUST003878,whale,West,2026-03-03
CUST003879,champion,Central,2026-06-01
CUST003880,occasional,Central,2025-05-22
CUST003881,one_and_done,South,2024-09-19
CUST003882,lapsed,West,2026-04-05
CUST003883,one_and_done,West,2025-03-08
CUST003884,occasional,East,2025-11-20
CUST003885,whale,West,2026-06-11
CUST003886,champion,North,2025-04-06
CUST003887,whale,South,2026-03-07
CUST003888,lapsed,Central,2025-08-06
CUST003889,lapsed,Central,2025-08-11
CUST003890,occasional,North,2025-06-08
CUST003891,loyal,East,2026-04-28
CUST003892,one_and_done,South,2026-02-06
CUST003893,one_and_done,North,2025-03-02
CUST003894,one_and_done,North,2024-10-17
CUST003895,lapsed,East,2026-07-23
CUST003896,one_and_done,West,2025-10-15
CUST003897,occasional,East,2024-11-22
CUST003898,occasional,South,2026-01-12
CUST003899,loyal,West,2025-09-21
CUST003900,loyal,West,2024-11-05
CUST003901,loyal,Central,2024-09-21
CUST003902,lapsed,South,2025-04-29
CUST003903,one_and_done,South,2025-04-02
CUST003904,one_and_done,East,2025-05-28
CUST003905,occasional,East,2026-01-14
CUST003906,one_and_done,East,2024-11-18
CUST003907,lapsed,Central,2026-07-08
CUST003908,lapsed,North,2026-06-21
CUST003909,one_and_done,East,2025-06-05
CUST003910,lapsed,East,2024-12-22
CUST003911,one_and_done,South,2025-01-08
CUST003912,occasional,West,2025-04-13
CUST003913,lapsed,Central,2025-11-10
CUST003914,occasional,East,2025-11-22
CUST003915,occasional,North,2025-10-07
CUST003916,occasional,North,2026-02-02
CUST003917,one_and_done,East,2025-10-11
CUST003918,one_and_done,West,2026-05-19
CUST003919,one_and_done,South,2025-12-20
CUST003920,occasional,South,2024-10-11
CUST003921,occasional,Central,2025-03-24
CUST003922,lapsed,North,2026-04-23
CUST003923,occasional,North,2026-01-12
CUST003924,lapsed,North,2026-01-31
CUST003925,occasional,Central,2026-01-15
CUST003926,one_and_done,East,2025-04-04
CUST003927,one_and_done,North,2024-11-12
CUST003928,lapsed,South,2025-03-21
CUST003929,loyal,Central,2025-08-24
CUST003930,lapsed,West,2026-04-10
CUST003931,one_and_done,South,2026-04-22
CUST003932,one_and_done,South,2025-01-08
CUST003933,one_and_done,North,2025-04-13
CUST003934,champion,West,2025-08-08
CUST003935,occasional,North,2025-06-22
CUST003936,occasional,South,2024-12-15
CUST003937,occasional,South,2025-01-08
CUST003938,one_and_done,West,2026-05-31
CUST003939,occasional,West,2025-10-28
CUST003940,loyal,West,2026-07-02
CUST003941,loyal,South,2025-11-04
CUST003942,loyal,South,2025-05-12
CUST003943,loyal,South,2026-03-08
CUST003944,one_and_done,North,2026-04-17
CUST003945,loyal,West,2025-08-22
CUST003946,lapsed,East,2025-07-29
CUST003947,occasional,East,2025-03-19
CUST003948,loyal,Central,2026-07-22
CUST003949,lapsed,North,2026-02-08
CUST003950,occasional,Central,2025-02-01
CUST003951,occasional,West,2025-04-10
CUST003952,whale,South,2024-11-09
CUST003953,lapsed,West,2025-01-07
CUST003954,one_and_done,West,2024-12-21
CUST003955,loyal,South,2025-08-08
CUST003956,one_and_done,South,2024-09-29
CUST003957,whale,Central,2025-10-13
CUST003958,lapsed,North,2024-11-06
CUST003959,loyal,North,2025-10-30
CUST003960,occasional,West,2025-09-24
CUST003961,occasional,Central,2025-04-08
CUST003962,loyal,East,2025-10-26
CUST003963,one_and_done,North,2026-04-20
CUST003964,occasional,East,2024-11-11
CUST003965,occasional,South,2025-09-17
CUST003966,loyal,Central,2024-10-21
CUST003967,occasional,West,2025-10-25
CUST003968,loyal,South,2024-09-19
CUST003969,occasional,West,2025-06-04
CUST003970,loyal,West,2025-02-09
CUST003971,whale,West,2025-02-18
CUST003972,loyal,South,2026-03-12
CUST003973,one_and_done,East,2025-01-07
CUST003974,loyal,North,2024-10-08
CUST003975,loyal,East,2025-04-25
CUST003976,occasional,South,2024-10-07
CUST003977,champion,East,2024-12-16
CUST003978,loyal,Central,2025-04-21
CUST003979,occasional,Central,2025-08-31
CUST003980,one_and_done,East,2024-12-08
CUST003981,loyal,West,2026-03-24
CUST003982,occasional,North,2025-07-04
CUST003983,one_and_done,East,2025-01-06
CUST003984,occasional,West,2024-10-09
CUST003985,occasional,West,2026-01-26
CUST003986,loyal,Central,2026-05-27
CUST003987,occasional,East,2025-12-10
CUST003988,occasional,Central,2024-12-04
CUST003989,whale,Central,2025-07-30
CUST003990,whale,East,2026-06-23
CUST003991,whale,North,2026-05-09
CUST003992,occasional,South,2025-12-06
CUST003993,loyal,West,2025-12-04
CUST003994,occasional,East,2026-04-28
CUST003995,occasional,Central,2025-08-20
CUST003996,champion,Central,2025-08-30
CUST003997,loyal,North,2026-03-14
CUST003998,occasional,Central,2026-02-19
CUST003999,occasional,South,2025-04-22
CUST004000,loyal,Central,2024-10-03
CUST004001,ghost,North,2026-08-03
CUST004002,ghost,South,2026-07-21
CUST004003,ghost,North,2026-08-10
CUST004004,ghost,East,2026-08-05
CUST004005,ghost,South,2026-08-01
CUST004006,ghost,North,2026-07-07
CUST004007,ghost,East,2026-07-06
CUST004008,ghost,North,2026-08-12
CUST004009,ghost,Central,2026-08-15
CUST004010,ghost,West,2026-08-06
CUST004011,ghost,South,2026-08-18
CUST004012,ghost,West,2026-07-27
CUST004013,ghost,Central,2026-07-29
CUST004014,ghost,West,2026-08-02
CUST004015,ghost,North,2026-08-02
CUST004016,ghost,East,2026-07-10
CUST004017,ghost,North,2026-08-21
CUST004018,ghost,West,2026-07-15
CUST004019,ghost,West,2026-07-26
CUST004020,ghost,North,2026-07-14
CUST004021,ghost,West,2026-07-27
CUST004022,ghost,South,2026-07-15
CUST004023,ghost,North,2026-07-25
CUST004024,ghost,South,2026-07-18
CUST004025,ghost,Central,2026-08-05
CUST004026,ghost,South,2026-07-08
CUST004027,ghost,North,2026-08-12
CUST004028,ghost,North,2026-07-18
CUST004029,ghost,Central,2026-08-10
CUST004030,ghost,West,2026-07-14
CUST004031,ghost,North,2026-07-11
CUST004032,ghost,West,2026-08-19
CUST004033,ghost,North,2026-07-24
CUST004034,ghost,West,2026-07-29
CUST004035,ghost,Central,2026-08-06
CUST004036,ghost,West,2026-08-13
CUST004037,ghost,North,2026-07-24
CUST004038,ghost,South,2026-07-12
CUST004039,ghost,East,2026-08-09
CUST004040,ghost,North,2026-08-10
CUST004041,ghost,Central,2026-07-10
CUST004042,ghost,West,2026-07-16
CUST004043,ghost,North,2026-07-18
CUST004044,ghost,West,2026-07-26
CUST004045,ghost,West,2026-08-24
CUST004046,ghost,North,2026-08-21
CUST004047,ghost,East,2026-08-26
CUST004048,ghost,South,2026-08-11
CUST004049,ghost,South,2026-08-28
CUST004050,ghost,Central,2026-08-02
CUST004051,ghost,North,2026-08-28
CUST004052,ghost,East,2026-07-02
CUST004053,ghost,South,2026-07-31
CUST004054,ghost,South,2026-08-29
CUST004055,ghost,East,2026-08-19
CUST004056,ghost,East,2026-08-18
CUST004057,ghost,South,2026-07-21
CUST004058,ghost,East,2026-07-15
CUST004059,ghost,West,2026-08-01
CUST004060,ghost,North,2026-07-18
CUST004061,ghost,East,2026-08-24
CUST004062,ghost,East,2026-08-11
CUST004063,ghost,South,2026-08-29
CUST004064,ghost,East,2026-08-05
CUST004065,ghost,Central,2026-08-27
CUST004066,ghost,West,2026-07-14
CUST004067,ghost,East,2026-07-29
CUST004068,ghost,West,2026-07-16
CUST004069,ghost,Central,2026-07-26
CUST004070,ghost,North,2026-08-27
CUST004071,ghost,East,2026-08-09
CUST004072,ghost,North,2026-08-29
CUST004073,ghost,Central,2026-08-25
CUST004074,ghost,West,2026-07-05
CUST004075,ghost,Central,2026-07-05
CUST004076,ghost,East,2026-08-22
CUST004077,ghost,East,2026-08-06
CUST004078,ghost,North,2026-08-12
CUST004079,ghost,West,2026-08-04
CUST004080,ghost,Central,2026-07-25
CUST004081,ghost,North,2026-08-07
CUST004082,ghost,South,2026-07-13
CUST004083,ghost,East,2026-08-26
CUST004084,ghost,East,2026-07-26
CUST004085,ghost,East,2026-07-19
CUST004086,ghost,North,2026-07-28
CUST004087,ghost,East,2026-07-21
CUST004088,ghost,East,2026-07-24
CUST004089,ghost,North,2026-08-20
CUST004090,ghost,West,2026-07-14
CUST004091,ghost,Central,2026-08-14
CUST004092,ghost,North,2026-08-19
CUST004093,ghost,North,2026-07-28
CUST004094,ghost,East,2026-07-23
CUST004095,ghost,West,2026-08-07
CUST004096,ghost,North,2026-08-26
CUST004097,ghost,Central,2026-07-02
CUST004098,ghost,East,2026-07-13
CUST004099,ghost,North,2026-07-31
CUST004100,ghost,East,2026-08-09
CUST004101,ghost,East,2026-07-08
CUST004102,ghost,South,2026-08-09
CUST004103,ghost,East,2026-08-17
CUST004104,ghost,South,2026-08-15
CUST004105,ghost,Central,2026-07-28
CUST004106,ghost,South,2026-07-16
CUST004107,ghost,Central,2026-08-11
CUST004108,ghost,Central,2026-08-18
CUST004109,ghost,East,2026-07-05
CUST004110,ghost,North,2026-08-24
CUST004111,ghost,Central,2026-07-28
CUST004112,ghost,East,2026-08-19
CUST004113,ghost,South,2026-07-22
CUST004114,ghost,North,2026-08-07
CUST004115,ghost,South,2026-08-25
CUST004116,ghost,West,2026-08-20
CUST004117,ghost,East,2026-08-01
CUST004118,ghost,North,2026-08-21
CUST004119,ghost,West,2026-07-26
CUST004120,ghost,South,2026-07-13
CUST004121,ghost,North,2026-08-12
CUST004122,ghost,West,2026-07-05
CUST004123,ghost,West,2026-07-17
CUST004124,ghost,Central,2026-08-24
CUST004125,ghost,North,2026-08-02
CUST004126,ghost,South,2026-07-28
CUST004127,ghost,South,2026-07-27
CUST004128,ghost,East,2026-08-02
CUST004129,ghost,Central,2026-08-08
CUST004130,ghost,North,2026-07-27
CUST004131,ghost,West,2026-07-21
CUST004132,ghost,East,2026-07-10
CUST004133,ghost,East,2026-08-23
CUST004134,ghost,Central,2026-08-21
CUST004135,ghost,West,2026-07-31
CUST004136,ghost,North,2026-08-04
CUST004137,ghost,East,2026-07-08
CUST004138,ghost,West,2026-07-27
CUST004139,ghost,North,2026-08-16
CUST004140,ghost,East,2026-07-10
CUST004141,ghost,East,2026-07-09
CUST004142,ghost,North,2026-08-27
CUST004143,ghost,Central,2026-07-08
CUST004144,ghost,South,2026-08-08
CUST004145,ghost,South,2026-08-16
CUST004146,ghost,North,2026-08-23
CUST004147,ghost,North,2026-08-25
CUST004148,ghost,North,2026-08-26
CUST004149,ghost,West,2026-07-15
CUST004150,ghost,South,2026-07-07
