customer_id,recency,frequency,monetary,first_order,last_order,reference_date,r_score,f_score,m_score,rfm_score,segment,recommended_action
CUST000001,525.0,4,175.22,2024-09-08,2025-03-24,2026-08-31,1,3,3,7,At Risk,Reach out personally; time-boxed discount to prevent churn.
CUST000002,155.0,2,132.39000000000001,2026-01-01,2026-03-29,2026-08-31,3,2,3,8,Promising,Nurture with targeted content; small incentive to drive a second order.
CUST000003,301.0,1,73.48,2025-11-03,2025-11-03,2026-08-31,2,1,2,5,About To Sleep,Re-engagement email with personalised recommendations before they go cold.
CUST000004,134.0,1,17.29,2026-04-19,2026-04-19,2026-08-31,3,1,1,5,Promising,Nurture with targeted content; small incentive to drive a second order.
CUST000005,60.0,12,1033.8500000000001,2024-09-15,2026-07-02,2026-08-31,4,5,5,14,Champions,Reward with early access / loyalty perks; ask for referrals & reviews.
CUST000006,36.0,14,10002.37,2024-11-11,2026-07-26,2026-08-31,5,5,5,15,Champions,Reward with early access / loyalty perks; ask for referrals & reviews.
CUST000007,621.0,2,172.56,2024-09-18,2024-12-18,2026-08-31,1,2,3,6,Need Attention,Limited-time win-back offer; recommend based on past purchases.
CUST000008,555.0,3,74.17,2024-09-12,2025-02-22,2026-08-31,1,3,2,6,Hibernating,Low-cost reactivation campaign; survey to learn why they stopped buying.
CUST000009,82.0,13,933.1700000000001,2024-09-13,2026-06-10,2026-08-31,4,5,5,14,Champions,Reward with early access / loyalty perks; ask for referrals & reviews.
CUST000010,66.0,5,166.23,2025-04-04,2026-06-26,2026-08-31,4,4,3,11,Loyal Customers,Upsell higher-value products; enrol in loyalty programme.
CUST000011,118.0,3,110.49,2025-12-16,2026-05-05,2026-08-31,3,3,3,9,Need Attention,Limited-time win-back offer; recommend based on past purchases.
CUST000012,376.0,4,184.84,2025-06-14,2025-08-20,2026-08-31,2,3,3,8,At Risk,Reach out personally; time-boxed discount to prevent churn.
CUST000013,190.0,1,29.05,2026-02-22,2026-02-22,2026-08-31,3,1,1,5,Promising,Nurture with targeted content; small incentive to drive a second order.
CUST000014,577.0,1,45.71,2025-01-31,2025-01-31,2026-08-31,1,1,1,3,Lost,Deprioritise spend; include only in broad low-cost re-engagement blasts.
CUST000015,140.0,3,269.38,2025-09-03,2026-04-13,2026-08-31,3,3,4,10,Need Attention,Limited-time win-back offer; recommend based on past purchases.
CUST000016,81.0,5,361.36,2025-11-10,2026-06-11,2026-08-31,4,4,4,12,Champions,Reward with early access / loyalty perks; ask for referrals & reviews.
CUST000017,121.0,1,161.38,2026-05-02,2026-05-02,2026-08-31,3,1,3,7,Promising,Nurture with targeted content; small incentive to drive a second order.
CUST000018,22.0,11,881.35,2024-09-19,2026-08-09,2026-08-31,5,5,5,15,Champions,Reward with early access / loyalty perks; ask for referrals & reviews.
CUST000019,361.0,4,144.57,2025-02-15,2025-09-04,2026-08-31,2,3,3,8,At Risk,Reach out personally; time-boxed discount to prevent churn.
CUST000020,218.0,1,10.5,2026-01-25,2026-01-25,2026-08-31,3,1,1,5,Promising,Nurture with targeted content; small incentive to drive a second order.
CUST000021,435.0,3,116.02,2024-11-03,2025-06-22,2026-08-31,2,3,3,8,At Risk,Reach out personally; time-boxed discount to prevent churn.
CUST000022,81.0,3,73.69,2026-01-08,2026-06-11,2026-08-31,4,3,2,9,Potential Loyalists,Offer membership / subscription; personalised follow-up after purchase.
CUST000023,37.0,13,9652.38,2024-10-01,2026-07-25,2026-08-31,5,5,5,15,Champions,Reward with early access / loyalty perks; ask for referrals & reviews.
CUST000024,459.0,3,224.47,2024-12-07,2025-05-29,2026-08-31,1,3,3,7,At Risk,Reach out personally; time-boxed discount to prevent churn.
CUST000025,401.0,3,177.44,2025-05-03,2025-07-26,2026-08-31,2,3,3,8,At Risk,Reach out personally; time-boxed discount to prevent churn.
CUST000026,61.0,9,924.4,2024-10-02,2026-07-01,2026-08-31,4,5,5,14,Champions,Reward with early access / loyalty perks; ask for referrals & reviews.
CUST000027,137.0,2,153.87,2026-03-23,2026-04-16,2026-08-31,3,2,3,8,Promising,Nurture with targeted content; small incentive to drive a second order.
CUST000028,17.0,13,3091.43,2024-09-04,2026-08-14,2026-08-31,5,5,5,15,Champions,Reward with early access / loyalty perks; ask for referrals & reviews.
CUST000029,80.0,9,729.27,2024-12-18,2026-06-12,2026-08-31,4,5,4,13,Champions,Reward with early access / loyalty perks; ask for referrals & reviews.
CUST000030,217.0,1,69.47,2026-01-26,2026-01-26,2026-08-31,3,1,2,6,Promising,Nurture with targeted content; small incentive to drive a second order.
CUST000031,287.0,1,135.36,2025-11-17,2025-11-17,2026-08-31,2,1,3,6,About To Sleep,Re-engagement email with personalised recommendations before they go cold.
CUST000032,27.0,7,4738.47,2025-11-05,2026-08-04,2026-08-31,5,4,5,14,Champions,Reward with early access / loyalty perks; ask for referrals & reviews.
CUST000033,173.0,2,76.94,2025-11-24,2026-03-11,2026-08-31,3,2,2,7,Promising,Nurture with targeted content; small incentive to drive a second order.
CUST000034,221.0,5,357.56,2025-04-23,2026-01-22,2026-08-31,2,4,4,10,At Risk,Reach out personally; time-boxed discount to prevent churn.
CUST000035,74.0,3,126.08,2026-01-03,2026-06-18,2026-08-31,4,3,3,10,Potential Loyalists,Offer membership / subscription; personalised follow-up after purchase.
CUST000036,39.0,9,735.71,2024-11-30,2026-07-23,2026-08-31,5,5,4,14,Champions,Reward with early access / loyalty perks; ask for referrals & reviews.
CUST000037,46.0,10,614.16,2024-08-30,2026-07-16,2026-08-31,4,5,4,13,Champions,Reward with early access / loyalty perks; ask for referrals & reviews.
CUST000038,234.0,4,247.35,2025-07-14,2026-01-09,2026-08-31,2,3,4,9,At Risk,Reach out personally; time-boxed discount to prevent churn.
CUST000039,192.0,6,261.04,2025-01-14,2026-02-20,2026-08-31,3,4,4,11,Loyal Customers,Upsell higher-value products; enrol in loyalty programme.
CUST000040,440.0,1,16.29,2025-06-17,2025-06-17,2026-08-31,2,1,1,4,About To Sleep,Re-engagement email with personalised recommendations before they go cold.
CUST000041,235.0,2,58.89,2025-11-07,2026-01-08,2026-08-31,2,2,2,6,About To Sleep,Re-engagement email with personalised recommendations before they go cold.
CUST000042,420.0,4,150.62,2024-12-30,2025-07-07,2026-08-31,2,3,3,8,At Risk,Reach out personally; time-boxed discount to prevent churn.
CUST000043,359.0,1,44.88,2025-09-06,2025-09-06,2026-08-31,2,1,1,4,About To Sleep,Re-engagement email with personalised recommendations before they go cold.
CUST000044,141.0,5,617.62,2025-08-14,2026-04-12,2026-08-31,3,4,4,11,Loyal Customers,Upsell higher-value products; enrol in loyalty programme.
CUST000045,626.0,3,109.53,2024-09-11,2024-12-13,2026-08-31,1,3,2,6,Hibernating,Low-cost reactivation campaign; survey to learn why they stopped buying.
CUST000046,678.0,1,60.77,2024-10-22,2024-10-22,2026-08-31,1,1,2,4,Lost,Deprioritise spend; include only in broad low-cost re-engagement blasts.
CUST000047,180.0,2,138.29,2025-11-12,2026-03-04,2026-08-31,3,2,3,8,Promising,Nurture with targeted content; small incentive to drive a second order.
CUST000048,158.0,6,339.2,2025-09-02,2026-03-26,2026-08-31,3,4,4,11,Loyal Customers,Upsell higher-value products; enrol in loyalty programme.
CUST000049,426.0,1,61.27,2025-07-01,2025-07-01,2026-08-31,2,1,2,5,About To Sleep,Re-engagement email with personalised recommendations before they go cold.
CUST000050,31.0,10,783.47,2024-09-23,2026-07-31,2026-08-31,5,5,5,15,Champions,Reward with early access / loyalty perks; ask for referrals & reviews.
CUST000051,39.0,9,819.46,2024-11-23,2026-07-23,2026-08-31,5,5,5,15,Champions,Reward with early access / loyalty perks; ask for referrals & reviews.
CUST000052,16.0,14,1816.61,2024-09-11,2026-08-15,2026-08-31,5,5,5,15,Champions,Reward with early access / loyalty perks; ask for referrals & reviews.
CUST000053,424.0,2,46.59,2025-04-29,2025-07-03,2026-08-31,2,2,1,5,About To Sleep,Re-engagement email with personalised recommendations before they go cold.
CUST000054,107.0,1,129.72,2026-05-16,2026-05-16,2026-08-31,4,1,3,8,New Customers,Onboard well; send a strong second-purchase incentive within 30 days.
CUST000055,676.0,1,52.74,2024-10-24,2024-10-24,2026-08-31,1,1,2,4,Lost,Deprioritise spend; include only in broad low-cost re-engagement blasts.
CUST000056,455.0,1,50.1,2025-06-02,2025-06-02,2026-08-31,2,1,2,5,About To Sleep,Re-engagement email with personalised recommendations before they go cold.
CUST000057,98.0,2,46.480000000000004,2026-02-14,2026-05-25,2026-08-31,4,2,1,7,Potential Loyalists,Offer membership / subscription; personalised follow-up after purchase.
CUST000058,294.0,1,29.7,2025-11-10,2025-11-10,2026-08-31,2,1,1,4,About To Sleep,Re-engagement email with personalised recommendations before they go cold.
CUST000059,28.0,9,726.8199999999999,2025-01-23,2026-08-03,2026-08-31,5,5,4,14,Champions,Reward with early access / loyalty perks; ask for referrals & reviews.
CUST000060,32.0,15,1356.6599999999999,2024-10-04,2026-07-30,2026-08-31,5,5,5,15,Champions,Reward with early access / loyalty perks; ask for referrals & reviews.
CUST000061,218.0,1,94.87,2026-01-25,2026-01-25,2026-08-31,3,1,2,6,Promising,Nurture with targeted content; small incentive to drive a second order.
CUST000062,38.0,4,208.6,2025-11-11,2026-07-24,2026-08-31,5,3,3,11,Potential Loyalists,Offer membership / subscription; personalised follow-up after purchase.
CUST000063,326.0,1,45.46,2025-10-09,2025-10-09,2026-08-31,2,1,1,4,About To Sleep,Re-engagement email with personalised recommendations before they go cold.
CUST000064,657.0,1,60.37,2024-11-12,2024-11-12,2026-08-31,1,1,2,4,Lost,Deprioritise spend; include only in broad low-cost re-engagement blasts.
CUST000065,429.0,1,15.89,2025-06-28,2025-06-28,2026-08-31,2,1,1,4,About To Sleep,Re-engagement email with personalised recommendations before they go cold.
CUST000066,98.0,1,63.36,2026-05-25,2026-05-25,2026-08-31,4,1,2,7,New Customers,Onboard well; send a strong second-purchase incentive within 30 days.
CUST000067,168.0,1,51.33,2026-03-16,2026-03-16,2026-08-31,3,1,2,6,Promising,Nurture with targeted content; small incentive to drive a second order.
CUST000068,70.0,5,393.91,2025-11-27,2026-06-22,2026-08-31,4,4,4,12,Champions,Reward with early access / loyalty perks; ask for referrals & reviews.
CUST000069,27.0,13,1675.8799999999999,2024-09-02,2026-08-04,2026-08-31,5,5,5,15,Champions,Reward with early access / loyalty perks; ask for referrals & reviews.
CUST000070,229.0,1,44.8,2026-01-14,2026-01-14,2026-08-31,2,1,1,4,About To Sleep,Re-engagement email with personalised recommendations before they go cold.
CUST000071,124.0,4,250.57999999999998,2025-10-08,2026-04-29,2026-08-31,3,3,4,10,Need Attention,Limited-time win-back offer; recommend based on past purchases.
CUST000072,233.0,4,221.64000000000001,2025-08-12,2026-01-10,2026-08-31,2,3,3,8,At Risk,Reach out personally; time-boxed discount to prevent churn.
CUST000073,594.0,1,85.41,2025-01-14,2025-01-14,2026-08-31,1,1,2,4,Lost,Deprioritise spend; include only in broad low-cost re-engagement blasts.
CUST000074,177.0,4,342.99,2025-09-22,2026-03-07,2026-08-31,3,3,4,10,Need Attention,Limited-time win-back offer; recommend based on past purchases.
CUST000075,41.0,17,1912.76,2024-10-23,2026-07-21,2026-08-31,5,5,5,15,Champions,Reward with early access / loyalty perks; ask for referrals & reviews.
CUST000076,200.0,5,220.35,2025-07-07,2026-02-12,2026-08-31,3,4,3,10,Loyal Customers,Upsell higher-value products; enrol in loyalty programme.
CUST000077,236.0,2,108.85,2025-12-10,2026-01-07,2026-08-31,2,2,2,6,About To Sleep,Re-engagement email with personalised recommendations before they go cold.
CUST000078,555.0,1,25.92,2025-02-22,2025-02-22,2026-08-31,1,1,1,3,Lost,Deprioritise spend; include only in broad low-cost re-engagement blasts.
CUST000079,699.0,1,16.74,2024-10-01,2024-10-01,2026-08-31,1,1,1,3,Lost,Deprioritise spend; include only in broad low-cost re-engagement blasts.
CUST000080,303.0,3,223.8,2025-07-11,2025-11-01,2026-08-31,2,3,3,8,At Risk,Reach out personally; time-boxed discount to prevent churn.
CUST000081,630.0,1,43.66,2024-12-09,2024-12-09,2026-08-31,1,1,1,3,Lost,Deprioritise spend; include only in broad low-cost re-engagement blasts.
CUST000082,166.0,5,316.44,2025-07-31,2026-03-18,2026-08-31,3,4,4,11,Loyal Customers,Upsell higher-value products; enrol in loyalty programme.
CUST000083,528.0,2,53.81,2024-12-08,2025-03-21,2026-08-31,1,2,2,5,Hibernating,Low-cost reactivation campaign; survey to learn why they stopped buying.
CUST000084,17.0,7,445.01,2025-05-26,2026-08-14,2026-08-31,5,4,4,13,Champions,Reward with early access / loyalty perks; ask for referrals & reviews.
CUST000085,45.0,11,1363.1,2024-09-24,2026-07-17,2026-08-31,5,5,5,15,Champions,Reward with early access / loyalty perks; ask for referrals & reviews.
CUST000086,93.0,10,821.4300000000001,2024-12-12,2026-05-30,2026-08-31,4,5,5,14,Champions,Reward with early access / loyalty perks; ask for referrals & reviews.
CUST000087,504.0,1,31.04,2025-04-14,2025-04-14,2026-08-31,1,1,1,3,Lost,Deprioritise spend; include only in broad low-cost re-engagement blasts.
CUST000088,214.0,6,179.09,2025-02-18,2026-01-29,2026-08-31,3,4,3,10,Loyal Customers,Upsell higher-value products; enrol in loyalty programme.
CUST000089,61.0,11,1060.1,2024-08-31,2026-07-01,2026-08-31,4,5,5,14,Champions,Reward with early access / loyalty perks; ask for referrals & reviews.
CUST000090,554.0,1,20.19,2025-02-23,2025-02-23,2026-08-31,1,1,1,3,Lost,Deprioritise spend; include only in broad low-cost re-engagement blasts.
CUST000091,66.0,11,942.4300000000001,2024-09-13,2026-06-26,2026-08-31,4,5,5,14,Champions,Reward with early access / loyalty perks; ask for referrals & reviews.
CUST000092,677.0,1,23.38,2024-10-23,2024-10-23,2026-08-31,1,1,1,3,Lost,Deprioritise spend; include only in broad low-cost re-engagement blasts.
CUST000093,191.0,3,124.77,2025-12-18,2026-02-21,2026-08-31,3,3,3,9,Need Attention,Limited-time win-back offer; recommend based on past purchases.
CUST000094,99.0,4,98.17999999999999,2026-01-07,2026-05-24,2026-08-31,4,3,2,9,Potential Loyalists,Offer membership / subscription; personalised follow-up after purchase.
CUST000095,223.0,6,349.49,2025-02-06,2026-01-20,2026-08-31,2,4,4,10,At Risk,Reach out personally; time-boxed discount to prevent churn.
CUST000096,31.0,1,46.2,2026-07-31,2026-07-31,2026-08-31,5,1,1,7,New Customers,Onboard well; send a strong second-purchase incentive within 30 days.
CUST000097,55.0,6,430.12,2025-04-19,2026-07-07,2026-08-31,4,4,4,12,Champions,Reward with early access / loyalty perks; ask for referrals & reviews.
CUST000098,75.0,9,791.21,2024-10-12,2026-06-17,2026-08-31,4,5,5,14,Champions,Reward with early access / loyalty perks; ask for referrals & reviews.
CUST000099,33.0,12,1026.03,2024-09-25,2026-07-29,2026-08-31,5,5,5,15,Champions,Reward with early access / loyalty perks; ask for referrals & reviews.
CUST000100,37.0,6,6488.92,2025-09-14,2026-07-25,2026-08-31,5,4,5,14,Champions,Reward with early access / loyalty perks; ask for referrals & reviews.
CUST000101,629.0,2,93.97,2024-12-02,2024-12-10,2026-08-31,1,2,2,5,Hibernating,Low-cost reactivation campaign; survey to learn why they stopped buying.
CUST000102,409.0,1,9.01,2025-07-18,2025-07-18,2026-08-31,2,1,1,4,About To Sleep,Re-engagement email with personalised recommendations before they go cold.
CUST000103,217.0,3,64.63,2025-11-11,2026-01-26,2026-08-31,3,3,2,8,Need Attention,Limited-time win-back offer; recommend based on past purchases.
CUST000104,2.0,11,9997.06,2024-09-17,2026-08-29,2026-08-31,5,5,5,15,Champions,Reward with early access / loyalty perks; ask for referrals & reviews.
CUST000105,347.0,1,73.66,2025-09-18,2025-09-18,2026-08-31,2,1,2,5,About To Sleep,Re-engagement email with personalised recommendations before they go cold.
CUST000106,438.0,1,27.12,2025-06-19,2025-06-19,2026-08-31,2,1,1,4,About To Sleep,Re-engagement email with personalised recommendations before they go cold.
CUST000107,233.0,3,119.18,2025-08-03,2026-01-10,2026-08-31,2,3,3,8,At Risk,Reach out personally; time-boxed discount to prevent churn.
CUST000108,90.0,3,188.39999999999998,2026-03-26,2026-06-02,2026-08-31,4,3,3,10,Potential Loyalists,Offer membership / subscription; personalised follow-up after purchase.
CUST000109,64.0,9,779.7,2024-10-23,2026-06-28,2026-08-31,4,5,5,14,Champions,Reward with early access / loyalty perks; ask for referrals & reviews.
CUST000110,486.0,3,125.83,2025-02-18,2025-05-02,2026-08-31,1,3,3,7,At Risk,Reach out personally; time-boxed discount to prevent churn.
CUST000111,153.0,6,245.13,2025-08-30,2026-03-31,2026-08-31,3,4,4,11,Loyal Customers,Upsell higher-value products; enrol in loyalty programme.
CUST000112,133.0,2,126.64,2026-01-17,2026-04-20,2026-08-31,3,2,3,8,Promising,Nurture with targeted content; small incentive to drive a second order.
CUST000113,52.0,5,176.55,2025-06-15,2026-07-10,2026-08-31,4,4,3,11,Loyal Customers,Upsell higher-value products; enrol in loyalty programme.
CUST000114,659.0,1,47.24,2024-11-10,2024-11-10,2026-08-31,1,1,2,4,Lost,Deprioritise spend; include only in broad low-cost re-engagement blasts.
CUST000115,20.0,9,674.44,2024-12-01,2026-08-11,2026-08-31,5,5,4,14,Champions,Reward with early access / loyalty perks; ask for referrals & reviews.
CUST000116,665.0,2,34.73,2024-10-15,2024-11-04,2026-08-31,1,2,1,4,Hibernating,Low-cost reactivation campaign; survey to learn why they stopped buying.
CUST000117,303.0,2,131.53,2025-07-07,2025-11-01,2026-08-31,2,2,3,7,About To Sleep,Re-engagement email with personalised recommendations before they go cold.
CUST000118,546.0,1,29.26,2025-03-03,2025-03-03,2026-08-31,1,1,1,3,Lost,Deprioritise spend; include only in broad low-cost re-engagement blasts.
CUST000119,44.0,6,262.03,2025-10-21,2026-07-18,2026-08-31,5,4,4,13,Champions,Reward with early access / loyalty perks; ask for referrals & reviews.
CUST000120,537.0,1,277.51,2025-03-12,2025-03-12,2026-08-31,1,1,4,6,Lost,Deprioritise spend; include only in broad low-cost re-engagement blasts.
CUST000121,421.0,1,103.73,2025-07-06,2025-07-06,2026-08-31,2,1,2,5,About To Sleep,Re-engagement email with personalised recommendations before they go cold.
CUST000122,285.0,1,12.81,2025-11-19,2025-11-19,2026-08-31,2,1,1,4,About To Sleep,Re-engagement email with personalised recommendations before they go cold.
CUST000123,1.0,10,1099.42,2025-05-13,2026-08-30,2026-08-31,5,5,5,15,Champions,Reward with early access / loyalty perks; ask for referrals & reviews.
CUST000124,226.0,5,269.98,2025-04-04,2026-01-17,2026-08-31,2,4,4,10,At Risk,Reach out personally; time-boxed discount to prevent churn.
CUST000125,3.0,12,1466.21,2024-10-15,2026-08-28,2026-08-31,5,5,5,15,Champions,Reward with early access / loyalty perks; ask for referrals & reviews.
CUST000126,191.0,5,271.92,2025-05-19,2026-02-21,2026-08-31,3,4,4,11,Loyal Customers,Upsell higher-value products; enrol in loyalty programme.
CUST000127,61.0,4,106.35000000000001,2025-07-14,2026-07-01,2026-08-31,4,3,2,9,Potential Loyalists,Offer membership / subscription; personalised follow-up after purchase.
CUST000128,3.0,11,632.96,2024-11-25,2026-08-28,2026-08-31,5,5,4,14,Champions,Reward with early access / loyalty perks; ask for referrals & reviews.
CUST000129,52.0,12,1085.41,2024-12-16,2026-07-10,2026-08-31,4,5,5,14,Champions,Reward with early access / loyalty perks; ask for referrals & reviews.
CUST000130,350.0,1,84.64,2025-09-15,2025-09-15,2026-08-31,2,1,2,5,About To Sleep,Re-engagement email with personalised recommendations before they go cold.
CUST000131,47.0,10,857.79,2024-10-12,2026-07-15,2026-08-31,4,5,5,14,Champions,Reward with early access / loyalty perks; ask for referrals & reviews.
CUST000132,497.0,4,199.36999999999998,2024-11-10,2025-04-21,2026-08-31,1,3,3,7,At Risk,Reach out personally; time-boxed discount to prevent churn.
CUST000133,316.0,1,31.58,2025-10-19,2025-10-19,2026-08-31,2,1,1,4,About To Sleep,Re-engagement email with personalised recommendations before they go cold.
CUST000134,44.0,6,494.46000000000004,2025-12-14,2026-07-18,2026-08-31,5,4,4,13,Champions,Reward with early access / loyalty perks; ask for referrals & reviews.
CUST000135,415.0,1,113.4,2025-07-12,2025-07-12,2026-08-31,2,1,3,6,About To Sleep,Re-engagement email with personalised recommendations before they go cold.
CUST000136,26.0,14,1824.6299999999999,2024-09-06,2026-08-05,2026-08-31,5,5,5,15,Champions,Reward with early access / loyalty perks; ask for referrals & reviews.
CUST000137,45.0,8,7604.51,2025-08-12,2026-07-17,2026-08-31,5,4,5,14,Champions,Reward with early access / loyalty perks; ask for referrals & reviews.
CUST000138,106.0,4,98.24000000000001,2025-11-24,2026-05-17,2026-08-31,4,3,2,9,Potential Loyalists,Offer membership / subscription; personalised follow-up after purchase.
CUST000139,460.0,3,130.32,2025-01-28,2025-05-28,2026-08-31,1,3,3,7,At Risk,Reach out personally; time-boxed discount to prevent churn.
CUST000140,10.0,14,930.83,2024-08-31,2026-08-21,2026-08-31,5,5,5,15,Champions,Reward with early access / loyalty perks; ask for referrals & reviews.
CUST000141,138.0,2,63.260000000000005,2026-01-07,2026-04-15,2026-08-31,3,2,2,7,Promising,Nurture with targeted content; small incentive to drive a second order.
CUST000142,165.0,2,100.58000000000001,2026-01-17,2026-03-19,2026-08-31,3,2,2,7,Promising,Nurture with targeted content; small incentive to drive a second order.
CUST000143,644.0,2,35.39,2024-08-31,2024-11-25,2026-08-31,1,2,1,4,Hibernating,Low-cost reactivation campaign; survey to learn why they stopped buying.
CUST000144,614.0,1,71.18,2024-12-25,2024-12-25,2026-08-31,1,1,2,4,Lost,Deprioritise spend; include only in broad low-cost re-engagement blasts.
CUST000145,36.0,4,118.8,2025-12-30,2026-07-26,2026-08-31,5,3,3,11,Potential Loyalists,Offer membership / subscription; personalised follow-up after purchase.
CUST000146,37.0,4,118.66,2026-03-09,2026-07-25,2026-08-31,5,3,3,11,Potential Loyalists,Offer membership / subscription; personalised follow-up after purchase.
CUST000147,260.0,4,160.9,2025-06-25,2025-12-14,2026-08-31,2,3,3,8,At Risk,Reach out personally; time-boxed discount to prevent churn.
CUST000148,47.0,1,26.99,2026-07-15,2026-07-15,2026-08-31,4,1,1,6,New Customers,Onboard well; send a strong second-purchase incentive within 30 days.
CUST000149,174.0,2,365.24,2026-02-25,2026-03-10,2026-08-31,3,2,4,9,Promising,Nurture with targeted content; small incentive to drive a second order.
CUST000150,11.0,11,1746.35,2024-10-09,2026-08-20,2026-08-31,5,5,5,15,Champions,Reward with early access / loyalty perks; ask for referrals & reviews.
CUST000151,504.0,1,29.5,2025-04-14,2025-04-14,2026-08-31,1,1,1,3,Lost,Deprioritise spend; include only in broad low-cost re-engagement blasts.
CUST000152,579.0,1,40.12,2025-01-29,2025-01-29,2026-08-31,1,1,1,3,Lost,Deprioritise spend; include only in broad low-cost re-engagement blasts.
CUST000153,5.0,9,666.14,2024-11-03,2026-08-26,2026-08-31,5,5,4,14,Champions,Reward with early access / loyalty perks; ask for referrals & reviews.
CUST000154,473.0,1,71.4,2025-05-15,2025-05-15,2026-08-31,1,1,2,4,Lost,Deprioritise spend; include only in broad low-cost re-engagement blasts.
CUST000155,76.0,11,752.89,2024-10-18,2026-06-16,2026-08-31,4,5,5,14,Champions,Reward with early access / loyalty perks; ask for referrals & reviews.
CUST000156,63.0,1,14.55,2026-06-29,2026-06-29,2026-08-31,4,1,1,6,New Customers,Onboard well; send a strong second-purchase incentive within 30 days.
CUST000157,241.0,6,322.39,2024-12-09,2026-01-02,2026-08-31,2,4,4,10,At Risk,Reach out personally; time-boxed discount to prevent churn.
CUST000158,385.0,1,30.6,2025-08-11,2025-08-11,2026-08-31,2,1,1,4,About To Sleep,Re-engagement email with personalised recommendations before they go cold.
CUST000159,672.0,1,55.89,2024-10-28,2024-10-28,2026-08-31,1,1,2,4,Lost,Deprioritise spend; include only in broad low-cost re-engagement blasts.
CUST000160,303.0,4,281.47,2025-06-02,2025-11-01,2026-08-31,2,3,4,9,At Risk,Reach out personally; time-boxed discount to prevent churn.
CUST000161,51.0,10,797.01,2024-09-03,2026-07-11,2026-08-31,4,5,5,14,Champions,Reward with early access / loyalty perks; ask for referrals & reviews.
CUST000162,304.0,1,133.72,2025-10-31,2025-10-31,2026-08-31,2,1,3,6,About To Sleep,Re-engagement email with personalised recommendations before they go cold.
CUST000163,132.0,2,29.87,2026-02-06,2026-04-21,2026-08-31,3,2,1,6,Promising,Nurture with targeted content; small incentive to drive a second order.
CUST000164,12.0,12,1551.14,2024-09-05,2026-08-19,2026-08-31,5,5,5,15,Champions,Reward with early access / loyalty perks; ask for referrals & reviews.
CUST000165,276.0,1,48.72,2025-11-28,2025-11-28,2026-08-31,2,1,2,5,About To Sleep,Re-engagement email with personalised recommendations before they go cold.
CUST000166,164.0,5,307.07,2025-06-08,2026-03-20,2026-08-31,3,4,4,11,Loyal Customers,Upsell higher-value products; enrol in loyalty programme.
CUST000167,686.0,1,24.76,2024-10-14,2024-10-14,2026-08-31,1,1,1,3,Lost,Deprioritise spend; include only in broad low-cost re-engagement blasts.
CUST000168,,0,0.0,,,2026-08-31,,,,,No Purchase History,Investigate: no purchase history -- confirm signup funnel / re-engage with welcome offer.
CUST000169,108.0,5,458.86,2025-11-06,2026-05-15,2026-08-31,4,4,4,12,Champions,Reward with early access / loyalty perks; ask for referrals & reviews.
CUST000170,6.0,6,2998.14,2025-08-08,2026-08-25,2026-08-31,5,4,5,14,Champions,Reward with early access / loyalty perks; ask for referrals & reviews.
CUST000171,68.0,2,104.63,2026-04-18,2026-06-24,2026-08-31,4,2,2,8,Potential Loyalists,Offer membership / subscription; personalised follow-up after purchase.
CUST000172,516.0,1,17.54,2025-04-02,2025-04-02,2026-08-31,1,1,1,3,Lost,Deprioritise spend; include only in broad low-cost re-engagement blasts.
CUST000173,176.0,4,170.31,2025-09-17,2026-03-08,2026-08-31,3,3,3,9,Need Attention,Limited-time win-back offer; recommend based on past purchases.
CUST000174,370.0,2,78.53,2025-08-21,2025-08-26,2026-08-31,2,2,2,6,About To Sleep,Re-engagement email with personalised recommendations before they go cold.
CUST000175,75.0,9,799.5,2024-09-21,2026-06-17,2026-08-31,4,5,5,14,Champions,Reward with early access / loyalty perks; ask for referrals & reviews.
CUST000176,10.0,12,1518.55,2024-09-30,2026-08-21,2026-08-31,5,5,5,15,Champions,Reward with early access / loyalty perks; ask for referrals & reviews.
CUST000177,66.0,3,114.14,2026-03-28,2026-06-26,2026-08-31,4,3,3,10,Potential Loyalists,Offer membership / subscription; personalised follow-up after purchase.
CUST000178,39.0,5,4436.34,2026-01-17,2026-07-23,2026-08-31,5,4,5,14,Champions,Reward with early access / loyalty perks; ask for referrals & reviews.
CUST000179,503.0,3,109.77000000000001,2024-09-20,2025-04-15,2026-08-31,1,3,2,6,Hibernating,Low-cost reactivation campaign; survey to learn why they stopped buying.
CUST000180,,0,0.0,,,2026-08-31,,,,,No Purchase History,Investigate: no purchase history -- confirm signup funnel / re-engage with welcome offer.
CUST000181,439.0,1,11.14,2025-06-18,2025-06-18,2026-08-31,2,1,1,4,About To Sleep,Re-engagement email with personalised recommendations before they go cold.
CUST000182,550.0,3,152.1,2024-12-19,2025-02-27,2026-08-31,1,3,3,7,At Risk,Reach out personally; time-boxed discount to prevent churn.
CUST000183,85.0,1,35.38,2026-06-07,2026-06-07,2026-08-31,4,1,1,6,New Customers,Onboard well; send a strong second-purchase incentive within 30 days.
CUST000184,84.0,3,123.82,2026-03-08,2026-06-08,2026-08-31,4,3,3,10,Potential Loyalists,Offer membership / subscription; personalised follow-up after purchase.
CUST000185,383.0,2,111.39,2025-06-01,2025-08-13,2026-08-31,2,2,3,7,About To Sleep,Re-engagement email with personalised recommendations before they go cold.
CUST000186,117.0,1,55.62,2026-05-06,2026-05-06,2026-08-31,3,1,2,6,Promising,Nurture with targeted content; small incentive to drive a second order.
CUST000187,76.0,2,73.65,2026-03-17,2026-06-16,2026-08-31,4,2,2,8,Potential Loyalists,Offer membership / subscription; personalised follow-up after purchase.
CUST000188,7.0,13,980.0699999999999,2024-12-15,2026-08-24,2026-08-31,5,5,5,15,Champions,Reward with early access / loyalty perks; ask for referrals & reviews.
CUST000189,242.0,1,262.12,2026-01-01,2026-01-01,2026-08-31,2,1,4,7,About To Sleep,Re-engagement email with personalised recommendations before they go cold.
CUST000190,61.0,4,414.51,2026-04-14,2026-07-01,2026-08-31,4,3,4,11,Potential Loyalists,Offer membership / subscription; personalised follow-up after purchase.
CUST000191,338.0,3,191.82999999999998,2025-07-29,2025-09-27,2026-08-31,2,3,3,8,At Risk,Reach out personally; time-boxed discount to prevent churn.
CUST000192,53.0,2,81.84,2026-06-02,2026-07-09,2026-08-31,4,2,2,8,Potential Loyalists,Offer membership / subscription; personalised follow-up after purchase.
CUST000193,55.0,10,853.38,2024-12-05,2026-07-07,2026-08-31,4,5,5,14,Champions,Reward with early access / loyalty perks; ask for referrals & reviews.
CUST000194,373.0,2,45.2,2025-05-27,2025-08-23,2026-08-31,2,2,1,5,About To Sleep,Re-engagement email with personalised recommendations before they go cold.
CUST000195,15.0,9,572.71,2025-04-26,2026-08-16,2026-08-31,5,5,4,14,Champions,Reward with early access / loyalty perks; ask for referrals & reviews.
CUST000196,67.0,12,751.8199999999999,2024-09-03,2026-06-25,2026-08-31,4,5,5,14,Champions,Reward with early access / loyalty perks; ask for referrals & reviews.
CUST000197,536.0,1,13.78,2025-03-13,2025-03-13,2026-08-31,1,1,1,3,Lost,Deprioritise spend; include only in broad low-cost re-engagement blasts.
CUST000198,338.0,4,139.76,2025-04-09,2025-09-27,2026-08-31,2,3,3,8,At Risk,Reach out personally; time-boxed discount to prevent churn.
CUST000199,59.0,9,597.96,2025-06-26,2026-07-03,2026-08-31,4,5,4,13,Champions,Reward with early access / loyalty perks; ask for referrals & reviews.
CUST000200,66.0,2,113.47,2026-03-23,2026-06-26,2026-08-31,4,2,3,9,Potential Loyalists,Offer membership / subscription; personalised follow-up after purchase.
CUST000201,347.0,3,105.08000000000001,2025-02-24,2025-09-18,2026-08-31,2,3,2,7,Hibernating,Low-cost reactivation campaign; survey to learn why they stopped buying.
CUST000202,36.0,13,10016.619999999999,2025-03-13,2026-07-26,2026-08-31,5,5,5,15,Champions,Reward with early access / loyalty perks; ask for referrals & reviews.
CUST000203,275.0,1,39.13,2025-11-29,2025-11-29,2026-08-31,2,1,1,4,About To Sleep,Re-engagement email with personalised recommendations before they go cold.
CUST000204,45.0,12,851.71,2024-08-30,2026-07-17,2026-08-31,5,5,5,15,Champions,Reward with early access / loyalty perks; ask for referrals & reviews.
CUST000205,15.0,14,1976.67,2024-09-20,2026-08-16,2026-08-31,5,5,5,15,Champions,Reward with early access / loyalty perks; ask for referrals & reviews.
CUST000206,104.0,5,217.63,2025-10-14,2026-05-19,2026-08-31,4,4,3,11,Loyal Customers,Upsell higher-value products; enrol in loyalty programme.
CUST000207,60.0,12,1003.3199999999999,2024-11-05,2026-07-02,2026-08-31,4,5,5,14,Champions,Reward with early access / loyalty perks; ask for referrals & reviews.
CUST000208,319.0,1,26.5,2025-10-16,2025-10-16,2026-08-31,2,1,1,4,About To Sleep,Re-engagement email with personalised recommendations before they go cold.
CUST000209,40.0,7,651.98,2025-04-17,2026-07-22,2026-08-31,5,4,4,13,Champions,Reward with early access / loyalty perks; ask for referrals & reviews.
CUST000210,43.0,1,34.65,2026-07-19,2026-07-19,2026-08-31,5,1,1,7,New Customers,Onboard well; send a strong second-purchase incentive within 30 days.
CUST000211,,0,0.0,,,2026-08-31,,,,,No Purchase History,Investigate: no purchase history -- confirm signup funnel / re-engage with welcome offer.
CUST000212,689.0,1,47.08,2024-10-11,2024-10-11,2026-08-31,1,1,2,4,Lost,Deprioritise spend; include only in broad low-cost re-engagement blasts.
CUST000213,63.0,11,826.2,2024-09-21,2026-06-29,2026-08-31,4,5,5,14,Champions,Reward with early access / loyalty perks; ask for referrals & reviews.
CUST000214,489.0,1,52.09,2025-04-29,2025-04-29,2026-08-31,1,1,2,4,Lost,Deprioritise spend; include only in broad low-cost re-engagement blasts.
CUST000215,452.0,1,10.96,2025-06-05,2025-06-05,2026-08-31,2,1,1,4,About To Sleep,Re-engagement email with personalised recommendations before they go cold.
CUST000216,313.0,1,9.29,2025-10-22,2025-10-22,2026-08-31,2,1,1,4,About To Sleep,Re-engagement email with personalised recommendations before they go cold.
CUST000217,17.0,11,839.74,2024-09-24,2026-08-14,2026-08-31,5,5,5,15,Champions,Reward with early access / loyalty perks; ask for referrals & reviews.
CUST000218,13.0,10,865.5799999999999,2025-01-30,2026-08-18,2026-08-31,5,5,5,15,Champions,Reward with early access / loyalty perks; ask for referrals & reviews.
CUST000219,456.0,4,117.55000000000001,2024-12-15,2025-06-01,2026-08-31,2,3,3,8,At Risk,Reach out personally; time-boxed discount to prevent churn.
CUST000220,182.0,3,143.56,2025-07-14,2026-03-02,2026-08-31,3,3,3,9,Need Attention,Limited-time win-back offer; recommend based on past purchases.
CUST000221,145.0,4,143.29999999999998,2025-11-09,2026-04-08,2026-08-31,3,3,3,9,Need Attention,Limited-time win-back offer; recommend based on past purchases.
CUST000222,174.0,4,355.21,2025-07-20,2026-03-10,2026-08-31,3,3,4,10,Need Attention,Limited-time win-back offer; recommend based on past purchases.
CUST000223,376.0,1,13.84,2025-08-20,2025-08-20,2026-08-31,2,1,1,4,About To Sleep,Re-engagement email with personalised recommendations before they go cold.
CUST000224,17.0,10,7889.03,2024-11-25,2026-08-14,2026-08-31,5,5,5,15,Champions,Reward with early access / loyalty perks; ask for referrals & reviews.
CUST000225,142.0,2,167.78,2026-01-28,2026-04-11,2026-08-31,3,2,3,8,Promising,Nurture with targeted content; small incentive to drive a second order.
CUST000226,538.0,3,142.36,2024-10-24,2025-03-11,2026-08-31,1,3,3,7,At Risk,Reach out personally; time-boxed discount to prevent churn.
CUST000227,30.0,9,694.59,2024-11-01,2026-08-01,2026-08-31,5,5,4,14,Champions,Reward with early access / loyalty perks; ask for referrals & reviews.
CUST000228,437.0,1,52.76,2025-06-20,2025-06-20,2026-08-31,2,1,2,5,About To Sleep,Re-engagement email with personalised recommendations before they go cold.
CUST000229,430.0,1,82.17,2025-06-27,2025-06-27,2026-08-31,2,1,2,5,About To Sleep,Re-engagement email with personalised recommendations before they go cold.
CUST000230,28.0,9,848.23,2024-11-27,2026-08-03,2026-08-31,5,5,5,15,Champions,Reward with early access / loyalty perks; ask for referrals & reviews.
CUST000231,49.0,11,792.36,2024-10-05,2026-07-13,2026-08-31,4,5,5,14,Champions,Reward with early access / loyalty perks; ask for referrals & reviews.
CUST000232,172.0,5,342.89,2025-05-10,2026-03-12,2026-08-31,3,4,4,11,Loyal Customers,Upsell higher-value products; enrol in loyalty programme.
CUST000233,38.0,7,5284.06,2024-09-08,2026-07-24,2026-08-31,5,4,5,14,Champions,Reward with early access / loyalty perks; ask for referrals & reviews.
CUST000234,414.0,1,56.99,2025-07-13,2025-07-13,2026-08-31,2,1,2,5,About To Sleep,Re-engagement email with personalised recommendations before they go cold.
CUST000235,614.0,2,106.86,2024-09-21,2024-12-25,2026-08-31,1,2,2,5,Hibernating,Low-cost reactivation campaign; survey to learn why they stopped buying.
CUST000236,681.0,1,30.07,2024-10-19,2024-10-19,2026-08-31,1,1,1,3,Lost,Deprioritise spend; include only in broad low-cost re-engagement blasts.
CUST000237,231.0,4,129.26,2025-06-21,2026-01-12,2026-08-31,2,3,3,8,At Risk,Reach out personally; time-boxed discount to prevent churn.
CUST000238,344.0,1,40.93,2025-09-21,2025-09-21,2026-08-31,2,1,1,4,About To Sleep,Re-engagement email with personalised recommendations before they go cold.
CUST000239,4.0,9,1038.91,2024-09-16,2026-08-27,2026-08-31,5,5,5,15,Champions,Reward with early access / loyalty perks; ask for referrals & reviews.
CUST000240,85.0,10,734.79,2024-10-20,2026-06-07,2026-08-31,4,5,4,13,Champions,Reward with early access / loyalty perks; ask for referrals & reviews.
CUST000241,461.0,1,65.48,2025-05-27,2025-05-27,2026-08-31,1,1,2,4,Lost,Deprioritise spend; include only in broad low-cost re-engagement blasts.
CUST000242,405.0,1,24.51,2025-07-22,2025-07-22,2026-08-31,2,1,1,4,About To Sleep,Re-engagement email with personalised recommendations before they go cold.
CUST000243,118.0,6,475.66999999999996,2025-03-07,2026-05-05,2026-08-31,3,4,4,11,Loyal Customers,Upsell higher-value products; enrol in loyalty programme.
CUST000244,274.0,1,9.37,2025-11-30,2025-11-30,2026-08-31,2,1,1,4,About To Sleep,Re-engagement email with personalised recommendations before they go cold.
CUST000245,168.0,1,26.33,2026-03-16,2026-03-16,2026-08-31,3,1,1,5,Promising,Nurture with targeted content; small incentive to drive a second order.
CUST000246,661.0,1,7.46,2024-11-08,2024-11-08,2026-08-31,1,1,1,3,Lost,Deprioritise spend; include only in broad low-cost re-engagement blasts.
CUST000247,239.0,1,28.98,2026-01-04,2026-01-04,2026-08-31,2,1,1,4,About To Sleep,Re-engagement email with personalised recommendations before they go cold.
CUST000248,171.0,4,101.56,2025-04-18,2026-03-13,2026-08-31,3,3,2,8,Need Attention,Limited-time win-back offer; recommend based on past purchases.
CUST000249,138.0,2,70.63,2026-03-16,2026-04-15,2026-08-31,3,2,2,7,Promising,Nurture with targeted content; small incentive to drive a second order.
CUST000250,32.0,5,553.57,2025-08-26,2026-07-30,2026-08-31,5,4,4,13,Champions,Reward with early access / loyalty perks; ask for referrals & reviews.
CUST000251,216.0,1,10.89,2026-01-27,2026-01-27,2026-08-31,3,1,1,5,Promising,Nurture with targeted content; small incentive to drive a second order.
CUST000252,556.0,1,63.6,2025-02-21,2025-02-21,2026-08-31,1,1,2,4,Lost,Deprioritise spend; include only in broad low-cost re-engagement blasts.
CUST000253,219.0,2,131.07,2025-12-15,2026-01-24,2026-08-31,3,2,3,8,Promising,Nurture with targeted content; small incentive to drive a second order.
CUST000254,196.0,6,257.49,2025-02-20,2026-02-16,2026-08-31,3,4,4,11,Loyal Customers,Upsell higher-value products; enrol in loyalty programme.
CUST000255,87.0,5,222.54999999999998,2025-04-25,2026-06-05,2026-08-31,4,4,3,11,Loyal Customers,Upsell higher-value products; enrol in loyalty programme.
CUST000256,90.0,1,92.07,2026-06-02,2026-06-02,2026-08-31,4,1,2,7,New Customers,Onboard well; send a strong second-purchase incentive within 30 days.
CUST000257,572.0,1,21.41,2025-02-05,2025-02-05,2026-08-31,1,1,1,3,Lost,Deprioritise spend; include only in broad low-cost re-engagement blasts.
CUST000258,41.0,12,870.84,2024-09-01,2026-07-21,2026-08-31,5,5,5,15,Champions,Reward with early access / loyalty perks; ask for referrals & reviews.
CUST000259,72.0,8,1009.23,2024-12-05,2026-06-20,2026-08-31,4,4,5,13,Champions,Reward with early access / loyalty perks; ask for referrals & reviews.
CUST000260,204.0,1,27.93,2026-02-08,2026-02-08,2026-08-31,3,1,1,5,Promising,Nurture with targeted content; small incentive to drive a second order.
CUST000261,90.0,9,839.27,2024-09-21,2026-06-02,2026-08-31,4,5,5,14,Champions,Reward with early access / loyalty perks; ask for referrals & reviews.
CUST000262,508.0,4,294.22,2024-11-02,2025-04-10,2026-08-31,1,3,4,8,At Risk,Reach out personally; time-boxed discount to prevent churn.
CUST000263,167.0,5,250.42000000000002,2025-04-06,2026-03-17,2026-08-31,3,4,4,11,Loyal Customers,Upsell higher-value products; enrol in loyalty programme.
CUST000264,40.0,11,1016.3199999999999,2024-11-02,2026-07-22,2026-08-31,5,5,5,15,Champions,Reward with early access / loyalty perks; ask for referrals & reviews.
CUST000265,510.0,4,146.5,2024-10-30,2025-04-08,2026-08-31,1,3,3,7,At Risk,Reach out personally; time-boxed discount to prevent churn.
CUST000266,23.0,13,760.85,2024-09-21,2026-08-08,2026-08-31,5,5,5,15,Champions,Reward with early access / loyalty perks; ask for referrals & reviews.
CUST000267,159.0,5,337.40999999999997,2025-07-31,2026-03-25,2026-08-31,3,4,4,11,Loyal Customers,Upsell higher-value products; enrol in loyalty programme.
CUST000268,58.0,10,851.81,2024-11-10,2026-07-04,2026-08-31,4,5,5,14,Champions,Reward with early access / loyalty perks; ask for referrals & reviews.
CUST000269,28.0,12,1302.19,2024-09-06,2026-08-03,2026-08-31,5,5,5,15,Champions,Reward with early access / loyalty perks; ask for referrals & reviews.
CUST000270,3.0,13,1699.62,2024-10-02,2026-08-28,2026-08-31,5,5,5,15,Champions,Reward with early access / loyalty perks; ask for referrals & reviews.
CUST000271,20.0,11,1655.69,2024-09-27,2026-08-11,2026-08-31,5,5,5,15,Champions,Reward with early access / loyalty perks; ask for referrals & reviews.
CUST000272,85.0,8,611.36,2024-09-25,2026-06-07,2026-08-31,4,4,4,12,Champions,Reward with early access / loyalty perks; ask for referrals & reviews.
CUST000273,23.0,10,1433.25,2024-10-21,2026-08-08,2026-08-31,5,5,5,15,Champions,Reward with early access / loyalty perks; ask for referrals & reviews.
CUST000274,638.0,1,21.14,2024-12-01,2024-12-01,2026-08-31,1,1,1,3,Lost,Deprioritise spend; include only in broad low-cost re-engagement blasts.
CUST000275,199.0,1,47.07,2026-02-13,2026-02-13,2026-08-31,3,1,1,5,Promising,Nurture with targeted content; small incentive to drive a second order.
CUST000276,181.0,3,252.12,2025-10-28,2026-03-03,2026-08-31,3,3,4,10,Need Attention,Limited-time win-back offer; recommend based on past purchases.
CUST000277,149.0,4,159.01,2025-09-02,2026-04-04,2026-08-31,3,3,3,9,Need Attention,Limited-time win-back offer; recommend based on past purchases.
CUST000278,407.0,1,41.64,2025-07-20,2025-07-20,2026-08-31,2,1,1,4,About To Sleep,Re-engagement email with personalised recommendations before they go cold.
CUST000279,621.0,2,41.71,2024-10-25,2024-12-18,2026-08-31,1,2,1,4,Hibernating,Low-cost reactivation campaign; survey to learn why they stopped buying.
CUST000280,315.0,2,39.68,2025-08-11,2025-10-20,2026-08-31,2,2,1,5,About To Sleep,Re-engagement email with personalised recommendations before they go cold.
CUST000281,33.0,12,1801.83,2024-10-21,2026-07-29,2026-08-31,5,5,5,15,Champions,Reward with early access / loyalty perks; ask for referrals & reviews.
CUST000282,27.0,12,702.75,2024-12-07,2026-08-04,2026-08-31,5,5,4,14,Champions,Reward with early access / loyalty perks; ask for referrals & reviews.
CUST000283,91.0,4,354.88,2025-11-28,2026-06-01,2026-08-31,4,3,4,11,Potential Loyalists,Offer membership / subscription; personalised follow-up after purchase.
CUST000284,209.0,2,254.18,2025-11-12,2026-02-03,2026-08-31,3,2,4,9,Promising,Nurture with targeted content; small incentive to drive a second order.
CUST000285,485.0,1,25.27,2025-05-03,2025-05-03,2026-08-31,1,1,1,3,Lost,Deprioritise spend; include only in broad low-cost re-engagement blasts.
CUST000286,96.0,2,146.19,2026-02-27,2026-05-27,2026-08-31,4,2,3,9,Potential Loyalists,Offer membership / subscription; personalised follow-up after purchase.
CUST000287,60.0,12,1626.45,2024-10-25,2026-07-02,2026-08-31,4,5,5,14,Champions,Reward with early access / loyalty perks; ask for referrals & reviews.
CUST000288,65.0,4,287.23,2025-10-25,2026-06-27,2026-08-31,4,3,4,11,Potential Loyalists,Offer membership / subscription; personalised follow-up after purchase.
CUST000289,350.0,1,4.05,2025-09-15,2025-09-15,2026-08-31,2,1,1,4,About To Sleep,Re-engagement email with personalised recommendations before they go cold.
CUST000290,17.0,10,566.7,2024-11-05,2026-08-14,2026-08-31,5,5,4,14,Champions,Reward with early access / loyalty perks; ask for referrals & reviews.
CUST000291,506.0,1,34.05,2025-04-12,2025-04-12,2026-08-31,1,1,1,3,Lost,Deprioritise spend; include only in broad low-cost re-engagement blasts.
CUST000292,16.0,9,1251.5,2024-10-17,2026-08-15,2026-08-31,5,5,5,15,Champions,Reward with early access / loyalty perks; ask for referrals & reviews.
CUST000293,658.0,2,101.72,2024-09-29,2024-11-11,2026-08-31,1,2,2,5,Hibernating,Low-cost reactivation campaign; survey to learn why they stopped buying.
CUST000294,20.0,12,1352.47,2024-10-13,2026-08-11,2026-08-31,5,5,5,15,Champions,Reward with early access / loyalty perks; ask for referrals & reviews.
CUST000295,470.0,1,37.68,2025-05-18,2025-05-18,2026-08-31,1,1,1,3,Lost,Deprioritise spend; include only in broad low-cost re-engagement blasts.
CUST000296,604.0,3,150.44,2024-09-05,2025-01-04,2026-08-31,1,3,3,7,At Risk,Reach out personally; time-boxed discount to prevent churn.
CUST000297,44.0,6,3954.5600000000004,2025-06-17,2026-07-18,2026-08-31,5,4,5,14,Champions,Reward with early access / loyalty perks; ask for referrals & reviews.
CUST000298,384.0,3,254.23,2025-05-03,2025-08-12,2026-08-31,2,3,4,9,At Risk,Reach out personally; time-boxed discount to prevent churn.
CUST000299,375.0,3,149.98000000000002,2025-05-25,2025-08-21,2026-08-31,2,3,3,8,At Risk,Reach out personally; time-boxed discount to prevent churn.
CUST000300,65.0,1,40.02,2026-06-27,2026-06-27,2026-08-31,4,1,1,6,New Customers,Onboard well; send a strong second-purchase incentive within 30 days.
CUST000301,630.0,3,198.64,2024-10-05,2024-12-09,2026-08-31,1,3,3,7,At Risk,Reach out personally; time-boxed discount to prevent churn.
CUST000302,72.0,9,932.8299999999999,2025-06-22,2026-06-20,2026-08-31,4,5,5,14,Champions,Reward with early access / loyalty perks; ask for referrals & reviews.
CUST000303,233.0,1,56.51,2026-01-10,2026-01-10,2026-08-31,2,1,2,5,About To Sleep,Re-engagement email with personalised recommendations before they go cold.
CUST000304,673.0,1,20.37,2024-10-27,2024-10-27,2026-08-31,1,1,1,3,Lost,Deprioritise spend; include only in broad low-cost re-engagement blasts.
CUST000305,442.0,4,185.41,2025-02-02,2025-06-15,2026-08-31,2,3,3,8,At Risk,Reach out personally; time-boxed discount to prevent churn.
CUST000306,213.0,5,423.25,2025-04-12,2026-01-30,2026-08-31,3,4,4,11,Loyal Customers,Upsell higher-value products; enrol in loyalty programme.
CUST000307,315.0,3,119.15,2025-04-07,2025-10-20,2026-08-31,2,3,3,8,At Risk,Reach out personally; time-boxed discount to prevent churn.
CUST000308,127.0,1,26.22,2026-04-26,2026-04-26,2026-08-31,3,1,1,5,Promising,Nurture with targeted content; small incentive to drive a second order.
CUST000309,238.0,3,136.28,2025-11-30,2026-01-05,2026-08-31,2,3,3,8,At Risk,Reach out personally; time-boxed discount to prevent churn.
CUST000310,80.0,10,1152.51,2024-11-21,2026-06-12,2026-08-31,4,5,5,14,Champions,Reward with early access / loyalty perks; ask for referrals & reviews.
CUST000311,150.0,2,55.980000000000004,2026-01-28,2026-04-03,2026-08-31,3,2,2,7,Promising,Nurture with targeted content; small incentive to drive a second order.
CUST000312,131.0,3,149.54,2026-03-07,2026-04-22,2026-08-31,3,3,3,9,Need Attention,Limited-time win-back offer; recommend based on past purchases.
CUST000313,63.0,5,161.12,2025-10-18,2026-06-29,2026-08-31,4,4,3,11,Loyal Customers,Upsell higher-value products; enrol in loyalty programme.
CUST000314,100.0,6,489.73,2025-05-29,2026-05-23,2026-08-31,4,4,4,12,Champions,Reward with early access / loyalty perks; ask for referrals & reviews.
CUST000315,185.0,2,68.24000000000001,2026-01-22,2026-02-27,2026-08-31,3,2,2,7,Promising,Nurture with targeted content; small incentive to drive a second order.
CUST000316,56.0,2,95.72999999999999,2026-06-16,2026-07-06,2026-08-31,4,2,2,8,Potential Loyalists,Offer membership / subscription; personalised follow-up after purchase.
CUST000317,135.0,5,210.28,2025-07-11,2026-04-18,2026-08-31,3,4,3,10,Loyal Customers,Upsell higher-value products; enrol in loyalty programme.
CUST000318,324.0,1,11.83,2025-10-11,2025-10-11,2026-08-31,2,1,1,4,About To Sleep,Re-engagement email with personalised recommendations before they go cold.
CUST000319,214.0,6,376.69,2025-03-18,2026-01-29,2026-08-31,3,4,4,11,Loyal Customers,Upsell higher-value products; enrol in loyalty programme.
CUST000320,450.0,3,143.41,2025-04-29,2025-06-07,2026-08-31,2,3,3,8,At Risk,Reach out personally; time-boxed discount to prevent churn.
CUST000321,680.0,1,11.91,2024-10-20,2024-10-20,2026-08-31,1,1,1,3,Lost,Deprioritise spend; include only in broad low-cost re-engagement blasts.
CUST000322,203.0,5,677.3299999999999,2025-05-04,2026-02-09,2026-08-31,3,4,4,11,Loyal Customers,Upsell higher-value products; enrol in loyalty programme.
CUST000323,218.0,5,260.94,2025-06-29,2026-01-25,2026-08-31,3,4,4,11,Loyal Customers,Upsell higher-value products; enrol in loyalty programme.
CUST000324,239.0,1,34.03,2026-01-04,2026-01-04,2026-08-31,2,1,1,4,About To Sleep,Re-engagement email with personalised recommendations before they go cold.
CUST000325,595.0,2,76.32,2024-11-13,2025-01-13,2026-08-31,1,2,2,5,Hibernating,Low-cost reactivation campaign; survey to learn why they stopped buying.
CUST000326,187.0,1,62.88,2026-02-25,2026-02-25,2026-08-31,3,1,2,6,Promising,Nurture with targeted content; small incentive to drive a second order.
CUST000327,636.0,2,73.49,2024-10-17,2024-12-03,2026-08-31,1,2,2,5,Hibernating,Low-cost reactivation campaign; survey to learn why they stopped buying.
CUST000328,255.0,1,105.91,2025-12-19,2025-12-19,2026-08-31,2,1,2,5,About To Sleep,Re-engagement email with personalised recommendations before they go cold.
CUST000329,47.0,1,25.83,2026-07-15,2026-07-15,2026-08-31,4,1,1,6,New Customers,Onboard well; send a strong second-purchase incentive within 30 days.
CUST000330,134.0,2,66.99000000000001,2026-01-29,2026-04-19,2026-08-31,3,2,2,7,Promising,Nurture with targeted content; small incentive to drive a second order.
CUST000331,44.0,1,28.69,2026-07-18,2026-07-18,2026-08-31,5,1,1,7,New Customers,Onboard well; send a strong second-purchase incentive within 30 days.
CUST000332,71.0,3,139.4,2026-02-03,2026-06-21,2026-08-31,4,3,3,10,Potential Loyalists,Offer membership / subscription; personalised follow-up after purchase.
CUST000333,48.0,1,51.41,2026-07-14,2026-07-14,2026-08-31,4,1,2,7,New Customers,Onboard well; send a strong second-purchase incentive within 30 days.
CUST000334,644.0,1,29.63,2024-11-25,2024-11-25,2026-08-31,1,1,1,3,Lost,Deprioritise spend; include only in broad low-cost re-engagement blasts.
CUST000335,57.0,13,1019.5999999999999,2024-09-02,2026-07-05,2026-08-31,4,5,5,14,Champions,Reward with early access / loyalty perks; ask for referrals & reviews.
CUST000336,426.0,1,27.97,2025-07-01,2025-07-01,2026-08-31,2,1,1,4,About To Sleep,Re-engagement email with personalised recommendations before they go cold.
CUST000337,85.0,9,827.79,2024-09-10,2026-06-07,2026-08-31,4,5,5,14,Champions,Reward with early access / loyalty perks; ask for referrals & reviews.
CUST000338,410.0,1,57.72,2025-07-17,2025-07-17,2026-08-31,2,1,2,5,About To Sleep,Re-engagement email with personalised recommendations before they go cold.
CUST000339,67.0,12,949.92,2024-09-23,2026-06-25,2026-08-31,4,5,5,14,Champions,Reward with early access / loyalty perks; ask for referrals & reviews.
CUST000340,538.0,4,152.06,2024-10-15,2025-03-11,2026-08-31,1,3,3,7,At Risk,Reach out personally; time-boxed discount to prevent churn.
CUST000341,41.0,9,669.3,2024-12-27,2026-07-21,2026-08-31,5,5,4,14,Champions,Reward with early access / loyalty perks; ask for referrals & reviews.
CUST000342,10.0,10,6599.94,2025-07-10,2026-08-21,2026-08-31,5,5,5,15,Champions,Reward with early access / loyalty perks; ask for referrals & reviews.
CUST000343,337.0,3,110.48,2025-05-03,2025-09-28,2026-08-31,2,3,3,8,At Risk,Reach out personally; time-boxed discount to prevent churn.
CUST000344,236.0,1,32.14,2026-01-07,2026-01-07,2026-08-31,2,1,1,4,About To Sleep,Re-engagement email with personalised recommendations before they go cold.
CUST000345,660.0,1,77.97,2024-11-09,2024-11-09,2026-08-31,1,1,2,4,Lost,Deprioritise spend; include only in broad low-cost re-engagement blasts.
CUST000346,678.0,2,75.69,2024-09-25,2024-10-22,2026-08-31,1,2,2,5,Hibernating,Low-cost reactivation campaign; survey to learn why they stopped buying.
CUST000347,363.0,4,157.79,2025-05-15,2025-09-02,2026-08-31,2,3,3,8,At Risk,Reach out personally; time-boxed discount to prevent churn.
CUST000348,111.0,5,135.87,2025-12-09,2026-05-12,2026-08-31,3,4,3,10,Loyal Customers,Upsell higher-value products; enrol in loyalty programme.
CUST000349,252.0,1,20.38,2025-12-22,2025-12-22,2026-08-31,2,1,1,4,About To Sleep,Re-engagement email with personalised recommendations before they go cold.
CUST000350,39.0,14,920.85,2024-09-10,2026-07-23,2026-08-31,5,5,5,15,Champions,Reward with early access / loyalty perks; ask for referrals & reviews.
CUST000351,583.0,1,53.61,2025-01-25,2025-01-25,2026-08-31,1,1,2,4,Lost,Deprioritise spend; include only in broad low-cost re-engagement blasts.
CUST000352,2.0,13,888.67,2024-09-12,2026-08-29,2026-08-31,5,5,5,15,Champions,Reward with early access / loyalty perks; ask for referrals & reviews.
CUST000353,330.0,1,59.0,2025-10-05,2025-10-05,2026-08-31,2,1,2,5,About To Sleep,Re-engagement email with personalised recommendations before they go cold.
CUST000354,634.0,1,122.4,2024-12-05,2024-12-05,2026-08-31,1,1,3,5,Lost,Deprioritise spend; include only in broad low-cost re-engagement blasts.
CUST000355,185.0,3,275.81,2025-10-28,2026-02-27,2026-08-31,3,3,4,10,Need Attention,Limited-time win-back offer; recommend based on past purchases.
CUST000356,76.0,1,21.43,2026-06-16,2026-06-16,2026-08-31,4,1,1,6,New Customers,Onboard well; send a strong second-purchase incentive within 30 days.
CUST000357,424.0,1,30.88,2025-07-03,2025-07-03,2026-08-31,2,1,1,4,About To Sleep,Re-engagement email with personalised recommendations before they go cold.
CUST000358,482.0,3,107.47999999999999,2024-10-30,2025-05-06,2026-08-31,1,3,2,6,Hibernating,Low-cost reactivation campaign; survey to learn why they stopped buying.
CUST000359,55.0,4,200.84,2025-11-11,2026-07-07,2026-08-31,4,3,3,10,Potential Loyalists,Offer membership / subscription; personalised follow-up after purchase.
CUST000360,587.0,1,60.79,2025-01-21,2025-01-21,2026-08-31,1,1,2,4,Lost,Deprioritise spend; include only in broad low-cost re-engagement blasts.
CUST000361,364.0,2,298.33,2025-06-17,2025-09-01,2026-08-31,2,2,4,8,About To Sleep,Re-engagement email with personalised recommendations before they go cold.
CUST000362,66.0,9,857.46,2025-04-12,2026-06-26,2026-08-31,4,5,5,14,Champions,Reward with early access / loyalty perks; ask for referrals & reviews.
CUST000363,19.0,12,1027.34,2024-11-01,2026-08-12,2026-08-31,5,5,5,15,Champions,Reward with early access / loyalty perks; ask for referrals & reviews.
CUST000364,32.0,10,906.52,2024-09-02,2026-07-30,2026-08-31,5,5,5,15,Champions,Reward with early access / loyalty perks; ask for referrals & reviews.
CUST000365,43.0,1,22.35,2026-07-19,2026-07-19,2026-08-31,5,1,1,7,New Customers,Onboard well; send a strong second-purchase incentive within 30 days.
CUST000366,99.0,2,101.09,2026-03-05,2026-05-24,2026-08-31,4,2,2,8,Potential Loyalists,Offer membership / subscription; personalised follow-up after purchase.
CUST000367,489.0,4,199.62,2024-12-27,2025-04-29,2026-08-31,1,3,3,7,At Risk,Reach out personally; time-boxed discount to prevent churn.
CUST000368,428.0,1,30.64,2025-06-29,2025-06-29,2026-08-31,2,1,1,4,About To Sleep,Re-engagement email with personalised recommendations before they go cold.
CUST000369,49.0,5,504.2,2025-08-10,2026-07-13,2026-08-31,4,4,4,12,Champions,Reward with early access / loyalty perks; ask for referrals & reviews.
CUST000370,431.0,1,19.3,2025-06-26,2025-06-26,2026-08-31,2,1,1,4,About To Sleep,Re-engagement email with personalised recommendations before they go cold.
CUST000371,376.0,4,872.1399999999999,2025-01-31,2025-08-20,2026-08-31,2,3,5,10,At Risk,Reach out personally; time-boxed discount to prevent churn.
CUST000372,184.0,3,173.42,2025-08-18,2026-02-28,2026-08-31,3,3,3,9,Need Attention,Limited-time win-back offer; recommend based on past purchases.
CUST000373,145.0,4,108.58,2025-07-16,2026-04-08,2026-08-31,3,3,2,8,Need Attention,Limited-time win-back offer; recommend based on past purchases.
CUST000374,152.0,4,338.29,2025-08-21,2026-04-01,2026-08-31,3,3,4,10,Need Attention,Limited-time win-back offer; recommend based on past purchases.
CUST000375,31.0,9,601.96,2024-12-15,2026-07-31,2026-08-31,5,5,4,14,Champions,Reward with early access / loyalty perks; ask for referrals & reviews.
CUST000376,32.0,9,506.26,2024-09-21,2026-07-30,2026-08-31,5,5,4,14,Champions,Reward with early access / loyalty perks; ask for referrals & reviews.
CUST000377,415.0,4,135.56,2024-12-12,2025-07-12,2026-08-31,2,3,3,8,At Risk,Reach out personally; time-boxed discount to prevent churn.
CUST000378,75.0,4,214.51999999999998,2025-11-23,2026-06-17,2026-08-31,4,3,3,10,Potential Loyalists,Offer membership / subscription; personalised follow-up after purchase.
CUST000379,221.0,6,379.28,2025-04-30,2026-01-22,2026-08-31,2,4,4,10,At Risk,Reach out personally; time-boxed discount to prevent churn.
CUST000380,180.0,1,42.51,2026-03-04,2026-03-04,2026-08-31,3,1,1,5,Promising,Nurture with targeted content; small incentive to drive a second order.
CUST000381,664.0,1,25.78,2024-11-05,2024-11-05,2026-08-31,1,1,1,3,Lost,Deprioritise spend; include only in broad low-cost re-engagement blasts.
CUST000382,380.0,3,246.39999999999998,2025-05-11,2025-08-16,2026-08-31,2,3,4,9,At Risk,Reach out personally; time-boxed discount to prevent churn.
CUST000383,372.0,1,58.45,2025-08-24,2025-08-24,2026-08-31,2,1,2,5,About To Sleep,Re-engagement email with personalised recommendations before they go cold.
CUST000384,166.0,3,248.83999999999997,2026-02-07,2026-03-18,2026-08-31,3,3,4,10,Need Attention,Limited-time win-back offer; recommend based on past purchases.
CUST000385,92.0,3,133.46,2025-12-08,2026-05-31,2026-08-31,4,3,3,10,Potential Loyalists,Offer membership / subscription; personalised follow-up after purchase.
CUST000386,31.0,12,11138.51,2024-12-08,2026-07-31,2026-08-31,5,5,5,15,Champions,Reward with early access / loyalty perks; ask for referrals & reviews.
CUST000387,161.0,1,49.36,2026-03-23,2026-03-23,2026-08-31,3,1,2,6,Promising,Nurture with targeted content; small incentive to drive a second order.
CUST000388,15.0,10,6974.4,2025-02-05,2026-08-16,2026-08-31,5,5,5,15,Champions,Reward with early access / loyalty perks; ask for referrals & reviews.
CUST000389,64.0,9,625.6,2025-01-05,2026-06-28,2026-08-31,4,5,4,13,Champions,Reward with early access / loyalty perks; ask for referrals & reviews.
CUST000390,431.0,1,26.49,2025-06-26,2025-06-26,2026-08-31,2,1,1,4,About To Sleep,Re-engagement email with personalised recommendations before they go cold.
CUST000391,471.0,1,130.34,2025-05-17,2025-05-17,2026-08-31,1,1,3,5,Lost,Deprioritise spend; include only in broad low-cost re-engagement blasts.
CUST000392,84.0,15,1229.21,2024-09-12,2026-06-08,2026-08-31,4,5,5,14,Champions,Reward with early access / loyalty perks; ask for referrals & reviews.
CUST000393,111.0,1,27.69,2026-05-12,2026-05-12,2026-08-31,3,1,1,5,Promising,Nurture with targeted content; small incentive to drive a second order.
CUST000394,291.0,1,118.45,2025-11-13,2025-11-13,2026-08-31,2,1,3,6,About To Sleep,Re-engagement email with personalised recommendations before they go cold.
CUST000395,4.0,12,1579.3899999999999,2024-09-04,2026-08-27,2026-08-31,5,5,5,15,Champions,Reward with early access / loyalty perks; ask for referrals & reviews.
CUST000396,133.0,2,80.42,2026-03-23,2026-04-20,2026-08-31,3,2,2,7,Promising,Nurture with targeted content; small incentive to drive a second order.
CUST000397,468.0,2,112.81,2025-02-25,2025-05-20,2026-08-31,1,2,3,6,Need Attention,Limited-time win-back offer; recommend based on past purchases.
CUST000398,226.0,5,253.51,2025-03-19,2026-01-17,2026-08-31,2,4,4,10,At Risk,Reach out personally; time-boxed discount to prevent churn.
CUST000399,125.0,6,413.96,2025-10-02,2026-04-28,2026-08-31,3,4,4,11,Loyal Customers,Upsell higher-value products; enrol in loyalty programme.
CUST000400,54.0,2,120.35,2026-04-22,2026-07-08,2026-08-31,4,2,3,9,Potential Loyalists,Offer membership / subscription; personalised follow-up after purchase.
CUST000401,193.0,4,188.13,2025-09-19,2026-02-19,2026-08-31,3,3,3,9,Need Attention,Limited-time win-back offer; recommend based on past purchases.
CUST000402,392.0,2,60.15,2025-05-16,2025-08-04,2026-08-31,2,2,2,6,About To Sleep,Re-engagement email with personalised recommendations before they go cold.
CUST000403,697.0,1,34.2,2024-10-03,2024-10-03,2026-08-31,1,1,1,3,Lost,Deprioritise spend; include only in broad low-cost re-engagement blasts.
CUST000404,13.0,10,800.9100000000001,2025-04-26,2026-08-18,2026-08-31,5,5,5,15,Champions,Reward with early access / loyalty perks; ask for referrals & reviews.
CUST000405,18.0,8,5590.16,2025-07-03,2026-08-13,2026-08-31,5,4,5,14,Champions,Reward with early access / loyalty perks; ask for referrals & reviews.
CUST000406,491.0,1,38.25,2025-04-27,2025-04-27,2026-08-31,1,1,1,3,Lost,Deprioritise spend; include only in broad low-cost re-engagement blasts.
CUST000407,167.0,6,264.43,2025-03-16,2026-03-17,2026-08-31,3,4,4,11,Loyal Customers,Upsell higher-value products; enrol in loyalty programme.
CUST000408,339.0,1,24.11,2025-09-26,2025-09-26,2026-08-31,2,1,1,4,About To Sleep,Re-engagement email with personalised recommendations before they go cold.
CUST000409,33.0,9,685.3499999999999,2024-09-21,2026-07-29,2026-08-31,5,5,4,14,Champions,Reward with early access / loyalty perks; ask for referrals & reviews.
CUST000410,18.0,7,4199.64,2025-08-23,2026-08-13,2026-08-31,5,4,5,14,Champions,Reward with early access / loyalty perks; ask for referrals & reviews.
CUST000411,378.0,1,36.48,2025-08-18,2025-08-18,2026-08-31,2,1,1,4,About To Sleep,Re-engagement email with personalised recommendations before they go cold.
CUST000412,604.0,1,13.22,2025-01-04,2025-01-04,2026-08-31,1,1,1,3,Lost,Deprioritise spend; include only in broad low-cost re-engagement blasts.
CUST000413,56.0,11,573.63,2024-12-05,2026-07-06,2026-08-31,4,5,4,13,Champions,Reward with early access / loyalty perks; ask for referrals & reviews.
CUST000414,306.0,2,79.11,2025-08-12,2025-10-29,2026-08-31,2,2,2,6,About To Sleep,Re-engagement email with personalised recommendations before they go cold.
CUST000415,15.0,13,1630.24,2024-09-03,2026-08-16,2026-08-31,5,5,5,15,Champions,Reward with early access / loyalty perks; ask for referrals & reviews.
CUST000416,161.0,2,118.23,2026-01-16,2026-03-23,2026-08-31,3,2,3,8,Promising,Nurture with targeted content; small incentive to drive a second order.
CUST000417,60.0,9,960.02,2025-04-19,2026-07-02,2026-08-31,4,5,5,14,Champions,Reward with early access / loyalty perks; ask for referrals & reviews.
CUST000418,615.0,2,55.61,2024-10-23,2024-12-24,2026-08-31,1,2,2,5,Hibernating,Low-cost reactivation campaign; survey to learn why they stopped buying.
CUST000419,66.0,10,661.09,2025-05-08,2026-06-26,2026-08-31,4,5,4,13,Champions,Reward with early access / loyalty perks; ask for referrals & reviews.
CUST000420,375.0,4,175.56,2025-02-21,2025-08-21,2026-08-31,2,3,3,8,At Risk,Reach out personally; time-boxed discount to prevent churn.
CUST000421,558.0,1,27.48,2025-02-19,2025-02-19,2026-08-31,1,1,1,3,Lost,Deprioritise spend; include only in broad low-cost re-engagement blasts.
CUST000422,44.0,9,1358.42,2024-10-17,2026-07-18,2026-08-31,5,5,5,15,Champions,Reward with early access / loyalty perks; ask for referrals & reviews.
CUST000423,1.0,13,1663.1100000000001,2024-09-12,2026-08-30,2026-08-31,5,5,5,15,Champions,Reward with early access / loyalty perks; ask for referrals & reviews.
CUST000424,13.0,12,1230.52,2024-10-05,2026-08-18,2026-08-31,5,5,5,15,Champions,Reward with early access / loyalty perks; ask for referrals & reviews.
CUST000425,,0,0.0,,,2026-08-31,,,,,No Purchase History,Investigate: no purchase history -- confirm signup funnel / re-engage with welcome offer.
CUST000426,604.0,2,64.16,2024-11-06,2025-01-04,2026-08-31,1,2,2,5,Hibernating,Low-cost reactivation campaign; survey to learn why they stopped buying.
CUST000427,191.0,2,280.37,2025-11-05,2026-02-21,2026-08-31,3,2,4,9,Promising,Nurture with targeted content; small incentive to drive a second order.
CUST000428,649.0,2,50.47,2024-09-20,2024-11-20,2026-08-31,1,2,2,5,Hibernating,Low-cost reactivation campaign; survey to learn why they stopped buying.
CUST000429,42.0,14,1294.28,2024-09-11,2026-07-20,2026-08-31,5,5,5,15,Champions,Reward with early access / loyalty perks; ask for referrals & reviews.
CUST000430,503.0,3,85.55000000000001,2025-02-24,2025-04-15,2026-08-31,1,3,2,6,Hibernating,Low-cost reactivation campaign; survey to learn why they stopped buying.
CUST000431,589.0,2,60.66,2024-11-10,2025-01-19,2026-08-31,1,2,2,5,Hibernating,Low-cost reactivation campaign; survey to learn why they stopped buying.
CUST000432,395.0,4,159.21,2025-05-31,2025-08-01,2026-08-31,2,3,3,8,At Risk,Reach out personally; time-boxed discount to prevent churn.
CUST000433,309.0,1,38.2,2025-10-26,2025-10-26,2026-08-31,2,1,1,4,About To Sleep,Re-engagement email with personalised recommendations before they go cold.
CUST000434,381.0,1,137.2,2025-08-15,2025-08-15,2026-08-31,2,1,3,6,About To Sleep,Re-engagement email with personalised recommendations before they go cold.
CUST000435,25.0,11,1840.25,2024-09-04,2026-08-06,2026-08-31,5,5,5,15,Champions,Reward with early access / loyalty perks; ask for referrals & reviews.
CUST000436,83.0,2,37.05,2026-04-19,2026-06-09,2026-08-31,4,2,1,7,Potential Loyalists,Offer membership / subscription; personalised follow-up after purchase.
CUST000437,26.0,11,1351.79,2024-09-12,2026-08-05,2026-08-31,5,5,5,15,Champions,Reward with early access / loyalty perks; ask for referrals & reviews.
CUST000438,670.0,1,107.37,2024-10-30,2024-10-30,2026-08-31,1,1,2,4,Lost,Deprioritise spend; include only in broad low-cost re-engagement blasts.
CUST000439,119.0,1,20.94,2026-05-04,2026-05-04,2026-08-31,3,1,1,5,Promising,Nurture with targeted content; small incentive to drive a second order.
CUST000440,408.0,1,34.86,2025-07-19,2025-07-19,2026-08-31,2,1,1,4,About To Sleep,Re-engagement email with personalised recommendations before they go cold.
CUST000441,381.0,2,65.32,2025-04-27,2025-08-15,2026-08-31,2,2,2,6,About To Sleep,Re-engagement email with personalised recommendations before they go cold.
CUST000442,76.0,9,706.32,2024-10-27,2026-06-16,2026-08-31,4,5,4,13,Champions,Reward with early access / loyalty perks; ask for referrals & reviews.
CUST000443,17.0,1,59.04,2026-08-14,2026-08-14,2026-08-31,5,1,2,8,New Customers,Onboard well; send a strong second-purchase incentive within 30 days.
CUST000444,45.0,8,440.49,2025-03-27,2026-07-17,2026-08-31,5,4,4,13,Champions,Reward with early access / loyalty perks; ask for referrals & reviews.
CUST000445,73.0,2,111.12,2026-02-25,2026-06-19,2026-08-31,4,2,3,9,Potential Loyalists,Offer membership / subscription; personalised follow-up after purchase.
CUST000446,418.0,1,62.02,2025-07-09,2025-07-09,2026-08-31,2,1,2,5,About To Sleep,Re-engagement email with personalised recommendations before they go cold.
CUST000447,6.0,11,7717.4,2024-10-11,2026-08-25,2026-08-31,5,5,5,15,Champions,Reward with early access / loyalty perks; ask for referrals & reviews.
CUST000448,525.0,1,28.58,2025-03-24,2025-03-24,2026-08-31,1,1,1,3,Lost,Deprioritise spend; include only in broad low-cost re-engagement blasts.
CUST000449,30.0,10,1459.7,2024-09-11,2026-08-01,2026-08-31,5,5,5,15,Champions,Reward with early access / loyalty perks; ask for referrals & reviews.
CUST000450,614.0,1,43.58,2024-12-25,2024-12-25,2026-08-31,1,1,1,3,Lost,Deprioritise spend; include only in broad low-cost re-engagement blasts.
CUST000451,38.0,9,1386.73,2024-11-12,2026-07-24,2026-08-31,5,5,5,15,Champions,Reward with early access / loyalty perks; ask for referrals & reviews.
CUST000452,316.0,4,201.88,2025-03-02,2025-10-19,2026-08-31,2,3,3,8,At Risk,Reach out personally; time-boxed discount to prevent churn.
CUST000453,153.0,1,20.12,2026-03-31,2026-03-31,2026-08-31,3,1,1,5,Promising,Nurture with targeted content; small incentive to drive a second order.
CUST000454,8.0,14,1375.96,2024-10-07,2026-08-23,2026-08-31,5,5,5,15,Champions,Reward with early access / loyalty perks; ask for referrals & reviews.
CUST000455,11.0,13,1049.74,2024-09-01,2026-08-20,2026-08-31,5,5,5,15,Champions,Reward with early access / loyalty perks; ask for referrals & reviews.
CUST000456,20.0,8,767.23,2025-04-20,2026-08-11,2026-08-31,5,4,5,14,Champions,Reward with early access / loyalty perks; ask for referrals & reviews.
CUST000457,30.0,10,9703.64,2025-04-29,2026-08-01,2026-08-31,5,5,5,15,Champions,Reward with early access / loyalty perks; ask for referrals & reviews.
CUST000458,121.0,4,359.08,2026-01-06,2026-05-02,2026-08-31,3,3,4,10,Need Attention,Limited-time win-back offer; recommend based on past purchases.
CUST000459,332.0,1,27.17,2025-10-03,2025-10-03,2026-08-31,2,1,1,4,About To Sleep,Re-engagement email with personalised recommendations before they go cold.
CUST000460,,0,0.0,,,2026-08-31,,,,,No Purchase History,Investigate: no purchase history -- confirm signup funnel / re-engage with welcome offer.
CUST000461,177.0,1,31.93,2026-03-07,2026-03-07,2026-08-31,3,1,1,5,Promising,Nurture with targeted content; small incentive to drive a second order.
CUST000462,81.0,10,931.49,2024-09-24,2026-06-11,2026-08-31,4,5,5,14,Champions,Reward with early access / loyalty perks; ask for referrals & reviews.
CUST000463,659.0,1,66.1,2024-11-10,2024-11-10,2026-08-31,1,1,2,4,Lost,Deprioritise spend; include only in broad low-cost re-engagement blasts.
CUST000464,223.0,3,226.62,2025-09-25,2026-01-20,2026-08-31,2,3,4,9,At Risk,Reach out personally; time-boxed discount to prevent churn.
CUST000465,349.0,1,76.64,2025-09-16,2025-09-16,2026-08-31,2,1,2,5,About To Sleep,Re-engagement email with personalised recommendations before they go cold.
CUST000466,112.0,1,46.65,2026-05-11,2026-05-11,2026-08-31,3,1,1,5,Promising,Nurture with targeted content; small incentive to drive a second order.
CUST000467,445.0,1,17.72,2025-06-12,2025-06-12,2026-08-31,2,1,1,4,About To Sleep,Re-engagement email with personalised recommendations before they go cold.
CUST000468,425.0,1,22.29,2025-07-02,2025-07-02,2026-08-31,2,1,1,4,About To Sleep,Re-engagement email with personalised recommendations before they go cold.
CUST000469,83.0,9,891.08,2024-12-16,2026-06-09,2026-08-31,4,5,5,14,Champions,Reward with early access / loyalty perks; ask for referrals & reviews.
CUST000470,201.0,1,28.6,2026-02-11,2026-02-11,2026-08-31,3,1,1,5,Promising,Nurture with targeted content; small incentive to drive a second order.
CUST000471,192.0,4,152.65,2025-07-15,2026-02-20,2026-08-31,3,3,3,9,Need Attention,Limited-time win-back offer; recommend based on past purchases.
CUST000472,139.0,5,221.1,2025-08-31,2026-04-14,2026-08-31,3,4,3,10,Loyal Customers,Upsell higher-value products; enrol in loyalty programme.
CUST000473,89.0,13,962.14,2024-09-01,2026-06-03,2026-08-31,4,5,5,14,Champions,Reward with early access / loyalty perks; ask for referrals & reviews.
CUST000474,4.0,15,1256.46,2024-09-05,2026-08-27,2026-08-31,5,5,5,15,Champions,Reward with early access / loyalty perks; ask for referrals & reviews.
CUST000475,112.0,5,401.42,2025-09-08,2026-05-11,2026-08-31,3,4,4,11,Loyal Customers,Upsell higher-value products; enrol in loyalty programme.
CUST000476,104.0,6,414.88,2025-06-10,2026-05-19,2026-08-31,4,4,4,12,Champions,Reward with early access / loyalty perks; ask for referrals & reviews.
CUST000477,53.0,3,171.23,2025-12-30,2026-07-09,2026-08-31,4,3,3,10,Potential Loyalists,Offer membership / subscription; personalised follow-up after purchase.
CUST000478,250.0,1,31.02,2025-12-24,2025-12-24,2026-08-31,2,1,1,4,About To Sleep,Re-engagement email with personalised recommendations before they go cold.
CUST000479,585.0,1,36.73,2025-01-23,2025-01-23,2026-08-31,1,1,1,3,Lost,Deprioritise spend; include only in broad low-cost re-engagement blasts.
CUST000480,90.0,5,170.49,2025-12-13,2026-06-02,2026-08-31,4,4,3,11,Loyal Customers,Upsell higher-value products; enrol in loyalty programme.
CUST000481,131.0,1,34.94,2026-04-22,2026-04-22,2026-08-31,3,1,1,5,Promising,Nurture with targeted content; small incentive to drive a second order.
CUST000482,170.0,2,260.94,2026-01-05,2026-03-14,2026-08-31,3,2,4,9,Promising,Nurture with targeted content; small incentive to drive a second order.
CUST000483,498.0,1,102.56,2025-04-20,2025-04-20,2026-08-31,1,1,2,4,Lost,Deprioritise spend; include only in broad low-cost re-engagement blasts.
CUST000484,227.0,5,388.59000000000003,2025-03-29,2026-01-16,2026-08-31,2,4,4,10,At Risk,Reach out personally; time-boxed discount to prevent churn.
CUST000485,14.0,10,1111.1399999999999,2024-12-14,2026-08-17,2026-08-31,5,5,5,15,Champions,Reward with early access / loyalty perks; ask for referrals & reviews.
CUST000486,137.0,2,98.19,2026-02-03,2026-04-16,2026-08-31,3,2,2,7,Promising,Nurture with targeted content; small incentive to drive a second order.
CUST000487,220.0,4,158.01,2025-04-22,2026-01-23,2026-08-31,3,3,3,9,Need Attention,Limited-time win-back offer; recommend based on past purchases.
CUST000488,57.0,5,268.07,2026-03-10,2026-07-05,2026-08-31,4,4,4,12,Champions,Reward with early access / loyalty perks; ask for referrals & reviews.
CUST000489,217.0,1,70.32,2026-01-26,2026-01-26,2026-08-31,3,1,2,6,Promising,Nurture with targeted content; small incentive to drive a second order.
CUST000490,579.0,1,26.31,2025-01-29,2025-01-29,2026-08-31,1,1,1,3,Lost,Deprioritise spend; include only in broad low-cost re-engagement blasts.
CUST000491,529.0,1,25.69,2025-03-20,2025-03-20,2026-08-31,1,1,1,3,Lost,Deprioritise spend; include only in broad low-cost re-engagement blasts.
CUST000492,319.0,1,59.89,2025-10-16,2025-10-16,2026-08-31,2,1,2,5,About To Sleep,Re-engagement email with personalised recommendations before they go cold.
CUST000493,363.0,1,11.1,2025-09-02,2025-09-02,2026-08-31,2,1,1,4,About To Sleep,Re-engagement email with personalised recommendations before they go cold.
CUST000494,194.0,3,142.71,2025-08-24,2026-02-18,2026-08-31,3,3,3,9,Need Attention,Limited-time win-back offer; recommend based on past purchases.
CUST000495,656.0,2,139.44,2024-11-06,2024-11-13,2026-08-31,1,2,3,6,Need Attention,Limited-time win-back offer; recommend based on past purchases.
CUST000496,102.0,1,24.22,2026-05-21,2026-05-21,2026-08-31,4,1,1,6,New Customers,Onboard well; send a strong second-purchase incentive within 30 days.
CUST000497,186.0,5,139.66,2025-07-28,2026-02-26,2026-08-31,3,4,3,10,Loyal Customers,Upsell higher-value products; enrol in loyalty programme.
CUST000498,356.0,1,183.78,2025-09-09,2025-09-09,2026-08-31,2,1,3,6,About To Sleep,Re-engagement email with personalised recommendations before they go cold.
CUST000499,233.0,6,305.19,2025-04-06,2026-01-10,2026-08-31,2,4,4,10,At Risk,Reach out personally; time-boxed discount to prevent churn.
CUST000500,515.0,1,22.85,2025-04-03,2025-04-03,2026-08-31,1,1,1,3,Lost,Deprioritise spend; include only in broad low-cost re-engagement blasts.
CUST000501,270.0,1,40.51,2025-12-04,2025-12-04,2026-08-31,2,1,1,4,About To Sleep,Re-engagement email with personalised recommendations before they go cold.
CUST000502,635.0,2,63.709999999999994,2024-10-13,2024-12-04,2026-08-31,1,2,2,5,Hibernating,Low-cost reactivation campaign; survey to learn why they stopped buying.
CUST000503,514.0,2,66.33,2024-12-23,2025-04-04,2026-08-31,1,2,2,5,Hibernating,Low-cost reactivation campaign; survey to learn why they stopped buying.
CUST000504,500.0,1,74.42,2025-04-18,2025-04-18,2026-08-31,1,1,2,4,Lost,Deprioritise spend; include only in broad low-cost re-engagement blasts.
CUST000505,253.0,1,142.51,2025-12-21,2025-12-21,2026-08-31,2,1,3,6,About To Sleep,Re-engagement email with personalised recommendations before they go cold.
CUST000506,633.0,1,60.8,2024-12-06,2024-12-06,2026-08-31,1,1,2,4,Lost,Deprioritise spend; include only in broad low-cost re-engagement blasts.
CUST000507,153.0,4,163.9,2025-08-24,2026-03-31,2026-08-31,3,3,3,9,Need Attention,Limited-time win-back offer; recommend based on past purchases.
CUST000508,373.0,1,4.39,2025-08-23,2025-08-23,2026-08-31,2,1,1,4,About To Sleep,Re-engagement email with personalised recommendations before they go cold.
CUST000509,147.0,5,203.13,2025-09-11,2026-04-06,2026-08-31,3,4,3,10,Loyal Customers,Upsell higher-value products; enrol in loyalty programme.
CUST000510,91.0,11,656.69,2024-09-07,2026-06-01,2026-08-31,4,5,4,13,Champions,Reward with early access / loyalty perks; ask for referrals & reviews.
CUST000511,47.0,9,613.29,2024-10-09,2026-07-15,2026-08-31,4,5,4,13,Champions,Reward with early access / loyalty perks; ask for referrals & reviews.
CUST000512,562.0,2,45.7,2024-10-22,2025-02-15,2026-08-31,1,2,1,4,Hibernating,Low-cost reactivation campaign; survey to learn why they stopped buying.
CUST000513,36.0,10,1400.1200000000001,2024-09-06,2026-07-26,2026-08-31,5,5,5,15,Champions,Reward with early access / loyalty perks; ask for referrals & reviews.
CUST000514,93.0,2,140.12,2026-04-17,2026-05-30,2026-08-31,4,2,3,9,Potential Loyalists,Offer membership / subscription; personalised follow-up after purchase.
CUST000515,72.0,2,68.99,2026-03-18,2026-06-20,2026-08-31,4,2,2,8,Potential Loyalists,Offer membership / subscription; personalised follow-up after purchase.
CUST000516,54.0,9,768.11,2025-10-03,2026-07-08,2026-08-31,4,5,5,14,Champions,Reward with early access / loyalty perks; ask for referrals & reviews.
CUST000517,205.0,5,287.92,2025-02-22,2026-02-07,2026-08-31,3,4,4,11,Loyal Customers,Upsell higher-value products; enrol in loyalty programme.
CUST000518,205.0,1,21.61,2026-02-07,2026-02-07,2026-08-31,3,1,1,5,Promising,Nurture with targeted content; small incentive to drive a second order.
CUST000519,28.0,13,1417.9,2024-10-03,2026-08-03,2026-08-31,5,5,5,15,Champions,Reward with early access / loyalty perks; ask for referrals & reviews.
CUST000520,687.0,1,97.37,2024-10-13,2024-10-13,2026-08-31,1,1,2,4,Lost,Deprioritise spend; include only in broad low-cost re-engagement blasts.
CUST000521,593.0,4,367.44,2024-10-18,2025-01-15,2026-08-31,1,3,4,8,At Risk,Reach out personally; time-boxed discount to prevent churn.
CUST000522,222.0,5,401.87,2025-09-24,2026-01-21,2026-08-31,2,4,4,10,At Risk,Reach out personally; time-boxed discount to prevent churn.
CUST000523,13.0,10,706.88,2025-05-31,2026-08-18,2026-08-31,5,5,4,14,Champions,Reward with early access / loyalty perks; ask for referrals & reviews.
CUST000524,251.0,1,91.4,2025-12-23,2025-12-23,2026-08-31,2,1,2,5,About To Sleep,Re-engagement email with personalised recommendations before they go cold.
CUST000525,46.0,9,663.25,2025-08-29,2026-07-16,2026-08-31,4,5,4,13,Champions,Reward with early access / loyalty perks; ask for referrals & reviews.
CUST000526,74.0,3,282.3,2026-03-18,2026-06-18,2026-08-31,4,3,4,11,Potential Loyalists,Offer membership / subscription; personalised follow-up after purchase.
CUST000527,23.0,3,2182.04,2026-02-19,2026-08-08,2026-08-31,5,3,5,13,Potential Loyalists,Offer membership / subscription; personalised follow-up after purchase.
CUST000528,21.0,7,5475.54,2025-09-22,2026-08-10,2026-08-31,5,4,5,14,Champions,Reward with early access / loyalty perks; ask for referrals & reviews.
CUST000529,698.0,1,74.22,2024-10-02,2024-10-02,2026-08-31,1,1,2,4,Lost,Deprioritise spend; include only in broad low-cost re-engagement blasts.
CUST000530,204.0,4,126.86,2025-10-05,2026-02-08,2026-08-31,3,3,3,9,Need Attention,Limited-time win-back offer; recommend based on past purchases.
CUST000531,438.0,1,22.93,2025-06-19,2025-06-19,2026-08-31,2,1,1,4,About To Sleep,Re-engagement email with personalised recommendations before they go cold.
CUST000532,171.0,1,40.15,2026-03-13,2026-03-13,2026-08-31,3,1,1,5,Promising,Nurture with targeted content; small incentive to drive a second order.
CUST000533,59.0,2,155.39999999999998,2026-05-28,2026-07-03,2026-08-31,4,2,3,9,Potential Loyalists,Offer membership / subscription; personalised follow-up after purchase.
CUST000534,545.0,1,40.16,2025-03-04,2025-03-04,2026-08-31,1,1,1,3,Lost,Deprioritise spend; include only in broad low-cost re-engagement blasts.
CUST000535,31.0,16,2344.11,2024-10-01,2026-07-31,2026-08-31,5,5,5,15,Champions,Reward with early access / loyalty perks; ask for referrals & reviews.
CUST000536,136.0,1,65.69,2026-04-17,2026-04-17,2026-08-31,3,1,2,6,Promising,Nurture with targeted content; small incentive to drive a second order.
CUST000537,92.0,1,51.18,2026-05-31,2026-05-31,2026-08-31,4,1,2,7,New Customers,Onboard well; send a strong second-purchase incentive within 30 days.
CUST000538,78.0,10,644.76,2024-11-28,2026-06-14,2026-08-31,4,5,4,13,Champions,Reward with early access / loyalty perks; ask for referrals & reviews.
CUST000539,26.0,10,642.47,2024-10-29,2026-08-05,2026-08-31,5,5,4,14,Champions,Reward with early access / loyalty perks; ask for referrals & reviews.
CUST000540,548.0,4,186.24,2024-12-05,2025-03-01,2026-08-31,1,3,3,7,At Risk,Reach out personally; time-boxed discount to prevent churn.
CUST000541,14.0,10,11620.63,2025-02-01,2026-08-17,2026-08-31,5,5,5,15,Champions,Reward with early access / loyalty perks; ask for referrals & reviews.
CUST000542,603.0,1,39.92,2025-01-05,2025-01-05,2026-08-31,1,1,1,3,Lost,Deprioritise spend; include only in broad low-cost re-engagement blasts.
CUST000543,319.0,1,41.4,2025-10-16,2025-10-16,2026-08-31,2,1,1,4,About To Sleep,Re-engagement email with personalised recommendations before they go cold.
CUST000544,24.0,13,9370.21,2024-12-08,2026-08-07,2026-08-31,5,5,5,15,Champions,Reward with early access / loyalty perks; ask for referrals & reviews.
CUST000545,70.0,9,705.74,2025-01-21,2026-06-22,2026-08-31,4,5,4,13,Champions,Reward with early access / loyalty perks; ask for referrals & reviews.
CUST000546,57.0,3,183.07999999999998,2026-02-17,2026-07-05,2026-08-31,4,3,3,10,Potential Loyalists,Offer membership / subscription; personalised follow-up after purchase.
CUST000547,101.0,3,212.19,2026-03-07,2026-05-22,2026-08-31,4,3,3,10,Potential Loyalists,Offer membership / subscription; personalised follow-up after purchase.
CUST000548,55.0,9,616.3299999999999,2025-03-22,2026-07-07,2026-08-31,4,5,4,13,Champions,Reward with early access / loyalty perks; ask for referrals & reviews.
CUST000549,380.0,1,10.59,2025-08-16,2025-08-16,2026-08-31,2,1,1,4,About To Sleep,Re-engagement email with personalised recommendations before they go cold.
CUST000550,196.0,4,193.74,2025-10-08,2026-02-16,2026-08-31,3,3,3,9,Need Attention,Limited-time win-back offer; recommend based on past purchases.
CUST000551,173.0,6,471.68,2025-03-18,2026-03-11,2026-08-31,3,4,4,11,Loyal Customers,Upsell higher-value products; enrol in loyalty programme.
CUST000552,64.0,9,861.79,2025-06-04,2026-06-28,2026-08-31,4,5,5,14,Champions,Reward with early access / loyalty perks; ask for referrals & reviews.
CUST000553,83.0,11,1123.29,2024-11-19,2026-06-09,2026-08-31,4,5,5,14,Champions,Reward with early access / loyalty perks; ask for referrals & reviews.
CUST000554,413.0,2,40.04,2025-05-02,2025-07-14,2026-08-31,2,2,1,5,About To Sleep,Re-engagement email with personalised recommendations before they go cold.
CUST000555,30.0,10,1535.6000000000001,2024-09-20,2026-08-01,2026-08-31,5,5,5,15,Champions,Reward with early access / loyalty perks; ask for referrals & reviews.
CUST000556,38.0,3,204.24,2026-01-29,2026-07-24,2026-08-31,5,3,3,11,Potential Loyalists,Offer membership / subscription; personalised follow-up after purchase.
CUST000557,235.0,2,45.93,2025-09-12,2026-01-08,2026-08-31,2,2,1,5,About To Sleep,Re-engagement email with personalised recommendations before they go cold.
CUST000558,101.0,5,239.72,2025-10-14,2026-05-22,2026-08-31,4,4,4,12,Champions,Reward with early access / loyalty perks; ask for referrals & reviews.
CUST000559,93.0,1,35.47,2026-05-30,2026-05-30,2026-08-31,4,1,1,6,New Customers,Onboard well; send a strong second-purchase incentive within 30 days.
CUST000560,216.0,3,293.23,2025-10-23,2026-01-27,2026-08-31,3,3,4,10,Need Attention,Limited-time win-back offer; recommend based on past purchases.
CUST000561,52.0,7,456.01,2025-05-17,2026-07-10,2026-08-31,4,4,4,12,Champions,Reward with early access / loyalty perks; ask for referrals & reviews.
CUST000562,219.0,4,319.75,2025-07-25,2026-01-24,2026-08-31,3,3,4,10,Need Attention,Limited-time win-back offer; recommend based on past purchases.
CUST000563,379.0,4,223.31,2025-01-06,2025-08-17,2026-08-31,2,3,3,8,At Risk,Reach out personally; time-boxed discount to prevent churn.
CUST000564,402.0,1,38.02,2025-07-25,2025-07-25,2026-08-31,2,1,1,4,About To Sleep,Re-engagement email with personalised recommendations before they go cold.
CUST000565,623.0,1,94.83,2024-12-16,2024-12-16,2026-08-31,1,1,2,4,Lost,Deprioritise spend; include only in broad low-cost re-engagement blasts.
CUST000566,210.0,1,45.53,2026-02-02,2026-02-02,2026-08-31,3,1,1,5,Promising,Nurture with targeted content; small incentive to drive a second order.
CUST000567,624.0,2,38.94,2024-09-27,2024-12-15,2026-08-31,1,2,1,4,Hibernating,Low-cost reactivation campaign; survey to learn why they stopped buying.
CUST000568,26.0,13,1425.29,2024-09-25,2026-08-05,2026-08-31,5,5,5,15,Champions,Reward with early access / loyalty perks; ask for referrals & reviews.
CUST000569,150.0,4,185.79,2025-08-18,2026-04-03,2026-08-31,3,3,3,9,Need Attention,Limited-time win-back offer; recommend based on past purchases.
CUST000570,,0,0.0,,,2026-08-31,,,,,No Purchase History,Investigate: no purchase history -- confirm signup funnel / re-engage with welcome offer.
CUST000571,197.0,4,130.68,2025-09-10,2026-02-15,2026-08-31,3,3,3,9,Need Attention,Limited-time win-back offer; recommend based on past purchases.
CUST000572,691.0,2,66.87,2024-09-08,2024-10-09,2026-08-31,1,2,2,5,Hibernating,Low-cost reactivation campaign; survey to learn why they stopped buying.
CUST000573,64.0,5,203.14999999999998,2025-06-08,2026-06-28,2026-08-31,4,4,3,11,Loyal Customers,Upsell higher-value products; enrol in loyalty programme.
CUST000574,310.0,2,46.97,2025-10-01,2025-10-25,2026-08-31,2,2,1,5,About To Sleep,Re-engagement email with personalised recommendations before they go cold.
CUST000575,679.0,1,12.69,2024-10-21,2024-10-21,2026-08-31,1,1,1,3,Lost,Deprioritise spend; include only in broad low-cost re-engagement blasts.
CUST000576,671.0,1,34.93,2024-10-29,2024-10-29,2026-08-31,1,1,1,3,Lost,Deprioritise spend; include only in broad low-cost re-engagement blasts.
CUST000577,426.0,4,105.25,2025-02-21,2025-07-01,2026-08-31,2,3,2,7,Hibernating,Low-cost reactivation campaign; survey to learn why they stopped buying.
CUST000578,396.0,1,178.29,2025-07-31,2025-07-31,2026-08-31,2,1,3,6,About To Sleep,Re-engagement email with personalised recommendations before they go cold.
CUST000579,399.0,3,75.46000000000001,2025-04-04,2025-07-28,2026-08-31,2,3,2,7,Hibernating,Low-cost reactivation campaign; survey to learn why they stopped buying.
CUST000580,173.0,3,252.73999999999998,2025-11-17,2026-03-11,2026-08-31,3,3,4,10,Need Attention,Limited-time win-back offer; recommend based on past purchases.
CUST000581,164.0,3,176.45999999999998,2025-10-01,2026-03-20,2026-08-31,3,3,3,9,Need Attention,Limited-time win-back offer; recommend based on past purchases.
CUST000582,642.0,1,49.36,2024-11-27,2024-11-27,2026-08-31,1,1,2,4,Lost,Deprioritise spend; include only in broad low-cost re-engagement blasts.
CUST000583,24.0,10,668.62,2024-09-29,2026-08-07,2026-08-31,5,5,4,14,Champions,Reward with early access / loyalty perks; ask for referrals & reviews.
CUST000584,54.0,3,166.97,2025-12-11,2026-07-08,2026-08-31,4,3,3,10,Potential Loyalists,Offer membership / subscription; personalised follow-up after purchase.
CUST000585,594.0,4,145.18,2024-08-31,2025-01-14,2026-08-31,1,3,3,7,At Risk,Reach out personally; time-boxed discount to prevent churn.
CUST000586,50.0,1,33.42,2026-07-12,2026-07-12,2026-08-31,4,1,1,6,New Customers,Onboard well; send a strong second-purchase incentive within 30 days.
CUST000587,12.0,10,970.62,2024-12-22,2026-08-19,2026-08-31,5,5,5,15,Champions,Reward with early access / loyalty perks; ask for referrals & reviews.
CUST000588,153.0,3,216.95,2025-12-30,2026-03-31,2026-08-31,3,3,3,9,Need Attention,Limited-time win-back offer; recommend based on past purchases.
CUST000589,46.0,9,835.48,2024-11-07,2026-07-16,2026-08-31,4,5,5,14,Champions,Reward with early access / loyalty perks; ask for referrals & reviews.
CUST000590,11.0,13,2526.7,2024-10-22,2026-08-20,2026-08-31,5,5,5,15,Champions,Reward with early access / loyalty perks; ask for referrals & reviews.
CUST000591,590.0,1,320.68,2025-01-18,2025-01-18,2026-08-31,1,1,4,6,Lost,Deprioritise spend; include only in broad low-cost re-engagement blasts.
CUST000592,236.0,3,112.03999999999999,2025-06-04,2026-01-07,2026-08-31,2,3,3,8,At Risk,Reach out personally; time-boxed discount to prevent churn.
CUST000593,108.0,2,98.41999999999999,2026-02-25,2026-05-15,2026-08-31,4,2,2,8,Potential Loyalists,Offer membership / subscription; personalised follow-up after purchase.
CUST000594,316.0,1,19.38,2025-10-19,2025-10-19,2026-08-31,2,1,1,4,About To Sleep,Re-engagement email with personalised recommendations before they go cold.
CUST000595,44.0,12,2255.79,2024-09-10,2026-07-18,2026-08-31,5,5,5,15,Champions,Reward with early access / loyalty perks; ask for referrals & reviews.
CUST000596,47.0,2,103.83,2026-05-25,2026-07-15,2026-08-31,4,2,2,8,Potential Loyalists,Offer membership / subscription; personalised follow-up after purchase.
CUST000597,647.0,1,31.81,2024-11-22,2024-11-22,2026-08-31,1,1,1,3,Lost,Deprioritise spend; include only in broad low-cost re-engagement blasts.
CUST000598,149.0,1,16.39,2026-04-04,2026-04-04,2026-08-31,3,1,1,5,Promising,Nurture with targeted content; small incentive to drive a second order.
CUST000599,16.0,12,7854.87,2024-09-09,2026-08-15,2026-08-31,5,5,5,15,Champions,Reward with early access / loyalty perks; ask for referrals & reviews.
CUST000600,617.0,1,24.68,2024-12-22,2024-12-22,2026-08-31,1,1,1,3,Lost,Deprioritise spend; include only in broad low-cost re-engagement blasts.
CUST000601,33.0,6,415.94,2025-08-04,2026-07-29,2026-08-31,5,4,4,13,Champions,Reward with early access / loyalty perks; ask for referrals & reviews.
CUST000602,620.0,2,95.75,2024-11-22,2024-12-19,2026-08-31,1,2,2,5,Hibernating,Low-cost reactivation campaign; survey to learn why they stopped buying.
CUST000603,535.0,3,147.27999999999997,2025-02-24,2025-03-14,2026-08-31,1,3,3,7,At Risk,Reach out personally; time-boxed discount to prevent churn.
CUST000604,494.0,1,10.42,2025-04-24,2025-04-24,2026-08-31,1,1,1,3,Lost,Deprioritise spend; include only in broad low-cost re-engagement blasts.
CUST000605,5.0,9,6835.6900000000005,2024-12-09,2026-08-26,2026-08-31,5,5,5,15,Champions,Reward with early access / loyalty perks; ask for referrals & reviews.
CUST000606,573.0,3,101.97,2024-10-30,2025-02-04,2026-08-31,1,3,2,6,Hibernating,Low-cost reactivation campaign; survey to learn why they stopped buying.
CUST000607,542.0,3,202.89,2024-11-20,2025-03-07,2026-08-31,1,3,3,7,At Risk,Reach out personally; time-boxed discount to prevent churn.
CUST000608,91.0,11,813.55,2024-09-28,2026-06-01,2026-08-31,4,5,5,14,Champions,Reward with early access / loyalty perks; ask for referrals & reviews.
CUST000609,303.0,1,174.24,2025-11-01,2025-11-01,2026-08-31,2,1,3,6,About To Sleep,Re-engagement email with personalised recommendations before they go cold.
CUST000610,68.0,5,245.07000000000002,2025-11-10,2026-06-24,2026-08-31,4,4,4,12,Champions,Reward with early access / loyalty perks; ask for referrals & reviews.
CUST000611,,0,0.0,,,2026-08-31,,,,,No Purchase History,Investigate: no purchase history -- confirm signup funnel / re-engage with welcome offer.
CUST000612,328.0,1,36.71,2025-10-07,2025-10-07,2026-08-31,2,1,1,4,About To Sleep,Re-engagement email with personalised recommendations before they go cold.
CUST000613,9.0,8,5397.07,2025-10-03,2026-08-22,2026-08-31,5,4,5,14,Champions,Reward with early access / loyalty perks; ask for referrals & reviews.
CUST000614,22.0,8,6807.73,2025-08-07,2026-08-09,2026-08-31,5,4,5,14,Champions,Reward with early access / loyalty perks; ask for referrals & reviews.
CUST000615,151.0,3,148.89,2025-09-10,2026-04-02,2026-08-31,3,3,3,9,Need Attention,Limited-time win-back offer; recommend based on past purchases.
CUST000616,604.0,1,89.79,2025-01-04,2025-01-04,2026-08-31,1,1,2,4,Lost,Deprioritise spend; include only in broad low-cost re-engagement blasts.
CUST000617,650.0,1,293.98,2024-11-19,2024-11-19,2026-08-31,1,1,4,6,Lost,Deprioritise spend; include only in broad low-cost re-engagement blasts.
CUST000618,122.0,4,120.58,2025-10-24,2026-05-01,2026-08-31,3,3,3,9,Need Attention,Limited-time win-back offer; recommend based on past purchases.
CUST000619,5.0,11,791.09,2024-09-03,2026-08-26,2026-08-31,5,5,5,15,Champions,Reward with early access / loyalty perks; ask for referrals & reviews.
CUST000620,33.0,11,1112.93,2024-11-05,2026-07-29,2026-08-31,5,5,5,15,Champions,Reward with early access / loyalty perks; ask for referrals & reviews.
CUST000621,623.0,2,77.2,2024-12-06,2024-12-16,2026-08-31,1,2,2,5,Hibernating,Low-cost reactivation campaign; survey to learn why they stopped buying.
CUST000622,178.0,4,301.09,2025-07-17,2026-03-06,2026-08-31,3,3,4,10,Need Attention,Limited-time win-back offer; recommend based on past purchases.
CUST000623,29.0,6,5273.34,2025-07-11,2026-08-02,2026-08-31,5,4,5,14,Champions,Reward with early access / loyalty perks; ask for referrals & reviews.
CUST000624,84.0,4,226.87,2025-10-30,2026-06-08,2026-08-31,4,3,4,11,Potential Loyalists,Offer membership / subscription; personalised follow-up after purchase.
CUST000625,7.0,10,6055.09,2025-03-08,2026-08-24,2026-08-31,5,5,5,15,Champions,Reward with early access / loyalty perks; ask for referrals & reviews.
CUST000626,219.0,3,70.41,2025-10-05,2026-01-24,2026-08-31,3,3,2,8,Need Attention,Limited-time win-back offer; recommend based on past purchases.
CUST000627,342.0,1,20.28,2025-09-23,2025-09-23,2026-08-31,2,1,1,4,About To Sleep,Re-engagement email with personalised recommendations before they go cold.
CUST000628,82.0,10,864.8,2024-12-02,2026-06-10,2026-08-31,4,5,5,14,Champions,Reward with early access / loyalty perks; ask for referrals & reviews.
CUST000629,378.0,1,27.4,2025-08-18,2025-08-18,2026-08-31,2,1,1,4,About To Sleep,Re-engagement email with personalised recommendations before they go cold.
CUST000630,415.0,4,227.96999999999997,2024-12-08,2025-07-12,2026-08-31,2,3,4,9,At Risk,Reach out personally; time-boxed discount to prevent churn.
CUST000631,541.0,2,51.08,2024-11-29,2025-03-08,2026-08-31,1,2,2,5,Hibernating,Low-cost reactivation campaign; survey to learn why they stopped buying.
CUST000632,669.0,2,102.62,2024-10-09,2024-10-31,2026-08-31,1,2,2,5,Hibernating,Low-cost reactivation campaign; survey to learn why they stopped buying.
CUST000633,24.0,10,1082.1200000000001,2024-12-22,2026-08-07,2026-08-31,5,5,5,15,Champions,Reward with early access / loyalty perks; ask for referrals & reviews.
CUST000634,47.0,6,615.31,2025-07-19,2026-07-15,2026-08-31,4,4,4,12,Champions,Reward with early access / loyalty perks; ask for referrals & reviews.
CUST000635,21.0,13,1957.33,2024-11-09,2026-08-10,2026-08-31,5,5,5,15,Champions,Reward with early access / loyalty perks; ask for referrals & reviews.
CUST000636,72.0,11,764.43,2024-11-30,2026-06-20,2026-08-31,4,5,5,14,Champions,Reward with early access / loyalty perks; ask for referrals & reviews.
CUST000637,590.0,1,15.16,2025-01-18,2025-01-18,2026-08-31,1,1,1,3,Lost,Deprioritise spend; include only in broad low-cost re-engagement blasts.
CUST000638,387.0,1,208.37,2025-08-09,2025-08-09,2026-08-31,2,1,3,6,About To Sleep,Re-engagement email with personalised recommendations before they go cold.
CUST000639,358.0,3,135.37,2025-03-30,2025-09-07,2026-08-31,2,3,3,8,At Risk,Reach out personally; time-boxed discount to prevent churn.
CUST000640,389.0,1,25.27,2025-08-07,2025-08-07,2026-08-31,2,1,1,4,About To Sleep,Re-engagement email with personalised recommendations before they go cold.
CUST000641,589.0,1,36.34,2025-01-19,2025-01-19,2026-08-31,1,1,1,3,Lost,Deprioritise spend; include only in broad low-cost re-engagement blasts.
CUST000642,540.0,2,152.71,2025-01-13,2025-03-09,2026-08-31,1,2,3,6,Need Attention,Limited-time win-back offer; recommend based on past purchases.
CUST000643,6.0,12,2043.6,2024-11-12,2026-08-25,2026-08-31,5,5,5,15,Champions,Reward with early access / loyalty perks; ask for referrals & reviews.
CUST000644,114.0,4,319.03,2025-09-18,2026-05-09,2026-08-31,3,3,4,10,Need Attention,Limited-time win-back offer; recommend based on past purchases.
CUST000645,219.0,1,36.16,2026-01-24,2026-01-24,2026-08-31,3,1,1,5,Promising,Nurture with targeted content; small incentive to drive a second order.
CUST000646,397.0,3,181.95,2025-01-18,2025-07-30,2026-08-31,2,3,3,8,At Risk,Reach out personally; time-boxed discount to prevent churn.
CUST000647,5.0,9,1317.81,2024-09-28,2026-08-26,2026-08-31,5,5,5,15,Champions,Reward with early access / loyalty perks; ask for referrals & reviews.
CUST000648,166.0,1,11.96,2026-03-18,2026-03-18,2026-08-31,3,1,1,5,Promising,Nurture with targeted content; small incentive to drive a second order.
CUST000649,48.0,1,20.92,2026-07-14,2026-07-14,2026-08-31,4,1,1,6,New Customers,Onboard well; send a strong second-purchase incentive within 30 days.
CUST000650,20.0,11,1723.1299999999999,2024-08-30,2026-08-11,2026-08-31,5,5,5,15,Champions,Reward with early access / loyalty perks; ask for referrals & reviews.
CUST000651,168.0,3,141.93,2026-01-21,2026-03-16,2026-08-31,3,3,3,9,Need Attention,Limited-time win-back offer; recommend based on past purchases.
CUST000652,324.0,1,37.52,2025-10-11,2025-10-11,2026-08-31,2,1,1,4,About To Sleep,Re-engagement email with personalised recommendations before they go cold.
CUST000653,380.0,1,52.27,2025-08-16,2025-08-16,2026-08-31,2,1,2,5,About To Sleep,Re-engagement email with personalised recommendations before they go cold.
CUST000654,74.0,5,292.84000000000003,2026-02-05,2026-06-18,2026-08-31,4,4,4,12,Champions,Reward with early access / loyalty perks; ask for referrals & reviews.
CUST000655,335.0,4,96.58,2025-06-08,2025-09-30,2026-08-31,2,3,2,7,Hibernating,Low-cost reactivation campaign; survey to learn why they stopped buying.
CUST000656,54.0,4,164.57,2025-10-23,2026-07-08,2026-08-31,4,3,3,10,Potential Loyalists,Offer membership / subscription; personalised follow-up after purchase.
CUST000657,467.0,2,59.67999999999999,2025-03-22,2025-05-21,2026-08-31,1,2,2,5,Hibernating,Low-cost reactivation campaign; survey to learn why they stopped buying.
CUST000658,157.0,6,406.93,2025-09-15,2026-03-27,2026-08-31,3,4,4,11,Loyal Customers,Upsell higher-value products; enrol in loyalty programme.
CUST000659,439.0,1,37.47,2025-06-18,2025-06-18,2026-08-31,2,1,1,4,About To Sleep,Re-engagement email with personalised recommendations before they go cold.
CUST000660,117.0,2,101.97999999999999,2026-04-19,2026-05-06,2026-08-31,3,2,2,7,Promising,Nurture with targeted content; small incentive to drive a second order.
CUST000661,206.0,3,106.96000000000001,2025-10-27,2026-02-06,2026-08-31,3,3,2,8,Need Attention,Limited-time win-back offer; recommend based on past purchases.
CUST000662,335.0,4,243.92000000000002,2025-06-02,2025-09-30,2026-08-31,2,3,4,9,At Risk,Reach out personally; time-boxed discount to prevent churn.
CUST000663,3.0,6,583.73,2024-11-06,2026-08-28,2026-08-31,5,4,4,13,Champions,Reward with early access / loyalty perks; ask for referrals & reviews.
CUST000664,74.0,8,720.92,2024-10-20,2026-06-18,2026-08-31,4,4,4,12,Champions,Reward with early access / loyalty perks; ask for referrals & reviews.
CUST000665,75.0,4,302.82,2026-03-12,2026-06-17,2026-08-31,4,3,4,11,Potential Loyalists,Offer membership / subscription; personalised follow-up after purchase.
CUST000666,69.0,1,101.91,2026-06-23,2026-06-23,2026-08-31,4,1,2,7,New Customers,Onboard well; send a strong second-purchase incentive within 30 days.
CUST000667,577.0,2,166.24,2024-10-24,2025-01-31,2026-08-31,1,2,3,6,Need Attention,Limited-time win-back offer; recommend based on past purchases.
CUST000668,46.0,13,12564.88,2024-11-21,2026-07-16,2026-08-31,4,5,5,14,Champions,Reward with early access / loyalty perks; ask for referrals & reviews.
CUST000669,130.0,6,364.49,2025-09-14,2026-04-23,2026-08-31,3,4,4,11,Loyal Customers,Upsell higher-value products; enrol in loyalty programme.
CUST000670,51.0,4,185.04,2026-05-24,2026-07-11,2026-08-31,4,3,3,10,Potential Loyalists,Offer membership / subscription; personalised follow-up after purchase.
CUST000671,60.0,8,529.0699999999999,2025-03-28,2026-07-02,2026-08-31,4,4,4,12,Champions,Reward with early access / loyalty perks; ask for referrals & reviews.
CUST000672,,0,0.0,,,2026-08-31,,,,,No Purchase History,Investigate: no purchase history -- confirm signup funnel / re-engage with welcome offer.
CUST000673,16.0,8,6273.91,2024-09-16,2026-08-15,2026-08-31,5,4,5,14,Champions,Reward with early access / loyalty perks; ask for referrals & reviews.
CUST000674,581.0,1,222.83,2025-01-27,2025-01-27,2026-08-31,1,1,3,5,Lost,Deprioritise spend; include only in broad low-cost re-engagement blasts.
CUST000675,624.0,1,164.43,2024-12-15,2024-12-15,2026-08-31,1,1,3,5,Lost,Deprioritise spend; include only in broad low-cost re-engagement blasts.
CUST000676,34.0,6,440.78000000000003,2025-07-07,2026-07-28,2026-08-31,5,4,4,13,Champions,Reward with early access / loyalty perks; ask for referrals & reviews.
CUST000677,526.0,3,111.01,2024-09-17,2025-03-23,2026-08-31,1,3,3,7,At Risk,Reach out personally; time-boxed discount to prevent churn.
CUST000678,67.0,2,51.33,2026-05-27,2026-06-25,2026-08-31,4,2,2,8,Potential Loyalists,Offer membership / subscription; personalised follow-up after purchase.
CUST000679,73.0,9,810.54,2024-10-31,2026-06-19,2026-08-31,4,5,5,14,Champions,Reward with early access / loyalty perks; ask for referrals & reviews.
CUST000680,68.0,6,299.39,2025-09-22,2026-06-24,2026-08-31,4,4,4,12,Champions,Reward with early access / loyalty perks; ask for referrals & reviews.
CUST000681,24.0,10,945.11,2024-09-24,2026-08-07,2026-08-31,5,5,5,15,Champions,Reward with early access / loyalty perks; ask for referrals & reviews.
CUST000682,218.0,2,111.39,2025-10-16,2026-01-25,2026-08-31,3,2,3,8,Promising,Nurture with targeted content; small incentive to drive a second order.
CUST000683,4.0,10,1944.1599999999999,2024-09-02,2026-08-27,2026-08-31,5,5,5,15,Champions,Reward with early access / loyalty perks; ask for referrals & reviews.
CUST000684,221.0,4,97.46000000000001,2025-09-21,2026-01-22,2026-08-31,2,3,2,7,Hibernating,Low-cost reactivation campaign; survey to learn why they stopped buying.
CUST000685,175.0,1,62.88,2026-03-09,2026-03-09,2026-08-31,3,1,2,6,Promising,Nurture with targeted content; small incentive to drive a second order.
CUST000686,74.0,6,373.9,2025-11-01,2026-06-18,2026-08-31,4,4,4,12,Champions,Reward with early access / loyalty perks; ask for referrals & reviews.
CUST000687,199.0,3,113.87,2025-11-09,2026-02-13,2026-08-31,3,3,3,9,Need Attention,Limited-time win-back offer; recommend based on past purchases.
CUST000688,37.0,8,4547.07,2025-06-05,2026-07-25,2026-08-31,5,4,5,14,Champions,Reward with early access / loyalty perks; ask for referrals & reviews.
CUST000689,,0,0.0,,,2026-08-31,,,,,No Purchase History,Investigate: no purchase history -- confirm signup funnel / re-engage with welcome offer.
CUST000690,117.0,1,145.18,2026-05-06,2026-05-06,2026-08-31,3,1,3,7,Promising,Nurture with targeted content; small incentive to drive a second order.
CUST000691,198.0,4,180.93,2025-09-02,2026-02-14,2026-08-31,3,3,3,9,Need Attention,Limited-time win-back offer; recommend based on past purchases.
CUST000692,395.0,1,49.18,2025-08-01,2025-08-01,2026-08-31,2,1,2,5,About To Sleep,Re-engagement email with personalised recommendations before they go cold.
CUST000693,190.0,1,42.76,2026-02-22,2026-02-22,2026-08-31,3,1,1,5,Promising,Nurture with targeted content; small incentive to drive a second order.
CUST000694,215.0,6,361.04,2025-04-07,2026-01-28,2026-08-31,3,4,4,11,Loyal Customers,Upsell higher-value products; enrol in loyalty programme.
CUST000695,684.0,1,14.56,2024-10-16,2024-10-16,2026-08-31,1,1,1,3,Lost,Deprioritise spend; include only in broad low-cost re-engagement blasts.
CUST000696,132.0,1,130.3,2026-04-21,2026-04-21,2026-08-31,3,1,3,7,Promising,Nurture with targeted content; small incentive to drive a second order.
CUST000697,560.0,1,24.69,2025-02-17,2025-02-17,2026-08-31,1,1,1,3,Lost,Deprioritise spend; include only in broad low-cost re-engagement blasts.
CUST000698,420.0,1,40.09,2025-07-07,2025-07-07,2026-08-31,2,1,1,4,About To Sleep,Re-engagement email with personalised recommendations before they go cold.
CUST000699,92.0,1,36.02,2026-05-31,2026-05-31,2026-08-31,4,1,1,6,New Customers,Onboard well; send a strong second-purchase incentive within 30 days.
CUST000700,190.0,3,86.56,2025-12-11,2026-02-22,2026-08-31,3,3,2,8,Need Attention,Limited-time win-back offer; recommend based on past purchases.
CUST000701,176.0,3,314.77,2026-01-27,2026-03-08,2026-08-31,3,3,4,10,Need Attention,Limited-time win-back offer; recommend based on past purchases.
CUST000702,219.0,4,175.85999999999999,2025-06-18,2026-01-24,2026-08-31,3,3,3,9,Need Attention,Limited-time win-back offer; recommend based on past purchases.
CUST000703,30.0,11,729.9,2024-11-11,2026-08-01,2026-08-31,5,5,4,14,Champions,Reward with early access / loyalty perks; ask for referrals & reviews.
CUST000704,396.0,1,28.08,2025-07-31,2025-07-31,2026-08-31,2,1,1,4,About To Sleep,Re-engagement email with personalised recommendations before they go cold.
CUST000705,214.0,6,443.09000000000003,2025-05-22,2026-01-29,2026-08-31,3,4,4,11,Loyal Customers,Upsell higher-value products; enrol in loyalty programme.
CUST000706,24.0,1,12.49,2026-08-07,2026-08-07,2026-08-31,5,1,1,7,New Customers,Onboard well; send a strong second-purchase incentive within 30 days.
CUST000707,311.0,4,105.22,2025-06-17,2025-10-24,2026-08-31,2,3,2,7,Hibernating,Low-cost reactivation campaign; survey to learn why they stopped buying.
CUST000708,619.0,1,124.46,2024-12-20,2024-12-20,2026-08-31,1,1,3,5,Lost,Deprioritise spend; include only in broad low-cost re-engagement blasts.
CUST000709,201.0,6,400.48,2024-12-02,2026-02-11,2026-08-31,3,4,4,11,Loyal Customers,Upsell higher-value products; enrol in loyalty programme.
CUST000710,139.0,2,233.07999999999998,2026-03-19,2026-04-14,2026-08-31,3,2,4,9,Promising,Nurture with targeted content; small incentive to drive a second order.
CUST000711,4.0,9,6244.78,2025-01-12,2026-08-27,2026-08-31,5,5,5,15,Champions,Reward with early access / loyalty perks; ask for referrals & reviews.
CUST000712,200.0,1,25.96,2026-02-12,2026-02-12,2026-08-31,3,1,1,5,Promising,Nurture with targeted content; small incentive to drive a second order.
CUST000713,691.0,1,18.31,2024-10-09,2024-10-09,2026-08-31,1,1,1,3,Lost,Deprioritise spend; include only in broad low-cost re-engagement blasts.
CUST000714,631.0,1,64.47,2024-12-08,2024-12-08,2026-08-31,1,1,2,4,Lost,Deprioritise spend; include only in broad low-cost re-engagement blasts.
CUST000715,474.0,2,40.8,2025-03-22,2025-05-14,2026-08-31,1,2,1,4,Hibernating,Low-cost reactivation campaign; survey to learn why they stopped buying.
CUST000716,87.0,10,737.64,2025-01-14,2026-06-05,2026-08-31,4,5,4,13,Champions,Reward with early access / loyalty perks; ask for referrals & reviews.
CUST000717,287.0,1,42.29,2025-11-17,2025-11-17,2026-08-31,2,1,1,4,About To Sleep,Re-engagement email with personalised recommendations before they go cold.
CUST000718,61.0,8,642.67,2024-10-20,2026-07-01,2026-08-31,4,4,4,12,Champions,Reward with early access / loyalty perks; ask for referrals & reviews.
CUST000719,207.0,1,73.69,2026-02-05,2026-02-05,2026-08-31,3,1,2,6,Promising,Nurture with targeted content; small incentive to drive a second order.
CUST000720,11.0,5,4892.1900000000005,2026-01-13,2026-08-20,2026-08-31,5,4,5,14,Champions,Reward with early access / loyalty perks; ask for referrals & reviews.
CUST000721,436.0,1,7.13,2025-06-21,2025-06-21,2026-08-31,2,1,1,4,About To Sleep,Re-engagement email with personalised recommendations before they go cold.
CUST000722,84.0,3,230.55,2025-12-11,2026-06-08,2026-08-31,4,3,4,11,Potential Loyalists,Offer membership / subscription; personalised follow-up after purchase.
CUST000723,45.0,12,1858.24,2024-10-29,2026-07-17,2026-08-31,5,5,5,15,Champions,Reward with early access / loyalty perks; ask for referrals & reviews.
CUST000724,1.0,7,4589.12,2025-05-28,2026-08-30,2026-08-31,5,4,5,14,Champions,Reward with early access / loyalty perks; ask for referrals & reviews.
CUST000725,87.0,7,651.75,2024-10-26,2026-06-05,2026-08-31,4,4,4,12,Champions,Reward with early access / loyalty perks; ask for referrals & reviews.
CUST000726,16.0,13,2015.52,2024-09-24,2026-08-15,2026-08-31,5,5,5,15,Champions,Reward with early access / loyalty perks; ask for referrals & reviews.
CUST000727,105.0,3,189.08,2025-11-06,2026-05-18,2026-08-31,4,3,3,10,Potential Loyalists,Offer membership / subscription; personalised follow-up after purchase.
CUST000728,62.0,10,720.79,2024-09-29,2026-06-30,2026-08-31,4,5,4,13,Champions,Reward with early access / loyalty perks; ask for referrals & reviews.
CUST000729,151.0,3,179.07,2026-02-15,2026-04-02,2026-08-31,3,3,3,9,Need Attention,Limited-time win-back offer; recommend based on past purchases.
CUST000730,76.0,1,37.21,2026-06-16,2026-06-16,2026-08-31,4,1,1,6,New Customers,Onboard well; send a strong second-purchase incentive within 30 days.
CUST000731,96.0,5,300.06,2025-11-14,2026-05-27,2026-08-31,4,4,4,12,Champions,Reward with early access / loyalty perks; ask for referrals & reviews.
CUST000732,34.0,9,1363.41,2024-09-17,2026-07-28,2026-08-31,5,5,5,15,Champions,Reward with early access / loyalty perks; ask for referrals & reviews.
CUST000733,57.0,12,1119.58,2024-09-15,2026-07-05,2026-08-31,4,5,5,14,Champions,Reward with early access / loyalty perks; ask for referrals & reviews.
CUST000734,67.0,2,99.99000000000001,2026-05-30,2026-06-25,2026-08-31,4,2,2,8,Potential Loyalists,Offer membership / subscription; personalised follow-up after purchase.
CUST000735,53.0,11,1087.92,2024-08-31,2026-07-09,2026-08-31,4,5,5,14,Champions,Reward with early access / loyalty perks; ask for referrals & reviews.
CUST000736,161.0,1,20.54,2026-03-23,2026-03-23,2026-08-31,3,1,1,5,Promising,Nurture with targeted content; small incentive to drive a second order.
CUST000737,116.0,5,365.61,2025-11-21,2026-05-07,2026-08-31,3,4,4,11,Loyal Customers,Upsell higher-value products; enrol in loyalty programme.
CUST000738,94.0,3,120.88,2026-03-25,2026-05-29,2026-08-31,4,3,3,10,Potential Loyalists,Offer membership / subscription; personalised follow-up after purchase.
CUST000739,141.0,4,194.73,2025-08-06,2026-04-12,2026-08-31,3,3,3,9,Need Attention,Limited-time win-back offer; recommend based on past purchases.
CUST000740,38.0,2,75.56,2026-06-10,2026-07-24,2026-08-31,5,2,2,9,Potential Loyalists,Offer membership / subscription; personalised follow-up after purchase.
CUST000741,102.0,9,1375.85,2024-10-30,2026-05-21,2026-08-31,4,5,5,14,Champions,Reward with early access / loyalty perks; ask for referrals & reviews.
CUST000742,64.0,11,888.5500000000001,2024-09-27,2026-06-28,2026-08-31,4,5,5,14,Champions,Reward with early access / loyalty perks; ask for referrals & reviews.
CUST000743,691.0,1,99.27,2024-10-09,2024-10-09,2026-08-31,1,1,2,4,Lost,Deprioritise spend; include only in broad low-cost re-engagement blasts.
CUST000744,21.0,8,1397.19,2024-11-10,2026-08-10,2026-08-31,5,4,5,14,Champions,Reward with early access / loyalty perks; ask for referrals & reviews.
CUST000745,36.0,1,63.02,2026-07-26,2026-07-26,2026-08-31,5,1,2,8,New Customers,Onboard well; send a strong second-purchase incentive within 30 days.
CUST000746,234.0,5,161.32,2025-11-07,2026-01-09,2026-08-31,2,4,3,9,At Risk,Reach out personally; time-boxed discount to prevent churn.
CUST000747,89.0,6,314.98,2025-08-11,2026-06-03,2026-08-31,4,4,4,12,Champions,Reward with early access / loyalty perks; ask for referrals & reviews.
CUST000748,139.0,6,332.83,2025-06-06,2026-04-14,2026-08-31,3,4,4,11,Loyal Customers,Upsell higher-value products; enrol in loyalty programme.
CUST000749,349.0,4,213.22,2025-03-17,2025-09-16,2026-08-31,2,3,3,8,At Risk,Reach out personally; time-boxed discount to prevent churn.
CUST000750,412.0,2,79.35,2025-05-18,2025-07-15,2026-08-31,2,2,2,6,About To Sleep,Re-engagement email with personalised recommendations before they go cold.
CUST000751,121.0,3,213.65,2025-10-17,2026-05-02,2026-08-31,3,3,3,9,Need Attention,Limited-time win-back offer; recommend based on past purchases.
CUST000752,199.0,5,240.98000000000002,2025-10-12,2026-02-13,2026-08-31,3,4,4,11,Loyal Customers,Upsell higher-value products; enrol in loyalty programme.
CUST000753,65.0,3,170.5,2026-02-15,2026-06-27,2026-08-31,4,3,3,10,Potential Loyalists,Offer membership / subscription; personalised follow-up after purchase.
CUST000754,111.0,5,272.88,2025-12-03,2026-05-12,2026-08-31,3,4,4,11,Loyal Customers,Upsell higher-value products; enrol in loyalty programme.
CUST000755,401.0,1,31.36,2025-07-26,2025-07-26,2026-08-31,2,1,1,4,About To Sleep,Re-engagement email with personalised recommendations before they go cold.
CUST000756,186.0,6,423.72,2025-06-24,2026-02-26,2026-08-31,3,4,4,11,Loyal Customers,Upsell higher-value products; enrol in loyalty programme.
CUST000757,119.0,3,114.63,2025-12-26,2026-05-04,2026-08-31,3,3,3,9,Need Attention,Limited-time win-back offer; recommend based on past purchases.
CUST000758,448.0,3,75.73,2025-01-19,2025-06-09,2026-08-31,2,3,2,7,Hibernating,Low-cost reactivation campaign; survey to learn why they stopped buying.
CUST000759,16.0,12,1777.8400000000001,2024-09-05,2026-08-15,2026-08-31,5,5,5,15,Champions,Reward with early access / loyalty perks; ask for referrals & reviews.
CUST000760,191.0,6,312.35,2025-04-04,2026-02-21,2026-08-31,3,4,4,11,Loyal Customers,Upsell higher-value products; enrol in loyalty programme.
CUST000761,86.0,1,119.28,2026-06-06,2026-06-06,2026-08-31,4,1,3,8,New Customers,Onboard well; send a strong second-purchase incentive within 30 days.
CUST000762,76.0,9,983.18,2024-10-08,2026-06-16,2026-08-31,4,5,5,14,Champions,Reward with early access / loyalty perks; ask for referrals & reviews.
CUST000763,39.0,13,1690.52,2024-10-07,2026-07-23,2026-08-31,5,5,5,15,Champions,Reward with early access / loyalty perks; ask for referrals & reviews.
CUST000764,149.0,12,772.04,2024-09-02,2026-04-04,2026-08-31,3,5,5,13,Loyal Customers,Upsell higher-value products; enrol in loyalty programme.
CUST000765,471.0,1,19.83,2025-05-17,2025-05-17,2026-08-31,1,1,1,3,Lost,Deprioritise spend; include only in broad low-cost re-engagement blasts.
CUST000766,32.0,15,2479.36,2024-10-15,2026-07-30,2026-08-31,5,5,5,15,Champions,Reward with early access / loyalty perks; ask for referrals & reviews.
CUST000767,79.0,7,435.77,2024-10-18,2026-06-13,2026-08-31,4,4,4,12,Champions,Reward with early access / loyalty perks; ask for referrals & reviews.
CUST000768,35.0,10,1817.8400000000001,2024-09-10,2026-07-27,2026-08-31,5,5,5,15,Champions,Reward with early access / loyalty perks; ask for referrals & reviews.
CUST000769,52.0,14,1035.0,2024-10-30,2026-07-10,2026-08-31,4,5,5,14,Champions,Reward with early access / loyalty perks; ask for referrals & reviews.
CUST000770,501.0,1,50.3,2025-04-17,2025-04-17,2026-08-31,1,1,2,4,Lost,Deprioritise spend; include only in broad low-cost re-engagement blasts.
CUST000771,219.0,3,267.75,2025-08-21,2026-01-24,2026-08-31,3,3,4,10,Need Attention,Limited-time win-back offer; recommend based on past purchases.
CUST000772,322.0,1,18.05,2025-10-13,2025-10-13,2026-08-31,2,1,1,4,About To Sleep,Re-engagement email with personalised recommendations before they go cold.
CUST000773,666.0,1,56.42,2024-11-03,2024-11-03,2026-08-31,1,1,2,4,Lost,Deprioritise spend; include only in broad low-cost re-engagement blasts.
CUST000774,413.0,2,50.87,2025-07-05,2025-07-14,2026-08-31,2,2,2,6,About To Sleep,Re-engagement email with personalised recommendations before they go cold.
CUST000775,15.0,13,1417.73,2024-08-31,2026-08-16,2026-08-31,5,5,5,15,Champions,Reward with early access / loyalty perks; ask for referrals & reviews.
CUST000776,447.0,1,181.31,2025-06-10,2025-06-10,2026-08-31,2,1,3,6,About To Sleep,Re-engagement email with personalised recommendations before they go cold.
CUST000777,501.0,1,77.78,2025-04-17,2025-04-17,2026-08-31,1,1,2,4,Lost,Deprioritise spend; include only in broad low-cost re-engagement blasts.
CUST000778,68.0,11,701.64,2024-11-08,2026-06-24,2026-08-31,4,5,4,13,Champions,Reward with early access / loyalty perks; ask for referrals & reviews.
CUST000779,629.0,3,309.93,2024-09-11,2024-12-10,2026-08-31,1,3,4,8,At Risk,Reach out personally; time-boxed discount to prevent churn.
CUST000780,,0,0.0,,,2026-08-31,,,,,No Purchase History,Investigate: no purchase history -- confirm signup funnel / re-engage with welcome offer.
CUST000781,232.0,3,58.75,2025-06-04,2026-01-11,2026-08-31,2,3,2,7,Hibernating,Low-cost reactivation campaign; survey to learn why they stopped buying.
CUST000782,555.0,1,53.01,2025-02-22,2025-02-22,2026-08-31,1,1,2,4,Lost,Deprioritise spend; include only in broad low-cost re-engagement blasts.
CUST000783,235.0,2,237.36,2025-10-27,2026-01-08,2026-08-31,2,2,4,8,About To Sleep,Re-engagement email with personalised recommendations before they go cold.
CUST000784,186.0,1,35.8,2026-02-26,2026-02-26,2026-08-31,3,1,1,5,Promising,Nurture with targeted content; small incentive to drive a second order.
CUST000785,45.0,11,7503.89,2024-09-09,2026-07-17,2026-08-31,5,5,5,15,Champions,Reward with early access / loyalty perks; ask for referrals & reviews.
CUST000786,36.0,6,245.89,2025-06-20,2026-07-26,2026-08-31,5,4,4,13,Champions,Reward with early access / loyalty perks; ask for referrals & reviews.
CUST000787,402.0,1,10.64,2025-07-25,2025-07-25,2026-08-31,2,1,1,4,About To Sleep,Re-engagement email with personalised recommendations before they go cold.
CUST000788,83.0,4,249.14000000000001,2025-10-28,2026-06-09,2026-08-31,4,3,4,11,Potential Loyalists,Offer membership / subscription; personalised follow-up after purchase.
CUST000789,301.0,2,26.02,2025-09-02,2025-11-03,2026-08-31,2,2,1,5,About To Sleep,Re-engagement email with personalised recommendations before they go cold.
CUST000790,356.0,1,58.58,2025-09-09,2025-09-09,2026-08-31,2,1,2,5,About To Sleep,Re-engagement email with personalised recommendations before they go cold.
CUST000791,195.0,5,268.07,2025-06-19,2026-02-17,2026-08-31,3,4,4,11,Loyal Customers,Upsell higher-value products; enrol in loyalty programme.
CUST000792,140.0,5,389.76,2025-07-11,2026-04-13,2026-08-31,3,4,4,11,Loyal Customers,Upsell higher-value products; enrol in loyalty programme.
CUST000793,174.0,3,114.03999999999999,2025-07-29,2026-03-10,2026-08-31,3,3,3,9,Need Attention,Limited-time win-back offer; recommend based on past purchases.
CUST000794,84.0,10,742.26,2024-09-26,2026-06-08,2026-08-31,4,5,4,13,Champions,Reward with early access / loyalty perks; ask for referrals & reviews.
CUST000795,10.0,11,1470.64,2024-09-03,2026-08-21,2026-08-31,5,5,5,15,Champions,Reward with early access / loyalty perks; ask for referrals & reviews.
CUST000796,204.0,2,221.95999999999998,2025-10-17,2026-02-08,2026-08-31,3,2,3,8,Promising,Nurture with targeted content; small incentive to drive a second order.
CUST000797,42.0,12,1773.55,2024-09-11,2026-07-20,2026-08-31,5,5,5,15,Champions,Reward with early access / loyalty perks; ask for referrals & reviews.
CUST000798,40.0,10,900.44,2024-11-16,2026-07-22,2026-08-31,5,5,5,15,Champions,Reward with early access / loyalty perks; ask for referrals & reviews.
CUST000799,351.0,1,29.04,2025-09-14,2025-09-14,2026-08-31,2,1,1,4,About To Sleep,Re-engagement email with personalised recommendations before they go cold.
CUST000800,465.0,1,54.65,2025-05-23,2025-05-23,2026-08-31,1,1,2,4,Lost,Deprioritise spend; include only in broad low-cost re-engagement blasts.
CUST000801,537.0,1,16.77,2025-03-12,2025-03-12,2026-08-31,1,1,1,3,Lost,Deprioritise spend; include only in broad low-cost re-engagement blasts.
CUST000802,225.0,6,418.3,2025-06-26,2026-01-18,2026-08-31,2,4,4,10,At Risk,Reach out personally; time-boxed discount to prevent churn.
CUST000803,658.0,1,47.13,2024-11-11,2024-11-11,2026-08-31,1,1,2,4,Lost,Deprioritise spend; include only in broad low-cost re-engagement blasts.
CUST000804,102.0,1,52.12,2026-05-21,2026-05-21,2026-08-31,4,1,2,7,New Customers,Onboard well; send a strong second-purchase incentive within 30 days.
CUST000805,32.0,11,486.38,2025-04-27,2026-07-30,2026-08-31,5,5,4,14,Champions,Reward with early access / loyalty perks; ask for referrals & reviews.
CUST000806,87.0,15,1322.32,2024-09-20,2026-06-05,2026-08-31,4,5,5,14,Champions,Reward with early access / loyalty perks; ask for referrals & reviews.
CUST000807,168.0,1,82.33,2026-03-16,2026-03-16,2026-08-31,3,1,2,6,Promising,Nurture with targeted content; small incentive to drive a second order.
CUST000808,16.0,12,756.4200000000001,2024-11-26,2026-08-15,2026-08-31,5,5,5,15,Champions,Reward with early access / loyalty perks; ask for referrals & reviews.
CUST000809,340.0,1,32.72,2025-09-25,2025-09-25,2026-08-31,2,1,1,4,About To Sleep,Re-engagement email with personalised recommendations before they go cold.
CUST000810,29.0,5,3568.1099999999997,2025-10-21,2026-08-02,2026-08-31,5,4,5,14,Champions,Reward with early access / loyalty perks; ask for referrals & reviews.
CUST000811,137.0,10,1344.6,2024-10-02,2026-04-16,2026-08-31,3,5,5,13,Loyal Customers,Upsell higher-value products; enrol in loyalty programme.
CUST000812,7.0,8,1397.7,2024-11-04,2026-08-24,2026-08-31,5,4,5,14,Champions,Reward with early access / loyalty perks; ask for referrals & reviews.
CUST000813,13.0,5,3548.23,2025-12-06,2026-08-18,2026-08-31,5,4,5,14,Champions,Reward with early access / loyalty perks; ask for referrals & reviews.
CUST000814,72.0,1,12.64,2026-06-20,2026-06-20,2026-08-31,4,1,1,6,New Customers,Onboard well; send a strong second-purchase incentive within 30 days.
CUST000815,53.0,10,902.02,2024-10-03,2026-07-09,2026-08-31,4,5,5,14,Champions,Reward with early access / loyalty perks; ask for referrals & reviews.
CUST000816,,0,0.0,,,2026-08-31,,,,,No Purchase History,Investigate: no purchase history -- confirm signup funnel / re-engage with welcome offer.
CUST000817,514.0,1,38.71,2025-04-04,2025-04-04,2026-08-31,1,1,1,3,Lost,Deprioritise spend; include only in broad low-cost re-engagement blasts.
CUST000818,138.0,1,16.5,2026-04-15,2026-04-15,2026-08-31,3,1,1,5,Promising,Nurture with targeted content; small incentive to drive a second order.
CUST000819,56.0,1,34.85,2026-07-06,2026-07-06,2026-08-31,4,1,1,6,New Customers,Onboard well; send a strong second-purchase incentive within 30 days.
CUST000820,174.0,4,182.29,2025-09-29,2026-03-10,2026-08-31,3,3,3,9,Need Attention,Limited-time win-back offer; recommend based on past purchases.
CUST000821,42.0,11,1979.64,2024-09-13,2026-07-20,2026-08-31,5,5,5,15,Champions,Reward with early access / loyalty perks; ask for referrals & reviews.
CUST000822,694.0,1,64.75,2024-10-06,2024-10-06,2026-08-31,1,1,2,4,Lost,Deprioritise spend; include only in broad low-cost re-engagement blasts.
CUST000823,167.0,5,305.43,2025-07-03,2026-03-17,2026-08-31,3,4,4,11,Loyal Customers,Upsell higher-value products; enrol in loyalty programme.
CUST000824,265.0,1,26.66,2025-12-09,2025-12-09,2026-08-31,2,1,1,4,About To Sleep,Re-engagement email with personalised recommendations before they go cold.
CUST000825,565.0,2,53.89,2024-11-05,2025-02-12,2026-08-31,1,2,2,5,Hibernating,Low-cost reactivation campaign; survey to learn why they stopped buying.
CUST000826,29.0,14,1681.94,2024-11-01,2026-08-02,2026-08-31,5,5,5,15,Champions,Reward with early access / loyalty perks; ask for referrals & reviews.
CUST000827,652.0,1,248.68,2024-11-17,2024-11-17,2026-08-31,1,1,4,6,Lost,Deprioritise spend; include only in broad low-cost re-engagement blasts.
CUST000828,197.0,6,491.21999999999997,2025-05-17,2026-02-15,2026-08-31,3,4,4,11,Loyal Customers,Upsell higher-value products; enrol in loyalty programme.
CUST000829,575.0,1,43.94,2025-02-02,2025-02-02,2026-08-31,1,1,1,3,Lost,Deprioritise spend; include only in broad low-cost re-engagement blasts.
CUST000830,128.0,2,87.83,2026-03-24,2026-04-25,2026-08-31,3,2,2,7,Promising,Nurture with targeted content; small incentive to drive a second order.
CUST000831,670.0,1,44.43,2024-10-30,2024-10-30,2026-08-31,1,1,1,3,Lost,Deprioritise spend; include only in broad low-cost re-engagement blasts.
CUST000832,187.0,1,46.57,2026-02-25,2026-02-25,2026-08-31,3,1,1,5,Promising,Nurture with targeted content; small incentive to drive a second order.
CUST000833,55.0,6,214.93,2025-10-21,2026-07-07,2026-08-31,4,4,3,11,Loyal Customers,Upsell higher-value products; enrol in loyalty programme.
CUST000834,120.0,1,72.95,2026-05-03,2026-05-03,2026-08-31,3,1,2,6,Promising,Nurture with targeted content; small incentive to drive a second order.
CUST000835,72.0,1,5.01,2026-06-20,2026-06-20,2026-08-31,4,1,1,6,New Customers,Onboard well; send a strong second-purchase incentive within 30 days.
CUST000836,305.0,1,27.49,2025-10-30,2025-10-30,2026-08-31,2,1,1,4,About To Sleep,Re-engagement email with personalised recommendations before they go cold.
CUST000837,615.0,4,194.7,2024-09-04,2024-12-24,2026-08-31,1,3,3,7,At Risk,Reach out personally; time-boxed discount to prevent churn.
CUST000838,22.0,13,10025.61,2024-08-30,2026-08-09,2026-08-31,5,5,5,15,Champions,Reward with early access / loyalty perks; ask for referrals & reviews.
CUST000839,178.0,6,373.72999999999996,2025-04-15,2026-03-06,2026-08-31,3,4,4,11,Loyal Customers,Upsell higher-value products; enrol in loyalty programme.
CUST000840,290.0,1,16.01,2025-11-14,2025-11-14,2026-08-31,2,1,1,4,About To Sleep,Re-engagement email with personalised recommendations before they go cold.
CUST000841,15.0,12,1814.6,2024-11-11,2026-08-16,2026-08-31,5,5,5,15,Champions,Reward with early access / loyalty perks; ask for referrals & reviews.
CUST000842,545.0,2,81.72,2025-01-17,2025-03-04,2026-08-31,1,2,2,5,Hibernating,Low-cost reactivation campaign; survey to learn why they stopped buying.
CUST000843,12.0,1,27.81,2026-08-19,2026-08-19,2026-08-31,5,1,1,7,New Customers,Onboard well; send a strong second-purchase incentive within 30 days.
CUST000844,149.0,3,133.06,2025-12-16,2026-04-04,2026-08-31,3,3,3,9,Need Attention,Limited-time win-back offer; recommend based on past purchases.
CUST000845,64.0,10,829.77,2024-11-08,2026-06-28,2026-08-31,4,5,5,14,Champions,Reward with early access / loyalty perks; ask for referrals & reviews.
CUST000846,561.0,3,85.07,2024-11-04,2025-02-16,2026-08-31,1,3,2,6,Hibernating,Low-cost reactivation campaign; survey to learn why they stopped buying.
CUST000847,175.0,6,265.24,2025-07-13,2026-03-09,2026-08-31,3,4,4,11,Loyal Customers,Upsell higher-value products; enrol in loyalty programme.
CUST000848,362.0,1,38.17,2025-09-03,2025-09-03,2026-08-31,2,1,1,4,About To Sleep,Re-engagement email with personalised recommendations before they go cold.
CUST000849,59.0,12,802.58,2024-09-13,2026-07-03,2026-08-31,4,5,5,14,Champions,Reward with early access / loyalty perks; ask for referrals & reviews.
CUST000850,30.0,5,4218.99,2025-09-27,2026-08-01,2026-08-31,5,4,5,14,Champions,Reward with early access / loyalty perks; ask for referrals & reviews.
CUST000851,44.0,8,612.3,2024-09-17,2026-07-18,2026-08-31,5,4,4,13,Champions,Reward with early access / loyalty perks; ask for referrals & reviews.
CUST000852,62.0,9,903.56,2024-11-17,2026-06-30,2026-08-31,4,5,5,14,Champions,Reward with early access / loyalty perks; ask for referrals & reviews.
CUST000853,662.0,2,62.83,2024-10-27,2024-11-07,2026-08-31,1,2,2,5,Hibernating,Low-cost reactivation campaign; survey to learn why they stopped buying.
CUST000854,430.0,1,44.05,2025-06-27,2025-06-27,2026-08-31,2,1,1,4,About To Sleep,Re-engagement email with personalised recommendations before they go cold.
CUST000855,91.0,5,491.65999999999997,2025-06-22,2026-06-01,2026-08-31,4,4,4,12,Champions,Reward with early access / loyalty perks; ask for referrals & reviews.
CUST000856,55.0,3,245.48,2026-03-24,2026-07-07,2026-08-31,4,3,4,11,Potential Loyalists,Offer membership / subscription; personalised follow-up after purchase.
CUST000857,69.0,1,13.54,2026-06-23,2026-06-23,2026-08-31,4,1,1,6,New Customers,Onboard well; send a strong second-purchase incentive within 30 days.
CUST000858,390.0,3,137.31,2024-12-27,2025-08-06,2026-08-31,2,3,3,8,At Risk,Reach out personally; time-boxed discount to prevent churn.
CUST000859,69.0,2,315.66999999999996,2026-03-15,2026-06-23,2026-08-31,4,2,4,10,Potential Loyalists,Offer membership / subscription; personalised follow-up after purchase.
CUST000860,300.0,1,55.71,2025-11-04,2025-11-04,2026-08-31,2,1,2,5,About To Sleep,Re-engagement email with personalised recommendations before they go cold.
CUST000861,124.0,1,178.7,2026-04-29,2026-04-29,2026-08-31,3,1,3,7,Promising,Nurture with targeted content; small incentive to drive a second order.
CUST000862,21.0,1,28.87,2026-08-10,2026-08-10,2026-08-31,5,1,1,7,New Customers,Onboard well; send a strong second-purchase incentive within 30 days.
CUST000863,586.0,3,90.1,2024-09-09,2025-01-22,2026-08-31,1,3,2,6,Hibernating,Low-cost reactivation campaign; survey to learn why they stopped buying.
CUST000864,19.0,1,34.34,2026-08-12,2026-08-12,2026-08-31,5,1,1,7,New Customers,Onboard well; send a strong second-purchase incentive within 30 days.
CUST000865,89.0,13,980.36,2024-09-22,2026-06-03,2026-08-31,4,5,5,14,Champions,Reward with early access / loyalty perks; ask for referrals & reviews.
CUST000866,381.0,3,218.19,2025-05-07,2025-08-15,2026-08-31,2,3,3,8,At Risk,Reach out personally; time-boxed discount to prevent churn.
CUST000867,377.0,2,86.47999999999999,2025-06-21,2025-08-19,2026-08-31,2,2,2,6,About To Sleep,Re-engagement email with personalised recommendations before they go cold.
CUST000868,324.0,2,110.08,2025-06-17,2025-10-11,2026-08-31,2,2,3,7,About To Sleep,Re-engagement email with personalised recommendations before they go cold.
CUST000869,2.0,11,919.21,2024-09-18,2026-08-29,2026-08-31,5,5,5,15,Champions,Reward with early access / loyalty perks; ask for referrals & reviews.
CUST000870,186.0,5,153.25,2025-04-04,2026-02-26,2026-08-31,3,4,3,10,Loyal Customers,Upsell higher-value products; enrol in loyalty programme.
CUST000871,51.0,1,56.55,2026-07-11,2026-07-11,2026-08-31,4,1,2,7,New Customers,Onboard well; send a strong second-purchase incentive within 30 days.
CUST000872,7.0,10,1589.86,2024-11-09,2026-08-24,2026-08-31,5,5,5,15,Champions,Reward with early access / loyalty perks; ask for referrals & reviews.
CUST000873,44.0,10,7884.67,2025-03-18,2026-07-18,2026-08-31,5,5,5,15,Champions,Reward with early access / loyalty perks; ask for referrals & reviews.
CUST000874,92.0,3,62.33,2026-02-15,2026-05-31,2026-08-31,4,3,2,9,Potential Loyalists,Offer membership / subscription; personalised follow-up after purchase.
CUST000875,693.0,1,12.76,2024-10-07,2024-10-07,2026-08-31,1,1,1,3,Lost,Deprioritise spend; include only in broad low-cost re-engagement blasts.
CUST000876,651.0,2,116.69,2024-09-24,2024-11-18,2026-08-31,1,2,3,6,Need Attention,Limited-time win-back offer; recommend based on past purchases.
CUST000877,185.0,3,116.89,2025-08-17,2026-02-27,2026-08-31,3,3,3,9,Need Attention,Limited-time win-back offer; recommend based on past purchases.
CUST000878,234.0,5,289.59000000000003,2025-06-27,2026-01-09,2026-08-31,2,4,4,10,At Risk,Reach out personally; time-boxed discount to prevent churn.
CUST000879,404.0,1,22.47,2025-07-23,2025-07-23,2026-08-31,2,1,1,4,About To Sleep,Re-engagement email with personalised recommendations before they go cold.
CUST000880,124.0,1,13.89,2026-04-29,2026-04-29,2026-08-31,3,1,1,5,Promising,Nurture with targeted content; small incentive to drive a second order.
CUST000881,87.0,6,349.54,2025-04-24,2026-06-05,2026-08-31,4,4,4,12,Champions,Reward with early access / loyalty perks; ask for referrals & reviews.
CUST000882,41.0,1,108.75,2026-07-21,2026-07-21,2026-08-31,5,1,2,8,New Customers,Onboard well; send a strong second-purchase incentive within 30 days.
CUST000883,625.0,1,102.14,2024-12-14,2024-12-14,2026-08-31,1,1,2,4,Lost,Deprioritise spend; include only in broad low-cost re-engagement blasts.
CUST000884,109.0,5,542.8199999999999,2026-04-06,2026-05-14,2026-08-31,3,4,4,11,Loyal Customers,Upsell higher-value products; enrol in loyalty programme.
CUST000885,70.0,8,905.91,2025-03-03,2026-06-22,2026-08-31,4,4,5,13,Champions,Reward with early access / loyalty perks; ask for referrals & reviews.
CUST000886,208.0,5,357.14,2025-08-09,2026-02-04,2026-08-31,3,4,4,11,Loyal Customers,Upsell higher-value products; enrol in loyalty programme.
CUST000887,155.0,6,225.93,2025-08-17,2026-03-29,2026-08-31,3,4,4,11,Loyal Customers,Upsell higher-value products; enrol in loyalty programme.
CUST000888,74.0,12,946.21,2024-10-28,2026-06-18,2026-08-31,4,5,5,14,Champions,Reward with early access / loyalty perks; ask for referrals & reviews.
CUST000889,69.0,12,1099.64,2024-11-18,2026-06-23,2026-08-31,4,5,5,14,Champions,Reward with early access / loyalty perks; ask for referrals & reviews.
CUST000890,247.0,1,82.07,2025-12-27,2025-12-27,2026-08-31,2,1,2,5,About To Sleep,Re-engagement email with personalised recommendations before they go cold.
CUST000891,98.0,4,367.16999999999996,2025-11-29,2026-05-25,2026-08-31,4,3,4,11,Potential Loyalists,Offer membership / subscription; personalised follow-up after purchase.
CUST000892,1.0,7,5739.79,2025-09-06,2026-08-30,2026-08-31,5,4,5,14,Champions,Reward with early access / loyalty perks; ask for referrals & reviews.
CUST000893,67.0,4,136.88,2026-01-02,2026-06-25,2026-08-31,4,3,3,10,Potential Loyalists,Offer membership / subscription; personalised follow-up after purchase.
CUST000894,86.0,10,796.81,2024-09-09,2026-06-06,2026-08-31,4,5,5,14,Champions,Reward with early access / loyalty perks; ask for referrals & reviews.
CUST000895,589.0,2,237.0,2024-12-01,2025-01-19,2026-08-31,1,2,4,7,Need Attention,Limited-time win-back offer; recommend based on past purchases.
CUST000896,587.0,1,10.97,2025-01-21,2025-01-21,2026-08-31,1,1,1,3,Lost,Deprioritise spend; include only in broad low-cost re-engagement blasts.
CUST000897,88.0,4,157.78,2025-12-25,2026-06-04,2026-08-31,4,3,3,10,Potential Loyalists,Offer membership / subscription; personalised follow-up after purchase.
CUST000898,205.0,3,240.77,2025-10-31,2026-02-07,2026-08-31,3,3,4,10,Need Attention,Limited-time win-back offer; recommend based on past purchases.
CUST000899,21.0,12,948.31,2024-10-14,2026-08-10,2026-08-31,5,5,5,15,Champions,Reward with early access / loyalty perks; ask for referrals & reviews.
CUST000900,22.0,1,21.51,2026-08-09,2026-08-09,2026-08-31,5,1,1,7,New Customers,Onboard well; send a strong second-purchase incentive within 30 days.
CUST000901,96.0,3,233.45,2025-10-30,2026-05-27,2026-08-31,4,3,4,11,Potential Loyalists,Offer membership / subscription; personalised follow-up after purchase.
CUST000902,53.0,6,330.5,2026-02-22,2026-07-09,2026-08-31,4,4,4,12,Champions,Reward with early access / loyalty perks; ask for referrals & reviews.
CUST000903,15.0,14,2349.48,2024-09-05,2026-08-16,2026-08-31,5,5,5,15,Champions,Reward with early access / loyalty perks; ask for referrals & reviews.
CUST000904,188.0,2,165.28,2026-01-22,2026-02-24,2026-08-31,3,2,3,8,Promising,Nurture with targeted content; small incentive to drive a second order.
CUST000905,19.0,5,4023.75,2025-12-30,2026-08-12,2026-08-31,5,4,5,14,Champions,Reward with early access / loyalty perks; ask for referrals & reviews.
CUST000906,204.0,1,12.2,2026-02-08,2026-02-08,2026-08-31,3,1,1,5,Promising,Nurture with targeted content; small incentive to drive a second order.
CUST000907,226.0,2,192.92000000000002,2025-12-16,2026-01-17,2026-08-31,2,2,3,7,About To Sleep,Re-engagement email with personalised recommendations before they go cold.
CUST000908,73.0,8,471.78999999999996,2024-11-24,2026-06-19,2026-08-31,4,4,4,12,Champions,Reward with early access / loyalty perks; ask for referrals & reviews.
CUST000909,79.0,3,117.69,2026-01-22,2026-06-13,2026-08-31,4,3,3,10,Potential Loyalists,Offer membership / subscription; personalised follow-up after purchase.
CUST000910,163.0,2,315.52,2026-01-21,2026-03-21,2026-08-31,3,2,4,9,Promising,Nurture with targeted content; small incentive to drive a second order.
CUST000911,549.0,1,21.05,2025-02-28,2025-02-28,2026-08-31,1,1,1,3,Lost,Deprioritise spend; include only in broad low-cost re-engagement blasts.
CUST000912,462.0,3,170.78,2025-01-12,2025-05-26,2026-08-31,1,3,3,7,At Risk,Reach out personally; time-boxed discount to prevent churn.
CUST000913,402.0,2,33.87,2025-04-25,2025-07-25,2026-08-31,2,2,1,5,About To Sleep,Re-engagement email with personalised recommendations before they go cold.
CUST000914,36.0,7,5338.389999999999,2025-09-21,2026-07-26,2026-08-31,5,4,5,14,Champions,Reward with early access / loyalty perks; ask for referrals & reviews.
CUST000915,12.0,5,4904.219999999999,2026-04-18,2026-08-19,2026-08-31,5,4,5,14,Champions,Reward with early access / loyalty perks; ask for referrals & reviews.
CUST000916,18.0,5,3620.1600000000003,2025-06-01,2026-08-13,2026-08-31,5,4,5,14,Champions,Reward with early access / loyalty perks; ask for referrals & reviews.
CUST000917,66.0,9,592.24,2024-10-28,2026-06-26,2026-08-31,4,5,4,13,Champions,Reward with early access / loyalty perks; ask for referrals & reviews.
CUST000918,59.0,10,1357.63,2025-01-03,2026-07-03,2026-08-31,4,5,5,14,Champions,Reward with early access / loyalty perks; ask for referrals & reviews.
CUST000919,140.0,5,243.35,2025-07-10,2026-04-13,2026-08-31,3,4,4,11,Loyal Customers,Upsell higher-value products; enrol in loyalty programme.
CUST000920,142.0,1,64.91,2026-04-11,2026-04-11,2026-08-31,3,1,2,6,Promising,Nurture with targeted content; small incentive to drive a second order.
CUST000921,10.0,16,1032.83,2024-09-08,2026-08-21,2026-08-31,5,5,5,15,Champions,Reward with early access / loyalty perks; ask for referrals & reviews.
CUST000922,647.0,2,139.26,2024-09-29,2024-11-22,2026-08-31,1,2,3,6,Need Attention,Limited-time win-back offer; recommend based on past purchases.
CUST000923,146.0,1,31.25,2026-04-07,2026-04-07,2026-08-31,3,1,1,5,Promising,Nurture with targeted content; small incentive to drive a second order.
CUST000924,48.0,1,222.83,2026-07-14,2026-07-14,2026-08-31,4,1,3,8,New Customers,Onboard well; send a strong second-purchase incentive within 30 days.
CUST000925,24.0,14,1123.93,2024-09-30,2026-08-07,2026-08-31,5,5,5,15,Champions,Reward with early access / loyalty perks; ask for referrals & reviews.
CUST000926,234.0,3,392.86,2025-10-11,2026-01-09,2026-08-31,2,3,4,9,At Risk,Reach out personally; time-boxed discount to prevent churn.
CUST000927,17.0,13,1007.02,2024-10-26,2026-08-14,2026-08-31,5,5,5,15,Champions,Reward with early access / loyalty perks; ask for referrals & reviews.
CUST000928,655.0,1,24.75,2024-11-14,2024-11-14,2026-08-31,1,1,1,3,Lost,Deprioritise spend; include only in broad low-cost re-engagement blasts.
CUST000929,364.0,1,98.66,2025-09-01,2025-09-01,2026-08-31,2,1,2,5,About To Sleep,Re-engagement email with personalised recommendations before they go cold.
CUST000930,586.0,1,19.02,2025-01-22,2025-01-22,2026-08-31,1,1,1,3,Lost,Deprioritise spend; include only in broad low-cost re-engagement blasts.
CUST000931,233.0,3,220.29,2025-09-30,2026-01-10,2026-08-31,2,3,3,8,At Risk,Reach out personally; time-boxed discount to prevent churn.
CUST000932,98.0,5,279.83,2025-11-20,2026-05-25,2026-08-31,4,4,4,12,Champions,Reward with early access / loyalty perks; ask for referrals & reviews.
CUST000933,149.0,2,125.79,2026-03-07,2026-04-04,2026-08-31,3,2,3,8,Promising,Nurture with targeted content; small incentive to drive a second order.
CUST000934,558.0,3,133.71,2024-09-09,2025-02-19,2026-08-31,1,3,3,7,At Risk,Reach out personally; time-boxed discount to prevent churn.
CUST000935,428.0,3,139.93,2025-02-13,2025-06-29,2026-08-31,2,3,3,8,At Risk,Reach out personally; time-boxed discount to prevent churn.
CUST000936,136.0,5,201.17000000000002,2025-06-25,2026-04-17,2026-08-31,3,4,3,10,Loyal Customers,Upsell higher-value products; enrol in loyalty programme.
CUST000937,557.0,2,78.54,2024-11-27,2025-02-20,2026-08-31,1,2,2,5,Hibernating,Low-cost reactivation campaign; survey to learn why they stopped buying.
CUST000938,49.0,9,779.8,2024-10-31,2026-07-13,2026-08-31,4,5,5,14,Champions,Reward with early access / loyalty perks; ask for referrals & reviews.
CUST000939,536.0,2,45.019999999999996,2024-12-24,2025-03-13,2026-08-31,1,2,1,4,Hibernating,Low-cost reactivation campaign; survey to learn why they stopped buying.
CUST000940,85.0,11,1179.21,2024-10-05,2026-06-07,2026-08-31,4,5,5,14,Champions,Reward with early access / loyalty perks; ask for referrals & reviews.
CUST000941,128.0,3,87.34,2026-01-21,2026-04-25,2026-08-31,3,3,2,8,Need Attention,Limited-time win-back offer; recommend based on past purchases.
CUST000942,428.0,1,34.45,2025-06-29,2025-06-29,2026-08-31,2,1,1,4,About To Sleep,Re-engagement email with personalised recommendations before they go cold.
CUST000943,90.0,11,821.84,2024-08-30,2026-06-02,2026-08-31,4,5,5,14,Champions,Reward with early access / loyalty perks; ask for referrals & reviews.
CUST000944,68.0,6,419.77,2025-09-13,2026-06-24,2026-08-31,4,4,4,12,Champions,Reward with early access / loyalty perks; ask for referrals & reviews.
CUST000945,168.0,2,84.53999999999999,2025-12-30,2026-03-16,2026-08-31,3,2,2,7,Promising,Nurture with targeted content; small incentive to drive a second order.
CUST000946,156.0,3,125.03,2025-07-19,2026-03-28,2026-08-31,3,3,3,9,Need Attention,Limited-time win-back offer; recommend based on past purchases.
CUST000947,598.0,1,41.23,2025-01-10,2025-01-10,2026-08-31,1,1,1,3,Lost,Deprioritise spend; include only in broad low-cost re-engagement blasts.
CUST000948,461.0,2,38.06,2025-04-28,2025-05-27,2026-08-31,1,2,1,4,Hibernating,Low-cost reactivation campaign; survey to learn why they stopped buying.
CUST000949,681.0,1,27.19,2024-10-19,2024-10-19,2026-08-31,1,1,1,3,Lost,Deprioritise spend; include only in broad low-cost re-engagement blasts.
CUST000950,121.0,2,166.41,2026-03-01,2026-05-02,2026-08-31,3,2,3,8,Promising,Nurture with targeted content; small incentive to drive a second order.
CUST000951,449.0,1,38.29,2025-06-08,2025-06-08,2026-08-31,2,1,1,4,About To Sleep,Re-engagement email with personalised recommendations before they go cold.
CUST000952,187.0,5,252.04999999999998,2025-11-08,2026-02-25,2026-08-31,3,4,4,11,Loyal Customers,Upsell higher-value products; enrol in loyalty programme.
CUST000953,50.0,3,55.660000000000004,2026-03-30,2026-07-12,2026-08-31,4,3,2,9,Potential Loyalists,Offer membership / subscription; personalised follow-up after purchase.
CUST000954,84.0,13,1230.08,2024-12-18,2026-06-08,2026-08-31,4,5,5,14,Champions,Reward with early access / loyalty perks; ask for referrals & reviews.
CUST000955,394.0,1,72.93,2025-08-02,2025-08-02,2026-08-31,2,1,2,5,About To Sleep,Re-engagement email with personalised recommendations before they go cold.
CUST000956,420.0,1,17.43,2025-07-07,2025-07-07,2026-08-31,2,1,1,4,About To Sleep,Re-engagement email with personalised recommendations before they go cold.
CUST000957,467.0,4,176.03,2024-10-25,2025-05-21,2026-08-31,1,3,3,7,At Risk,Reach out personally; time-boxed discount to prevent churn.
CUST000958,391.0,1,53.41,2025-08-05,2025-08-05,2026-08-31,2,1,2,5,About To Sleep,Re-engagement email with personalised recommendations before they go cold.
CUST000959,201.0,3,120.61,2025-09-19,2026-02-11,2026-08-31,3,3,3,9,Need Attention,Limited-time win-back offer; recommend based on past purchases.
CUST000960,472.0,1,125.19,2025-05-16,2025-05-16,2026-08-31,1,1,3,5,Lost,Deprioritise spend; include only in broad low-cost re-engagement blasts.
CUST000961,688.0,1,15.95,2024-10-12,2024-10-12,2026-08-31,1,1,1,3,Lost,Deprioritise spend; include only in broad low-cost re-engagement blasts.
CUST000962,191.0,4,136.93,2025-08-23,2026-02-21,2026-08-31,3,3,3,9,Need Attention,Limited-time win-back offer; recommend based on past purchases.
CUST000963,62.0,10,1299.73,2024-09-07,2026-06-30,2026-08-31,4,5,5,14,Champions,Reward with early access / loyalty perks; ask for referrals & reviews.
CUST000964,6.0,8,853.87,2025-04-04,2026-08-25,2026-08-31,5,4,5,14,Champions,Reward with early access / loyalty perks; ask for referrals & reviews.
CUST000965,44.0,10,6878.39,2024-11-05,2026-07-18,2026-08-31,5,5,5,15,Champions,Reward with early access / loyalty perks; ask for referrals & reviews.
CUST000966,35.0,5,190.73,2026-01-23,2026-07-27,2026-08-31,5,4,3,12,Loyal Customers,Upsell higher-value products; enrol in loyalty programme.
CUST000967,34.0,6,4998.35,2025-09-05,2026-07-28,2026-08-31,5,4,5,14,Champions,Reward with early access / loyalty perks; ask for referrals & reviews.
CUST000968,45.0,11,871.4399999999999,2024-09-21,2026-07-17,2026-08-31,5,5,5,15,Champions,Reward with early access / loyalty perks; ask for referrals & reviews.
CUST000969,46.0,1,29.1,2026-07-16,2026-07-16,2026-08-31,4,1,1,6,New Customers,Onboard well; send a strong second-purchase incentive within 30 days.
CUST000970,97.0,2,208.75,2026-01-27,2026-05-26,2026-08-31,4,2,3,9,Potential Loyalists,Offer membership / subscription; personalised follow-up after purchase.
CUST000971,173.0,3,241.34,2025-11-15,2026-03-11,2026-08-31,3,3,4,10,Need Attention,Limited-time win-back offer; recommend based on past purchases.
CUST000972,5.0,11,1726.1,2024-09-20,2026-08-26,2026-08-31,5,5,5,15,Champions,Reward with early access / loyalty perks; ask for referrals & reviews.
CUST000973,27.0,10,784.8,2024-09-20,2026-08-04,2026-08-31,5,5,5,15,Champions,Reward with early access / loyalty perks; ask for referrals & reviews.
CUST000974,306.0,4,193.87,2025-04-17,2025-10-29,2026-08-31,2,3,3,8,At Risk,Reach out personally; time-boxed discount to prevent churn.
CUST000975,189.0,4,181.17,2025-09-23,2026-02-23,2026-08-31,3,3,3,9,Need Attention,Limited-time win-back offer; recommend based on past purchases.
CUST000976,261.0,1,71.27,2025-12-13,2025-12-13,2026-08-31,2,1,2,5,About To Sleep,Re-engagement email with personalised recommendations before they go cold.
CUST000977,206.0,3,84.74,2025-12-02,2026-02-06,2026-08-31,3,3,2,8,Need Attention,Limited-time win-back offer; recommend based on past purchases.
CUST000978,39.0,2,45.269999999999996,2026-04-13,2026-07-23,2026-08-31,5,2,1,8,Potential Loyalists,Offer membership / subscription; personalised follow-up after purchase.
CUST000979,408.0,1,29.82,2025-07-19,2025-07-19,2026-08-31,2,1,1,4,About To Sleep,Re-engagement email with personalised recommendations before they go cold.
CUST000980,65.0,8,600.48,2025-03-16,2026-06-27,2026-08-31,4,4,4,12,Champions,Reward with early access / loyalty perks; ask for referrals & reviews.
CUST000981,9.0,7,4113.34,2025-01-11,2026-08-22,2026-08-31,5,4,5,14,Champions,Reward with early access / loyalty perks; ask for referrals & reviews.
CUST000982,557.0,1,32.82,2025-02-20,2025-02-20,2026-08-31,1,1,1,3,Lost,Deprioritise spend; include only in broad low-cost re-engagement blasts.
CUST000983,650.0,1,58.57,2024-11-19,2024-11-19,2026-08-31,1,1,2,4,Lost,Deprioritise spend; include only in broad low-cost re-engagement blasts.
CUST000984,69.0,5,231.31,2025-11-14,2026-06-23,2026-08-31,4,4,4,12,Champions,Reward with early access / loyalty perks; ask for referrals & reviews.
CUST000985,56.0,14,1051.11,2024-11-06,2026-07-06,2026-08-31,4,5,5,14,Champions,Reward with early access / loyalty perks; ask for referrals & reviews.
CUST000986,437.0,1,137.2,2025-06-20,2025-06-20,2026-08-31,2,1,3,6,About To Sleep,Re-engagement email with personalised recommendations before they go cold.
CUST000987,87.0,3,199.0,2025-11-30,2026-06-05,2026-08-31,4,3,3,10,Potential Loyalists,Offer membership / subscription; personalised follow-up after purchase.
CUST000988,24.0,11,1903.1399999999999,2024-11-03,2026-08-07,2026-08-31,5,5,5,15,Champions,Reward with early access / loyalty perks; ask for referrals & reviews.
CUST000989,89.0,4,277.37,2026-03-02,2026-06-03,2026-08-31,4,3,4,11,Potential Loyalists,Offer membership / subscription; personalised follow-up after purchase.
CUST000990,579.0,1,59.13,2025-01-29,2025-01-29,2026-08-31,1,1,2,4,Lost,Deprioritise spend; include only in broad low-cost re-engagement blasts.
CUST000991,53.0,1,15.49,2026-07-09,2026-07-09,2026-08-31,4,1,1,6,New Customers,Onboard well; send a strong second-purchase incentive within 30 days.
CUST000992,571.0,1,25.92,2025-02-06,2025-02-06,2026-08-31,1,1,1,3,Lost,Deprioritise spend; include only in broad low-cost re-engagement blasts.
CUST000993,621.0,2,179.59,2024-10-01,2024-12-18,2026-08-31,1,2,3,6,Need Attention,Limited-time win-back offer; recommend based on past purchases.
CUST000994,128.0,4,224.91,2025-08-18,2026-04-25,2026-08-31,3,3,4,10,Need Attention,Limited-time win-back offer; recommend based on past purchases.
CUST000995,448.0,1,16.38,2025-06-09,2025-06-09,2026-08-31,2,1,1,4,About To Sleep,Re-engagement email with personalised recommendations before they go cold.
CUST000996,120.0,2,179.06,2026-04-05,2026-05-03,2026-08-31,3,2,3,8,Promising,Nurture with targeted content; small incentive to drive a second order.
CUST000997,371.0,1,55.04,2025-08-25,2025-08-25,2026-08-31,2,1,2,5,About To Sleep,Re-engagement email with personalised recommendations before they go cold.
CUST000998,31.0,11,1349.95,2024-09-23,2026-07-31,2026-08-31,5,5,5,15,Champions,Reward with early access / loyalty perks; ask for referrals & reviews.
CUST000999,17.0,12,10099.18,2024-12-24,2026-08-14,2026-08-31,5,5,5,15,Champions,Reward with early access / loyalty perks; ask for referrals & reviews.
CUST001000,37.0,3,103.82000000000001,2026-05-21,2026-07-25,2026-08-31,5,3,2,10,Potential Loyalists,Offer membership / subscription; personalised follow-up after purchase.
CUST001001,48.0,12,771.31,2024-09-08,2026-07-14,2026-08-31,4,5,5,14,Champions,Reward with early access / loyalty perks; ask for referrals & reviews.
CUST001002,208.0,5,337.62,2025-05-16,2026-02-04,2026-08-31,3,4,4,11,Loyal Customers,Upsell higher-value products; enrol in loyalty programme.
CUST001003,72.0,8,549.84,2024-09-09,2026-06-20,2026-08-31,4,4,4,12,Champions,Reward with early access / loyalty perks; ask for referrals & reviews.
CUST001004,63.0,10,774.06,2024-09-08,2026-06-29,2026-08-31,4,5,5,14,Champions,Reward with early access / loyalty perks; ask for referrals & reviews.
CUST001005,688.0,1,61.06,2024-10-12,2024-10-12,2026-08-31,1,1,2,4,Lost,Deprioritise spend; include only in broad low-cost re-engagement blasts.
CUST001006,186.0,3,186.98999999999998,2025-07-14,2026-02-26,2026-08-31,3,3,3,9,Need Attention,Limited-time win-back offer; recommend based on past purchases.
CUST001007,505.0,4,199.26,2024-11-30,2025-04-13,2026-08-31,1,3,3,7,At Risk,Reach out personally; time-boxed discount to prevent churn.
CUST001008,94.0,2,130.92000000000002,2026-04-23,2026-05-29,2026-08-31,4,2,3,9,Potential Loyalists,Offer membership / subscription; personalised follow-up after purchase.
CUST001009,639.0,1,108.5,2024-11-30,2024-11-30,2026-08-31,1,1,2,4,Lost,Deprioritise spend; include only in broad low-cost re-engagement blasts.
CUST001010,100.0,2,94.43,2026-04-13,2026-05-23,2026-08-31,4,2,2,8,Potential Loyalists,Offer membership / subscription; personalised follow-up after purchase.
CUST001011,29.0,1,10.51,2026-08-02,2026-08-02,2026-08-31,5,1,1,7,New Customers,Onboard well; send a strong second-purchase incentive within 30 days.
CUST001012,500.0,1,177.74,2025-04-18,2025-04-18,2026-08-31,1,1,3,5,Lost,Deprioritise spend; include only in broad low-cost re-engagement blasts.
CUST001013,203.0,2,110.6,2026-01-21,2026-02-09,2026-08-31,3,2,3,8,Promising,Nurture with targeted content; small incentive to drive a second order.
CUST001014,33.0,7,5974.06,2025-05-16,2026-07-29,2026-08-31,5,4,5,14,Champions,Reward with early access / loyalty perks; ask for referrals & reviews.
CUST001015,158.0,2,190.89,2026-01-08,2026-03-26,2026-08-31,3,2,3,8,Promising,Nurture with targeted content; small incentive to drive a second order.
CUST001016,45.0,14,1014.35,2024-09-17,2026-07-17,2026-08-31,5,5,5,15,Champions,Reward with early access / loyalty perks; ask for referrals & reviews.
CUST001017,289.0,1,36.87,2025-11-15,2025-11-15,2026-08-31,2,1,1,4,About To Sleep,Re-engagement email with personalised recommendations before they go cold.
CUST001018,622.0,1,219.57,2024-12-17,2024-12-17,2026-08-31,1,1,3,5,Lost,Deprioritise spend; include only in broad low-cost re-engagement blasts.
CUST001019,42.0,12,1314.58,2024-11-22,2026-07-20,2026-08-31,5,5,5,15,Champions,Reward with early access / loyalty perks; ask for referrals & reviews.
CUST001020,121.0,3,114.16,2026-01-19,2026-05-02,2026-08-31,3,3,3,9,Need Attention,Limited-time win-back offer; recommend based on past purchases.
CUST001021,323.0,4,145.45,2025-05-07,2025-10-12,2026-08-31,2,3,3,8,At Risk,Reach out personally; time-boxed discount to prevent churn.
CUST001022,241.0,1,30.78,2026-01-02,2026-01-02,2026-08-31,2,1,1,4,About To Sleep,Re-engagement email with personalised recommendations before they go cold.
CUST001023,9.0,5,2796.72,2026-01-22,2026-08-22,2026-08-31,5,4,5,14,Champions,Reward with early access / loyalty perks; ask for referrals & reviews.
CUST001024,106.0,1,201.18,2026-05-17,2026-05-17,2026-08-31,4,1,3,8,New Customers,Onboard well; send a strong second-purchase incentive within 30 days.
CUST001025,383.0,1,27.55,2025-08-13,2025-08-13,2026-08-31,2,1,1,4,About To Sleep,Re-engagement email with personalised recommendations before they go cold.
CUST001026,136.0,2,143.32,2026-01-02,2026-04-17,2026-08-31,3,2,3,8,Promising,Nurture with targeted content; small incentive to drive a second order.
CUST001027,679.0,2,60.620000000000005,2024-09-14,2024-10-21,2026-08-31,1,2,2,5,Hibernating,Low-cost reactivation campaign; survey to learn why they stopped buying.
CUST001028,35.0,5,261.76,2025-11-23,2026-07-27,2026-08-31,5,4,4,13,Champions,Reward with early access / loyalty perks; ask for referrals & reviews.
CUST001029,638.0,1,13.56,2024-12-01,2024-12-01,2026-08-31,1,1,1,3,Lost,Deprioritise spend; include only in broad low-cost re-engagement blasts.
CUST001030,59.0,3,157.22,2025-11-05,2026-07-03,2026-08-31,4,3,3,10,Potential Loyalists,Offer membership / subscription; personalised follow-up after purchase.
CUST001031,475.0,1,7.92,2025-05-13,2025-05-13,2026-08-31,1,1,1,3,Lost,Deprioritise spend; include only in broad low-cost re-engagement blasts.
CUST001032,243.0,1,49.29,2025-12-31,2025-12-31,2026-08-31,2,1,2,5,About To Sleep,Re-engagement email with personalised recommendations before they go cold.
CUST001033,664.0,1,52.44,2024-11-05,2024-11-05,2026-08-31,1,1,2,4,Lost,Deprioritise spend; include only in broad low-cost re-engagement blasts.
CUST001034,472.0,3,198.29000000000002,2025-01-09,2025-05-16,2026-08-31,1,3,3,7,At Risk,Reach out personally; time-boxed discount to prevent churn.
CUST001035,39.0,2,79.33,2026-05-11,2026-07-23,2026-08-31,5,2,2,9,Potential Loyalists,Offer membership / subscription; personalised follow-up after purchase.
CUST001036,378.0,1,81.78,2025-08-18,2025-08-18,2026-08-31,2,1,2,5,About To Sleep,Re-engagement email with personalised recommendations before they go cold.
CUST001037,78.0,2,88.1,2026-04-25,2026-06-14,2026-08-31,4,2,2,8,Potential Loyalists,Offer membership / subscription; personalised follow-up after purchase.
CUST001038,96.0,2,97.24,2026-01-28,2026-05-27,2026-08-31,4,2,2,8,Potential Loyalists,Offer membership / subscription; personalised follow-up after purchase.
CUST001039,67.0,2,100.57,2026-03-17,2026-06-25,2026-08-31,4,2,2,8,Potential Loyalists,Offer membership / subscription; personalised follow-up after purchase.
CUST001040,23.0,10,572.9200000000001,2025-08-14,2026-08-08,2026-08-31,5,5,4,14,Champions,Reward with early access / loyalty perks; ask for referrals & reviews.
CUST001041,44.0,11,888.75,2024-10-01,2026-07-18,2026-08-31,5,5,5,15,Champions,Reward with early access / loyalty perks; ask for referrals & reviews.
CUST001042,412.0,1,18.56,2025-07-15,2025-07-15,2026-08-31,2,1,1,4,About To Sleep,Re-engagement email with personalised recommendations before they go cold.
CUST001043,,0,0.0,,,2026-08-31,,,,,No Purchase History,Investigate: no purchase history -- confirm signup funnel / re-engage with welcome offer.
CUST001044,119.0,1,116.92,2026-05-04,2026-05-04,2026-08-31,3,1,3,7,Promising,Nurture with targeted content; small incentive to drive a second order.
CUST001045,46.0,10,1192.0,2024-11-08,2026-07-16,2026-08-31,4,5,5,14,Champions,Reward with early access / loyalty perks; ask for referrals & reviews.
CUST001046,190.0,4,144.39,2025-10-05,2026-02-22,2026-08-31,3,3,3,9,Need Attention,Limited-time win-back offer; recommend based on past purchases.
CUST001047,77.0,8,512.14,2025-04-18,2026-06-15,2026-08-31,4,4,4,12,Champions,Reward with early access / loyalty perks; ask for referrals & reviews.
CUST001048,512.0,4,171.42000000000002,2024-11-29,2025-04-06,2026-08-31,1,3,3,7,At Risk,Reach out personally; time-boxed discount to prevent churn.
CUST001049,683.0,1,122.79,2024-10-17,2024-10-17,2026-08-31,1,1,3,5,Lost,Deprioritise spend; include only in broad low-cost re-engagement blasts.
CUST001050,128.0,6,417.72,2025-04-10,2026-04-25,2026-08-31,3,4,4,11,Loyal Customers,Upsell higher-value products; enrol in loyalty programme.
CUST001051,198.0,1,39.64,2026-02-14,2026-02-14,2026-08-31,3,1,1,5,Promising,Nurture with targeted content; small incentive to drive a second order.
CUST001052,59.0,8,671.0,2025-03-10,2026-07-03,2026-08-31,4,4,4,12,Champions,Reward with early access / loyalty perks; ask for referrals & reviews.
CUST001053,139.0,5,237.43,2025-11-03,2026-04-14,2026-08-31,3,4,4,11,Loyal Customers,Upsell higher-value products; enrol in loyalty programme.
CUST001054,56.0,11,682.17,2024-09-17,2026-07-06,2026-08-31,4,5,4,13,Champions,Reward with early access / loyalty perks; ask for referrals & reviews.
CUST001055,54.0,4,189.69,2025-11-26,2026-07-08,2026-08-31,4,3,3,10,Potential Loyalists,Offer membership / subscription; personalised follow-up after purchase.
CUST001056,529.0,1,18.82,2025-03-20,2025-03-20,2026-08-31,1,1,1,3,Lost,Deprioritise spend; include only in broad low-cost re-engagement blasts.
CUST001057,534.0,1,18.81,2025-03-15,2025-03-15,2026-08-31,1,1,1,3,Lost,Deprioritise spend; include only in broad low-cost re-engagement blasts.
CUST001058,194.0,2,93.5,2026-01-31,2026-02-18,2026-08-31,3,2,2,7,Promising,Nurture with targeted content; small incentive to drive a second order.
CUST001059,390.0,1,45.92,2025-08-06,2025-08-06,2026-08-31,2,1,1,4,About To Sleep,Re-engagement email with personalised recommendations before they go cold.
CUST001060,93.0,1,108.73,2026-05-30,2026-05-30,2026-08-31,4,1,2,7,New Customers,Onboard well; send a strong second-purchase incentive within 30 days.
CUST001061,19.0,7,4852.030000000001,2025-03-28,2026-08-12,2026-08-31,5,4,5,14,Champions,Reward with early access / loyalty perks; ask for referrals & reviews.
CUST001062,342.0,1,64.96,2025-09-23,2025-09-23,2026-08-31,2,1,2,5,About To Sleep,Re-engagement email with personalised recommendations before they go cold.
CUST001063,42.0,2,55.51,2026-05-11,2026-07-20,2026-08-31,5,2,2,9,Potential Loyalists,Offer membership / subscription; personalised follow-up after purchase.
CUST001064,535.0,1,61.38,2025-03-14,2025-03-14,2026-08-31,1,1,2,4,Lost,Deprioritise spend; include only in broad low-cost re-engagement blasts.
CUST001065,66.0,2,163.81,2026-06-05,2026-06-26,2026-08-31,4,2,3,9,Potential Loyalists,Offer membership / subscription; personalised follow-up after purchase.
CUST001066,28.0,7,5008.82,2026-01-04,2026-08-03,2026-08-31,5,4,5,14,Champions,Reward with early access / loyalty perks; ask for referrals & reviews.
CUST001067,59.0,6,301.4,2025-05-26,2026-07-03,2026-08-31,4,4,4,12,Champions,Reward with early access / loyalty perks; ask for referrals & reviews.
CUST001068,452.0,1,34.16,2025-06-05,2025-06-05,2026-08-31,2,1,1,4,About To Sleep,Re-engagement email with personalised recommendations before they go cold.
CUST001069,29.0,10,1758.47,2024-09-27,2026-08-02,2026-08-31,5,5,5,15,Champions,Reward with early access / loyalty perks; ask for referrals & reviews.
CUST001070,218.0,4,240.75,2025-06-29,2026-01-25,2026-08-31,3,3,4,10,Need Attention,Limited-time win-back offer; recommend based on past purchases.
CUST001071,637.0,2,61.599999999999994,2024-10-09,2024-12-02,2026-08-31,1,2,2,5,Hibernating,Low-cost reactivation campaign; survey to learn why they stopped buying.
CUST001072,220.0,1,14.98,2026-01-23,2026-01-23,2026-08-31,3,1,1,5,Promising,Nurture with targeted content; small incentive to drive a second order.
CUST001073,91.0,4,151.32,2025-12-17,2026-06-01,2026-08-31,4,3,3,10,Potential Loyalists,Offer membership / subscription; personalised follow-up after purchase.
CUST001074,577.0,1,36.57,2025-01-31,2025-01-31,2026-08-31,1,1,1,3,Lost,Deprioritise spend; include only in broad low-cost re-engagement blasts.
CUST001075,532.0,3,177.21,2024-12-08,2025-03-17,2026-08-31,1,3,3,7,At Risk,Reach out personally; time-boxed discount to prevent churn.
CUST001076,240.0,5,248.32999999999998,2024-09-18,2026-01-03,2026-08-31,2,4,4,10,At Risk,Reach out personally; time-boxed discount to prevent churn.
CUST001077,431.0,1,110.89,2025-06-26,2025-06-26,2026-08-31,2,1,3,6,About To Sleep,Re-engagement email with personalised recommendations before they go cold.
CUST001078,224.0,2,112.07000000000001,2025-11-24,2026-01-19,2026-08-31,2,2,3,7,About To Sleep,Re-engagement email with personalised recommendations before they go cold.
CUST001079,169.0,1,140.44,2026-03-15,2026-03-15,2026-08-31,3,1,3,7,Promising,Nurture with targeted content; small incentive to drive a second order.
CUST001080,157.0,3,249.63,2025-11-06,2026-03-27,2026-08-31,3,3,4,10,Need Attention,Limited-time win-back offer; recommend based on past purchases.
CUST001081,181.0,4,295.65,2025-09-28,2026-03-03,2026-08-31,3,3,4,10,Need Attention,Limited-time win-back offer; recommend based on past purchases.
CUST001082,550.0,1,25.23,2025-02-27,2025-02-27,2026-08-31,1,1,1,3,Lost,Deprioritise spend; include only in broad low-cost re-engagement blasts.
CUST001083,514.0,4,77.75,2024-11-21,2025-04-04,2026-08-31,1,3,2,6,Hibernating,Low-cost reactivation campaign; survey to learn why they stopped buying.
CUST001084,572.0,2,49.02,2024-11-16,2025-02-05,2026-08-31,1,2,2,5,Hibernating,Low-cost reactivation campaign; survey to learn why they stopped buying.
CUST001085,10.0,10,9673.88,2024-10-12,2026-08-21,2026-08-31,5,5,5,15,Champions,Reward with early access / loyalty perks; ask for referrals & reviews.
CUST001086,221.0,1,25.25,2026-01-22,2026-01-22,2026-08-31,2,1,1,4,About To Sleep,Re-engagement email with personalised recommendations before they go cold.
CUST001087,449.0,3,224.14999999999998,2025-03-12,2025-06-08,2026-08-31,2,3,3,8,At Risk,Reach out personally; time-boxed discount to prevent churn.
CUST001088,561.0,2,62.46,2024-10-21,2025-02-16,2026-08-31,1,2,2,5,Hibernating,Low-cost reactivation campaign; survey to learn why they stopped buying.
CUST001089,145.0,5,209.78,2025-08-12,2026-04-08,2026-08-31,3,4,3,10,Loyal Customers,Upsell higher-value products; enrol in loyalty programme.
CUST001090,67.0,3,232.81,2025-09-30,2026-06-25,2026-08-31,4,3,4,11,Potential Loyalists,Offer membership / subscription; personalised follow-up after purchase.
CUST001091,225.0,5,389.23,2025-05-21,2026-01-18,2026-08-31,2,4,4,10,At Risk,Reach out personally; time-boxed discount to prevent churn.
CUST001092,553.0,1,33.6,2025-02-24,2025-02-24,2026-08-31,1,1,1,3,Lost,Deprioritise spend; include only in broad low-cost re-engagement blasts.
CUST001093,228.0,2,143.99,2025-11-25,2026-01-15,2026-08-31,2,2,3,7,About To Sleep,Re-engagement email with personalised recommendations before they go cold.
CUST001094,132.0,2,248.32,2025-12-21,2026-04-21,2026-08-31,3,2,4,9,Promising,Nurture with targeted content; small incentive to drive a second order.
CUST001095,397.0,1,39.24,2025-07-30,2025-07-30,2026-08-31,2,1,1,4,About To Sleep,Re-engagement email with personalised recommendations before they go cold.
CUST001096,61.0,3,151.11,2026-03-17,2026-07-01,2026-08-31,4,3,3,10,Potential Loyalists,Offer membership / subscription; personalised follow-up after purchase.
CUST001097,52.0,3,89.34,2026-03-30,2026-07-10,2026-08-31,4,3,2,9,Potential Loyalists,Offer membership / subscription; personalised follow-up after purchase.
CUST001098,569.0,2,72.11,2024-10-23,2025-02-08,2026-08-31,1,2,2,5,Hibernating,Low-cost reactivation campaign; survey to learn why they stopped buying.
CUST001099,494.0,2,40.36,2025-02-25,2025-04-24,2026-08-31,1,2,1,4,Hibernating,Low-cost reactivation campaign; survey to learn why they stopped buying.
CUST001100,91.0,9,651.42,2024-09-06,2026-06-01,2026-08-31,4,5,4,13,Champions,Reward with early access / loyalty perks; ask for referrals & reviews.
CUST001101,1.0,9,1263.91,2024-11-07,2026-08-30,2026-08-31,5,5,5,15,Champions,Reward with early access / loyalty perks; ask for referrals & reviews.
CUST001102,125.0,2,46.230000000000004,2026-03-18,2026-04-28,2026-08-31,3,2,1,6,Promising,Nurture with targeted content; small incentive to drive a second order.
CUST001103,538.0,1,44.25,2025-03-11,2025-03-11,2026-08-31,1,1,1,3,Lost,Deprioritise spend; include only in broad low-cost re-engagement blasts.
CUST001104,390.0,2,158.92999999999998,2025-05-19,2025-08-06,2026-08-31,2,2,3,7,About To Sleep,Re-engagement email with personalised recommendations before they go cold.
CUST001105,1.0,11,793.43,2024-11-16,2026-08-30,2026-08-31,5,5,5,15,Champions,Reward with early access / loyalty perks; ask for referrals & reviews.
CUST001106,363.0,2,146.88,2025-08-01,2025-09-02,2026-08-31,2,2,3,7,About To Sleep,Re-engagement email with personalised recommendations before they go cold.
CUST001107,59.0,9,719.65,2025-03-14,2026-07-03,2026-08-31,4,5,4,13,Champions,Reward with early access / loyalty perks; ask for referrals & reviews.
CUST001108,43.0,4,192.23,2026-01-27,2026-07-19,2026-08-31,5,3,3,11,Potential Loyalists,Offer membership / subscription; personalised follow-up after purchase.
CUST001109,19.0,8,6489.0,2025-07-26,2026-08-12,2026-08-31,5,4,5,14,Champions,Reward with early access / loyalty perks; ask for referrals & reviews.
CUST001110,62.0,14,1579.9,2024-11-05,2026-06-30,2026-08-31,4,5,5,14,Champions,Reward with early access / loyalty perks; ask for referrals & reviews.
CUST001111,8.0,11,719.86,2025-05-23,2026-08-23,2026-08-31,5,5,4,14,Champions,Reward with early access / loyalty perks; ask for referrals & reviews.
CUST001112,39.0,2,108.18,2026-06-02,2026-07-23,2026-08-31,5,2,2,9,Potential Loyalists,Offer membership / subscription; personalised follow-up after purchase.
CUST001113,340.0,1,67.29,2025-09-25,2025-09-25,2026-08-31,2,1,2,5,About To Sleep,Re-engagement email with personalised recommendations before they go cold.
CUST001114,644.0,1,12.26,2024-11-25,2024-11-25,2026-08-31,1,1,1,3,Lost,Deprioritise spend; include only in broad low-cost re-engagement blasts.
CUST001115,43.0,13,8483.8,2024-10-18,2026-07-19,2026-08-31,5,5,5,15,Champions,Reward with early access / loyalty perks; ask for referrals & reviews.
CUST001116,91.0,9,686.1,2024-12-28,2026-06-01,2026-08-31,4,5,4,13,Champions,Reward with early access / loyalty perks; ask for referrals & reviews.
CUST001117,62.0,9,995.24,2025-02-07,2026-06-30,2026-08-31,4,5,5,14,Champions,Reward with early access / loyalty perks; ask for referrals & reviews.
CUST001118,568.0,2,97.35,2024-10-23,2025-02-09,2026-08-31,1,2,2,5,Hibernating,Low-cost reactivation campaign; survey to learn why they stopped buying.
CUST001119,94.0,6,483.8,2025-06-25,2026-05-29,2026-08-31,4,4,4,12,Champions,Reward with early access / loyalty perks; ask for referrals & reviews.
CUST001120,511.0,1,21.12,2025-04-07,2025-04-07,2026-08-31,1,1,1,3,Lost,Deprioritise spend; include only in broad low-cost re-engagement blasts.
CUST001121,634.0,1,50.69,2024-12-05,2024-12-05,2026-08-31,1,1,2,4,Lost,Deprioritise spend; include only in broad low-cost re-engagement blasts.
CUST001122,79.0,10,540.18,2024-10-19,2026-06-13,2026-08-31,4,5,4,13,Champions,Reward with early access / loyalty perks; ask for referrals & reviews.
CUST001123,361.0,3,84.54,2025-07-01,2025-09-04,2026-08-31,2,3,2,7,Hibernating,Low-cost reactivation campaign; survey to learn why they stopped buying.
CUST001124,38.0,8,704.85,2025-06-04,2026-07-24,2026-08-31,5,4,4,13,Champions,Reward with early access / loyalty perks; ask for referrals & reviews.
CUST001125,102.0,6,444.43,2025-12-17,2026-05-21,2026-08-31,4,4,4,12,Champions,Reward with early access / loyalty perks; ask for referrals & reviews.
CUST001126,692.0,1,26.97,2024-10-08,2024-10-08,2026-08-31,1,1,1,3,Lost,Deprioritise spend; include only in broad low-cost re-engagement blasts.
CUST001127,187.0,1,24.14,2026-02-25,2026-02-25,2026-08-31,3,1,1,5,Promising,Nurture with targeted content; small incentive to drive a second order.
CUST001128,88.0,1,70.14,2026-06-04,2026-06-04,2026-08-31,4,1,2,7,New Customers,Onboard well; send a strong second-purchase incentive within 30 days.
CUST001129,107.0,1,33.68,2026-05-16,2026-05-16,2026-08-31,4,1,1,6,New Customers,Onboard well; send a strong second-purchase incentive within 30 days.
CUST001130,15.0,7,5287.26,2025-09-17,2026-08-16,2026-08-31,5,4,5,14,Champions,Reward with early access / loyalty perks; ask for referrals & reviews.
CUST001131,16.0,10,6558.38,2024-10-03,2026-08-15,2026-08-31,5,5,5,15,Champions,Reward with early access / loyalty perks; ask for referrals & reviews.
CUST001132,620.0,1,65.11,2024-12-19,2024-12-19,2026-08-31,1,1,2,4,Lost,Deprioritise spend; include only in broad low-cost re-engagement blasts.
CUST001133,65.0,10,985.03,2024-09-02,2026-06-27,2026-08-31,4,5,5,14,Champions,Reward with early access / loyalty perks; ask for referrals & reviews.
CUST001134,217.0,1,17.95,2026-01-26,2026-01-26,2026-08-31,3,1,1,5,Promising,Nurture with targeted content; small incentive to drive a second order.
CUST001135,8.0,7,4728.56,2025-04-22,2026-08-23,2026-08-31,5,4,5,14,Champions,Reward with early access / loyalty perks; ask for referrals & reviews.
CUST001136,95.0,2,72.87,2026-05-13,2026-05-28,2026-08-31,4,2,2,8,Potential Loyalists,Offer membership / subscription; personalised follow-up after purchase.
CUST001137,297.0,2,96.41999999999999,2025-09-01,2025-11-07,2026-08-31,2,2,2,6,About To Sleep,Re-engagement email with personalised recommendations before they go cold.
CUST001138,131.0,3,167.69,2025-10-17,2026-04-22,2026-08-31,3,3,3,9,Need Attention,Limited-time win-back offer; recommend based on past purchases.
CUST001139,8.0,9,1275.1100000000001,2024-11-17,2026-08-23,2026-08-31,5,5,5,15,Champions,Reward with early access / loyalty perks; ask for referrals & reviews.
CUST001140,14.0,1,94.62,2026-08-17,2026-08-17,2026-08-31,5,1,2,8,New Customers,Onboard well; send a strong second-purchase incentive within 30 days.
CUST001141,71.0,6,368.61,2025-09-03,2026-06-21,2026-08-31,4,4,4,12,Champions,Reward with early access / loyalty perks; ask for referrals & reviews.
CUST001142,404.0,3,231.05999999999997,2025-02-24,2025-07-23,2026-08-31,2,3,4,9,At Risk,Reach out personally; time-boxed discount to prevent churn.
CUST001143,428.0,2,213.38,2025-05-28,2025-06-29,2026-08-31,2,2,3,7,About To Sleep,Re-engagement email with personalised recommendations before they go cold.
CUST001144,428.0,2,125.78,2025-04-01,2025-06-29,2026-08-31,2,2,3,7,About To Sleep,Re-engagement email with personalised recommendations before they go cold.
CUST001145,97.0,4,176.45,2025-11-08,2026-05-26,2026-08-31,4,3,3,10,Potential Loyalists,Offer membership / subscription; personalised follow-up after purchase.
CUST001146,200.0,5,513.05,2025-03-16,2026-02-12,2026-08-31,3,4,4,11,Loyal Customers,Upsell higher-value products; enrol in loyalty programme.
CUST001147,670.0,1,47.41,2024-10-30,2024-10-30,2026-08-31,1,1,2,4,Lost,Deprioritise spend; include only in broad low-cost re-engagement blasts.
CUST001148,404.0,1,78.66,2025-07-23,2025-07-23,2026-08-31,2,1,2,5,About To Sleep,Re-engagement email with personalised recommendations before they go cold.
CUST001149,147.0,4,316.13,2025-08-02,2026-04-06,2026-08-31,3,3,4,10,Need Attention,Limited-time win-back offer; recommend based on past purchases.
CUST001150,390.0,4,104.75,2025-03-18,2025-08-06,2026-08-31,2,3,2,7,Hibernating,Low-cost reactivation campaign; survey to learn why they stopped buying.
CUST001151,40.0,11,1001.6,2025-05-19,2026-07-22,2026-08-31,5,5,5,15,Champions,Reward with early access / loyalty perks; ask for referrals & reviews.
CUST001152,468.0,3,233.13,2024-10-13,2025-05-20,2026-08-31,1,3,4,8,At Risk,Reach out personally; time-boxed discount to prevent churn.
CUST001153,57.0,10,1183.19,2024-11-08,2026-07-05,2026-08-31,4,5,5,14,Champions,Reward with early access / loyalty perks; ask for referrals & reviews.
CUST001154,25.0,12,991.24,2024-09-22,2026-08-06,2026-08-31,5,5,5,15,Champions,Reward with early access / loyalty perks; ask for referrals & reviews.
CUST001155,529.0,1,27.37,2025-03-20,2025-03-20,2026-08-31,1,1,1,3,Lost,Deprioritise spend; include only in broad low-cost re-engagement blasts.
CUST001156,6.0,10,1131.21,2024-09-07,2026-08-25,2026-08-31,5,5,5,15,Champions,Reward with early access / loyalty perks; ask for referrals & reviews.
CUST001157,14.0,12,2188.02,2024-12-16,2026-08-17,2026-08-31,5,5,5,15,Champions,Reward with early access / loyalty perks; ask for referrals & reviews.
CUST001158,29.0,15,2602.92,2024-08-31,2026-08-02,2026-08-31,5,5,5,15,Champions,Reward with early access / loyalty perks; ask for referrals & reviews.
CUST001159,51.0,4,200.38,2026-01-17,2026-07-11,2026-08-31,4,3,3,10,Potential Loyalists,Offer membership / subscription; personalised follow-up after purchase.
CUST001160,570.0,2,59.160000000000004,2024-12-26,2025-02-07,2026-08-31,1,2,2,5,Hibernating,Low-cost reactivation campaign; survey to learn why they stopped buying.
CUST001161,46.0,10,1486.77,2024-11-22,2026-07-16,2026-08-31,4,5,5,14,Champions,Reward with early access / loyalty perks; ask for referrals & reviews.
CUST001162,352.0,1,77.98,2025-09-13,2025-09-13,2026-08-31,2,1,2,5,About To Sleep,Re-engagement email with personalised recommendations before they go cold.
CUST001163,610.0,3,105.39,2024-08-30,2024-12-29,2026-08-31,1,3,2,6,Hibernating,Low-cost reactivation campaign; survey to learn why they stopped buying.
CUST001164,52.0,14,1245.63,2024-09-24,2026-07-10,2026-08-31,4,5,5,14,Champions,Reward with early access / loyalty perks; ask for referrals & reviews.
CUST001165,21.0,11,770.3,2024-09-09,2026-08-10,2026-08-31,5,5,5,15,Champions,Reward with early access / loyalty perks; ask for referrals & reviews.
CUST001166,651.0,2,65.86,2024-10-26,2024-11-18,2026-08-31,1,2,2,5,Hibernating,Low-cost reactivation campaign; survey to learn why they stopped buying.
CUST001167,549.0,1,121.2,2025-02-28,2025-02-28,2026-08-31,1,1,3,5,Lost,Deprioritise spend; include only in broad low-cost re-engagement blasts.
CUST001168,261.0,1,65.15,2025-12-13,2025-12-13,2026-08-31,2,1,2,5,About To Sleep,Re-engagement email with personalised recommendations before they go cold.
CUST001169,358.0,4,191.04,2025-03-22,2025-09-07,2026-08-31,2,3,3,8,At Risk,Reach out personally; time-boxed discount to prevent churn.
CUST001170,82.0,10,1055.8700000000001,2024-10-07,2026-06-10,2026-08-31,4,5,5,14,Champions,Reward with early access / loyalty perks; ask for referrals & reviews.
CUST001171,39.0,5,257.53,2025-06-14,2026-07-23,2026-08-31,5,4,4,13,Champions,Reward with early access / loyalty perks; ask for referrals & reviews.
CUST001172,561.0,1,42.96,2025-02-16,2025-02-16,2026-08-31,1,1,1,3,Lost,Deprioritise spend; include only in broad low-cost re-engagement blasts.
CUST001173,116.0,4,265.88,2025-11-17,2026-05-07,2026-08-31,3,3,4,10,Need Attention,Limited-time win-back offer; recommend based on past purchases.
CUST001174,589.0,2,118.59,2025-01-12,2025-01-19,2026-08-31,1,2,3,6,Need Attention,Limited-time win-back offer; recommend based on past purchases.
CUST001175,485.0,1,34.46,2025-05-03,2025-05-03,2026-08-31,1,1,1,3,Lost,Deprioritise spend; include only in broad low-cost re-engagement blasts.
CUST001176,665.0,2,55.22,2024-09-20,2024-11-04,2026-08-31,1,2,2,5,Hibernating,Low-cost reactivation campaign; survey to learn why they stopped buying.
CUST001177,110.0,2,370.67,2026-03-22,2026-05-13,2026-08-31,3,2,4,9,Promising,Nurture with targeted content; small incentive to drive a second order.
CUST001178,101.0,4,282.91999999999996,2025-08-29,2026-05-22,2026-08-31,4,3,4,11,Potential Loyalists,Offer membership / subscription; personalised follow-up after purchase.
CUST001179,108.0,3,357.69,2025-10-31,2026-05-15,2026-08-31,4,3,4,11,Potential Loyalists,Offer membership / subscription; personalised follow-up after purchase.
CUST001180,135.0,4,159.92,2025-10-07,2026-04-18,2026-08-31,3,3,3,9,Need Attention,Limited-time win-back offer; recommend based on past purchases.
CUST001181,492.0,1,43.74,2025-04-26,2025-04-26,2026-08-31,1,1,1,3,Lost,Deprioritise spend; include only in broad low-cost re-engagement blasts.
CUST001182,77.0,9,747.27,2024-11-27,2026-06-15,2026-08-31,4,5,5,14,Champions,Reward with early access / loyalty perks; ask for referrals & reviews.
CUST001183,61.0,8,803.5,2025-08-08,2026-07-01,2026-08-31,4,4,5,13,Champions,Reward with early access / loyalty perks; ask for referrals & reviews.
CUST001184,63.0,10,874.6700000000001,2024-10-11,2026-06-29,2026-08-31,4,5,5,14,Champions,Reward with early access / loyalty perks; ask for referrals & reviews.
CUST001185,3.0,11,818.92,2024-09-25,2026-08-28,2026-08-31,5,5,5,15,Champions,Reward with early access / loyalty perks; ask for referrals & reviews.
CUST001186,547.0,3,255.26999999999998,2024-08-30,2025-03-02,2026-08-31,1,3,4,8,At Risk,Reach out personally; time-boxed discount to prevent churn.
CUST001187,52.0,4,147.37,2026-03-04,2026-07-10,2026-08-31,4,3,3,10,Potential Loyalists,Offer membership / subscription; personalised follow-up after purchase.
CUST001188,43.0,11,8636.82,2024-09-21,2026-07-19,2026-08-31,5,5,5,15,Champions,Reward with early access / loyalty perks; ask for referrals & reviews.
CUST001189,71.0,11,815.78,2024-11-11,2026-06-21,2026-08-31,4,5,5,14,Champions,Reward with early access / loyalty perks; ask for referrals & reviews.
CUST001190,619.0,1,24.51,2024-12-20,2024-12-20,2026-08-31,1,1,1,3,Lost,Deprioritise spend; include only in broad low-cost re-engagement blasts.
CUST001191,168.0,3,309.13,2025-07-05,2026-03-16,2026-08-31,3,3,4,10,Need Attention,Limited-time win-back offer; recommend based on past purchases.
CUST001192,151.0,4,134.55,2025-09-08,2026-04-02,2026-08-31,3,3,3,9,Need Attention,Limited-time win-back offer; recommend based on past purchases.
CUST001193,540.0,3,149.29000000000002,2024-10-23,2025-03-09,2026-08-31,1,3,3,7,At Risk,Reach out personally; time-boxed discount to prevent churn.
CUST001194,18.0,11,11839.85,2024-11-28,2026-08-13,2026-08-31,5,5,5,15,Champions,Reward with early access / loyalty perks; ask for referrals & reviews.
CUST001195,427.0,2,126.79,2025-06-19,2025-06-30,2026-08-31,2,2,3,7,About To Sleep,Re-engagement email with personalised recommendations before they go cold.
CUST001196,50.0,10,727.61,2024-12-20,2026-07-12,2026-08-31,4,5,4,13,Champions,Reward with early access / loyalty perks; ask for referrals & reviews.
CUST001197,49.0,5,294.59000000000003,2025-11-02,2026-07-13,2026-08-31,4,4,4,12,Champions,Reward with early access / loyalty perks; ask for referrals & reviews.
CUST001198,276.0,1,46.91,2025-11-28,2025-11-28,2026-08-31,2,1,1,4,About To Sleep,Re-engagement email with personalised recommendations before they go cold.
CUST001199,280.0,1,94.59,2025-11-24,2025-11-24,2026-08-31,2,1,2,5,About To Sleep,Re-engagement email with personalised recommendations before they go cold.
CUST001200,474.0,1,64.1,2025-05-14,2025-05-14,2026-08-31,1,1,2,4,Lost,Deprioritise spend; include only in broad low-cost re-engagement blasts.
CUST001201,95.0,1,54.39,2026-05-28,2026-05-28,2026-08-31,4,1,2,7,New Customers,Onboard well; send a strong second-purchase incentive within 30 days.
CUST001202,145.0,1,34.95,2026-04-08,2026-04-08,2026-08-31,3,1,1,5,Promising,Nurture with targeted content; small incentive to drive a second order.
CUST001203,527.0,1,66.27,2025-03-22,2025-03-22,2026-08-31,1,1,2,4,Lost,Deprioritise spend; include only in broad low-cost re-engagement blasts.
CUST001204,414.0,1,127.49,2025-07-13,2025-07-13,2026-08-31,2,1,3,6,About To Sleep,Re-engagement email with personalised recommendations before they go cold.
CUST001205,19.0,10,1856.74,2024-09-06,2026-08-12,2026-08-31,5,5,5,15,Champions,Reward with early access / loyalty perks; ask for referrals & reviews.
CUST001206,41.0,12,1536.04,2024-09-26,2026-07-21,2026-08-31,5,5,5,15,Champions,Reward with early access / loyalty perks; ask for referrals & reviews.
CUST001207,598.0,1,46.93,2025-01-10,2025-01-10,2026-08-31,1,1,1,3,Lost,Deprioritise spend; include only in broad low-cost re-engagement blasts.
CUST001208,150.0,5,291.34000000000003,2025-07-23,2026-04-03,2026-08-31,3,4,4,11,Loyal Customers,Upsell higher-value products; enrol in loyalty programme.
CUST001209,146.0,2,53.06,2026-01-02,2026-04-07,2026-08-31,3,2,2,7,Promising,Nurture with targeted content; small incentive to drive a second order.
CUST001210,245.0,5,323.06,2025-04-06,2025-12-29,2026-08-31,2,4,4,10,At Risk,Reach out personally; time-boxed discount to prevent churn.
CUST001211,463.0,3,175.64999999999998,2024-12-28,2025-05-25,2026-08-31,1,3,3,7,At Risk,Reach out personally; time-boxed discount to prevent churn.
CUST001212,520.0,3,156.75,2025-01-04,2025-03-29,2026-08-31,1,3,3,7,At Risk,Reach out personally; time-boxed discount to prevent churn.
CUST001213,526.0,1,58.42,2025-03-23,2025-03-23,2026-08-31,1,1,2,4,Lost,Deprioritise spend; include only in broad low-cost re-engagement blasts.
CUST001214,208.0,3,105.02,2025-10-24,2026-02-04,2026-08-31,3,3,2,8,Need Attention,Limited-time win-back offer; recommend based on past purchases.
CUST001215,90.0,4,307.15,2025-10-24,2026-06-02,2026-08-31,4,3,4,11,Potential Loyalists,Offer membership / subscription; personalised follow-up after purchase.
CUST001216,577.0,1,30.18,2025-01-31,2025-01-31,2026-08-31,1,1,1,3,Lost,Deprioritise spend; include only in broad low-cost re-engagement blasts.
CUST001217,70.0,6,296.06,2025-08-13,2026-06-22,2026-08-31,4,4,4,12,Champions,Reward with early access / loyalty perks; ask for referrals & reviews.
CUST001218,30.0,1,90.89,2026-08-01,2026-08-01,2026-08-31,5,1,2,8,New Customers,Onboard well; send a strong second-purchase incentive within 30 days.
CUST001219,211.0,1,32.78,2026-02-01,2026-02-01,2026-08-31,3,1,1,5,Promising,Nurture with targeted content; small incentive to drive a second order.
CUST001220,78.0,9,623.0,2025-06-05,2026-06-14,2026-08-31,4,5,4,13,Champions,Reward with early access / loyalty perks; ask for referrals & reviews.
CUST001221,25.0,11,1543.1,2024-09-12,2026-08-06,2026-08-31,5,5,5,15,Champions,Reward with early access / loyalty perks; ask for referrals & reviews.
CUST001222,216.0,2,146.99,2025-11-02,2026-01-27,2026-08-31,3,2,3,8,Promising,Nurture with targeted content; small incentive to drive a second order.
CUST001223,328.0,2,304.81,2025-07-04,2025-10-07,2026-08-31,2,2,4,8,About To Sleep,Re-engagement email with personalised recommendations before they go cold.
CUST001224,646.0,1,268.26,2024-11-23,2024-11-23,2026-08-31,1,1,4,6,Lost,Deprioritise spend; include only in broad low-cost re-engagement blasts.
CUST001225,50.0,6,571.49,2024-11-05,2026-07-12,2026-08-31,4,4,4,12,Champions,Reward with early access / loyalty perks; ask for referrals & reviews.
CUST001226,652.0,2,296.43,2024-10-03,2024-11-17,2026-08-31,1,2,4,7,Need Attention,Limited-time win-back offer; recommend based on past purchases.
CUST001227,175.0,4,335.28999999999996,2025-07-14,2026-03-09,2026-08-31,3,3,4,10,Need Attention,Limited-time win-back offer; recommend based on past purchases.
CUST001228,98.0,3,85.27,2026-03-23,2026-05-25,2026-08-31,4,3,2,9,Potential Loyalists,Offer membership / subscription; personalised follow-up after purchase.
CUST001229,639.0,1,14.74,2024-11-30,2024-11-30,2026-08-31,1,1,1,3,Lost,Deprioritise spend; include only in broad low-cost re-engagement blasts.
CUST001230,25.0,12,2381.55,2024-12-17,2026-08-06,2026-08-31,5,5,5,15,Champions,Reward with early access / loyalty perks; ask for referrals & reviews.
CUST001231,97.0,4,178.41,2025-05-11,2026-05-26,2026-08-31,4,3,3,10,Potential Loyalists,Offer membership / subscription; personalised follow-up after purchase.
CUST001232,632.0,1,15.08,2024-12-07,2024-12-07,2026-08-31,1,1,1,3,Lost,Deprioritise spend; include only in broad low-cost re-engagement blasts.
CUST001233,19.0,10,779.91,2024-09-06,2026-08-12,2026-08-31,5,5,5,15,Champions,Reward with early access / loyalty perks; ask for referrals & reviews.
CUST001234,466.0,1,11.84,2025-05-22,2025-05-22,2026-08-31,1,1,1,3,Lost,Deprioritise spend; include only in broad low-cost re-engagement blasts.
CUST001235,170.0,3,163.13,2025-10-28,2026-03-14,2026-08-31,3,3,3,9,Need Attention,Limited-time win-back offer; recommend based on past purchases.
CUST001236,38.0,10,590.5,2024-10-10,2026-07-24,2026-08-31,5,5,4,14,Champions,Reward with early access / loyalty perks; ask for referrals & reviews.
CUST001237,124.0,4,242.71,2025-11-01,2026-04-29,2026-08-31,3,3,4,10,Need Attention,Limited-time win-back offer; recommend based on past purchases.
CUST001238,64.0,2,116.28,2026-03-28,2026-06-28,2026-08-31,4,2,3,9,Potential Loyalists,Offer membership / subscription; personalised follow-up after purchase.
CUST001239,4.0,13,1182.16,2024-09-13,2026-08-27,2026-08-31,5,5,5,15,Champions,Reward with early access / loyalty perks; ask for referrals & reviews.
CUST001240,53.0,9,402.58,2025-03-11,2026-07-09,2026-08-31,4,5,4,13,Champions,Reward with early access / loyalty perks; ask for referrals & reviews.
CUST001241,673.0,2,197.32,2024-09-29,2024-10-27,2026-08-31,1,2,3,6,Need Attention,Limited-time win-back offer; recommend based on past purchases.
CUST001242,234.0,2,105.37,2025-12-16,2026-01-09,2026-08-31,2,2,2,6,About To Sleep,Re-engagement email with personalised recommendations before they go cold.
CUST001243,68.0,2,62.22,2026-04-13,2026-06-24,2026-08-31,4,2,2,8,Potential Loyalists,Offer membership / subscription; personalised follow-up after purchase.
CUST001244,41.0,11,1913.1000000000001,2024-09-03,2026-07-21,2026-08-31,5,5,5,15,Champions,Reward with early access / loyalty perks; ask for referrals & reviews.
CUST001245,79.0,5,302.15999999999997,2025-11-22,2026-06-13,2026-08-31,4,4,4,12,Champions,Reward with early access / loyalty perks; ask for referrals & reviews.
CUST001246,167.0,4,243.25,2025-12-05,2026-03-17,2026-08-31,3,3,4,10,Need Attention,Limited-time win-back offer; recommend based on past purchases.
CUST001247,273.0,1,16.56,2025-12-01,2025-12-01,2026-08-31,2,1,1,4,About To Sleep,Re-engagement email with personalised recommendations before they go cold.
CUST001248,178.0,2,120.4,2025-12-14,2026-03-06,2026-08-31,3,2,3,8,Promising,Nurture with targeted content; small incentive to drive a second order.
CUST001249,547.0,4,221.07999999999998,2024-10-14,2025-03-02,2026-08-31,1,3,3,7,At Risk,Reach out personally; time-boxed discount to prevent churn.
CUST001250,693.0,1,88.96,2024-10-07,2024-10-07,2026-08-31,1,1,2,4,Lost,Deprioritise spend; include only in broad low-cost re-engagement blasts.
CUST001251,88.0,11,1091.08,2024-09-18,2026-06-04,2026-08-31,4,5,5,14,Champions,Reward with early access / loyalty perks; ask for referrals & reviews.
CUST001252,37.0,10,562.67,2024-09-04,2026-07-25,2026-08-31,5,5,4,14,Champions,Reward with early access / loyalty perks; ask for referrals & reviews.
CUST001253,60.0,9,953.79,2024-11-02,2026-07-02,2026-08-31,4,5,5,14,Champions,Reward with early access / loyalty perks; ask for referrals & reviews.
CUST001254,617.0,1,65.97,2024-12-22,2024-12-22,2026-08-31,1,1,2,4,Lost,Deprioritise spend; include only in broad low-cost re-engagement blasts.
CUST001255,69.0,10,789.87,2025-01-05,2026-06-23,2026-08-31,4,5,5,14,Champions,Reward with early access / loyalty perks; ask for referrals & reviews.
CUST001256,418.0,3,94.15,2025-01-15,2025-07-09,2026-08-31,2,3,2,7,Hibernating,Low-cost reactivation campaign; survey to learn why they stopped buying.
CUST001257,620.0,2,93.2,2024-10-06,2024-12-19,2026-08-31,1,2,2,5,Hibernating,Low-cost reactivation campaign; survey to learn why they stopped buying.
CUST001258,700.0,1,15.92,2024-09-30,2024-09-30,2026-08-31,1,1,1,3,Lost,Deprioritise spend; include only in broad low-cost re-engagement blasts.
CUST001259,305.0,1,121.88,2025-10-30,2025-10-30,2026-08-31,2,1,3,6,About To Sleep,Re-engagement email with personalised recommendations before they go cold.
CUST001260,1.0,10,8849.27,2024-10-20,2026-08-30,2026-08-31,5,5,5,15,Champions,Reward with early access / loyalty perks; ask for referrals & reviews.
CUST001261,86.0,13,1490.72,2024-10-07,2026-06-06,2026-08-31,4,5,5,14,Champions,Reward with early access / loyalty perks; ask for referrals & reviews.
CUST001262,144.0,4,222.7,2025-09-05,2026-04-09,2026-08-31,3,3,3,9,Need Attention,Limited-time win-back offer; recommend based on past purchases.
CUST001263,205.0,2,95.34,2025-11-10,2026-02-07,2026-08-31,3,2,2,7,Promising,Nurture with targeted content; small incentive to drive a second order.
CUST001264,460.0,3,54.66,2025-02-17,2025-05-28,2026-08-31,1,3,2,6,Hibernating,Low-cost reactivation campaign; survey to learn why they stopped buying.
CUST001265,653.0,1,23.19,2024-11-16,2024-11-16,2026-08-31,1,1,1,3,Lost,Deprioritise spend; include only in broad low-cost re-engagement blasts.
CUST001266,529.0,4,135.99,2024-09-12,2025-03-20,2026-08-31,1,3,3,7,At Risk,Reach out personally; time-boxed discount to prevent churn.
CUST001267,78.0,8,656.11,2025-05-23,2026-06-14,2026-08-31,4,4,4,12,Champions,Reward with early access / loyalty perks; ask for referrals & reviews.
CUST001268,42.0,10,7796.72,2024-09-09,2026-07-20,2026-08-31,5,5,5,15,Champions,Reward with early access / loyalty perks; ask for referrals & reviews.
CUST001269,162.0,3,122.53,2026-01-12,2026-03-22,2026-08-31,3,3,3,9,Need Attention,Limited-time win-back offer; recommend based on past purchases.
CUST001270,33.0,3,183.64999999999998,2026-01-31,2026-07-29,2026-08-31,5,3,3,11,Potential Loyalists,Offer membership / subscription; personalised follow-up after purchase.
CUST001271,24.0,11,7222.879999999999,2024-10-18,2026-08-07,2026-08-31,5,5,5,15,Champions,Reward with early access / loyalty perks; ask for referrals & reviews.
CUST001272,212.0,3,119.56,2025-10-23,2026-01-31,2026-08-31,3,3,3,9,Need Attention,Limited-time win-back offer; recommend based on past purchases.
CUST001273,82.0,3,144.36,2026-04-07,2026-06-10,2026-08-31,4,3,3,10,Potential Loyalists,Offer membership / subscription; personalised follow-up after purchase.
CUST001274,,0,0.0,,,2026-08-31,,,,,No Purchase History,Investigate: no purchase history -- confirm signup funnel / re-engage with welcome offer.
CUST001275,21.0,12,723.13,2024-09-16,2026-08-10,2026-08-31,5,5,4,14,Champions,Reward with early access / loyalty perks; ask for referrals & reviews.
CUST001276,37.0,3,202.46,2025-10-26,2026-07-25,2026-08-31,5,3,3,11,Potential Loyalists,Offer membership / subscription; personalised follow-up after purchase.
CUST001277,88.0,13,719.69,2024-10-30,2026-06-04,2026-08-31,4,5,4,13,Champions,Reward with early access / loyalty perks; ask for referrals & reviews.
CUST001278,35.0,10,733.45,2024-11-30,2026-07-27,2026-08-31,5,5,4,14,Champions,Reward with early access / loyalty perks; ask for referrals & reviews.
CUST001279,603.0,1,16.65,2025-01-05,2025-01-05,2026-08-31,1,1,1,3,Lost,Deprioritise spend; include only in broad low-cost re-engagement blasts.
CUST001280,290.0,1,127.47,2025-11-14,2025-11-14,2026-08-31,2,1,3,6,About To Sleep,Re-engagement email with personalised recommendations before they go cold.
CUST001281,42.0,5,424.96999999999997,2026-01-31,2026-07-20,2026-08-31,5,4,4,13,Champions,Reward with early access / loyalty perks; ask for referrals & reviews.
CUST001282,229.0,2,133.97,2025-12-02,2026-01-14,2026-08-31,2,2,3,7,About To Sleep,Re-engagement email with personalised recommendations before they go cold.
CUST001283,208.0,3,224.13,2025-09-19,2026-02-04,2026-08-31,3,3,3,9,Need Attention,Limited-time win-back offer; recommend based on past purchases.
CUST001284,199.0,1,95.09,2026-02-13,2026-02-13,2026-08-31,3,1,2,6,Promising,Nurture with targeted content; small incentive to drive a second order.
CUST001285,510.0,4,130.72,2024-11-17,2025-04-08,2026-08-31,1,3,3,7,At Risk,Reach out personally; time-boxed discount to prevent churn.
CUST001286,450.0,1,71.25,2025-06-07,2025-06-07,2026-08-31,2,1,2,5,About To Sleep,Re-engagement email with personalised recommendations before they go cold.
CUST001287,215.0,4,241.72,2025-08-24,2026-01-28,2026-08-31,3,3,4,10,Need Attention,Limited-time win-back offer; recommend based on past purchases.
CUST001288,130.0,2,75.38,2025-12-16,2026-04-23,2026-08-31,3,2,2,7,Promising,Nurture with targeted content; small incentive to drive a second order.
CUST001289,49.0,6,524.28,2025-09-26,2026-07-13,2026-08-31,4,4,4,12,Champions,Reward with early access / loyalty perks; ask for referrals & reviews.
CUST001290,557.0,1,71.96,2025-02-20,2025-02-20,2026-08-31,1,1,2,4,Lost,Deprioritise spend; include only in broad low-cost re-engagement blasts.
CUST001291,138.0,6,403.97,2024-12-26,2026-04-15,2026-08-31,3,4,4,11,Loyal Customers,Upsell higher-value products; enrol in loyalty programme.
CUST001292,384.0,1,38.82,2025-08-12,2025-08-12,2026-08-31,2,1,1,4,About To Sleep,Re-engagement email with personalised recommendations before they go cold.
CUST001293,384.0,1,67.33,2025-08-12,2025-08-12,2026-08-31,2,1,2,5,About To Sleep,Re-engagement email with personalised recommendations before they go cold.
CUST001294,159.0,6,494.99,2025-07-09,2026-03-25,2026-08-31,3,4,4,11,Loyal Customers,Upsell higher-value products; enrol in loyalty programme.
CUST001295,46.0,2,58.230000000000004,2026-04-10,2026-07-16,2026-08-31,4,2,2,8,Potential Loyalists,Offer membership / subscription; personalised follow-up after purchase.
CUST001296,166.0,2,43.8,2026-02-03,2026-03-18,2026-08-31,3,2,1,6,Promising,Nurture with targeted content; small incentive to drive a second order.
CUST001297,50.0,9,837.47,2024-12-16,2026-07-12,2026-08-31,4,5,5,14,Champions,Reward with early access / loyalty perks; ask for referrals & reviews.
CUST001298,14.0,12,844.5,2024-08-30,2026-08-17,2026-08-31,5,5,5,15,Champions,Reward with early access / loyalty perks; ask for referrals & reviews.
CUST001299,217.0,1,96.31,2026-01-26,2026-01-26,2026-08-31,3,1,2,6,Promising,Nurture with targeted content; small incentive to drive a second order.
CUST001300,34.0,3,142.4,2026-04-03,2026-07-28,2026-08-31,5,3,3,11,Potential Loyalists,Offer membership / subscription; personalised follow-up after purchase.
CUST001301,116.0,2,26.1,2026-04-21,2026-05-07,2026-08-31,3,2,1,6,Promising,Nurture with targeted content; small incentive to drive a second order.
CUST001302,281.0,1,16.99,2025-11-23,2025-11-23,2026-08-31,2,1,1,4,About To Sleep,Re-engagement email with personalised recommendations before they go cold.
CUST001303,355.0,1,37.04,2025-09-10,2025-09-10,2026-08-31,2,1,1,4,About To Sleep,Re-engagement email with personalised recommendations before they go cold.
CUST001304,39.0,2,77.92,2026-07-16,2026-07-23,2026-08-31,5,2,2,9,Potential Loyalists,Offer membership / subscription; personalised follow-up after purchase.
CUST001305,648.0,1,29.39,2024-11-21,2024-11-21,2026-08-31,1,1,1,3,Lost,Deprioritise spend; include only in broad low-cost re-engagement blasts.
CUST001306,614.0,2,98.05,2024-12-05,2024-12-25,2026-08-31,1,2,2,5,Hibernating,Low-cost reactivation campaign; survey to learn why they stopped buying.
CUST001307,436.0,1,26.64,2025-06-21,2025-06-21,2026-08-31,2,1,1,4,About To Sleep,Re-engagement email with personalised recommendations before they go cold.
CUST001308,689.0,1,67.0,2024-10-11,2024-10-11,2026-08-31,1,1,2,4,Lost,Deprioritise spend; include only in broad low-cost re-engagement blasts.
CUST001309,50.0,9,1007.69,2024-09-24,2026-07-12,2026-08-31,4,5,5,14,Champions,Reward with early access / loyalty perks; ask for referrals & reviews.
CUST001310,612.0,2,62.0,2024-11-23,2024-12-27,2026-08-31,1,2,2,5,Hibernating,Low-cost reactivation campaign; survey to learn why they stopped buying.
CUST001311,183.0,4,214.32,2025-09-23,2026-03-01,2026-08-31,3,3,3,9,Need Attention,Limited-time win-back offer; recommend based on past purchases.
CUST001312,396.0,4,147.26,2025-02-21,2025-07-31,2026-08-31,2,3,3,8,At Risk,Reach out personally; time-boxed discount to prevent churn.
CUST001313,,0,0.0,,,2026-08-31,,,,,No Purchase History,Investigate: no purchase history -- confirm signup funnel / re-engage with welcome offer.
CUST001314,34.0,12,1649.91,2024-09-16,2026-07-28,2026-08-31,5,5,5,15,Champions,Reward with early access / loyalty perks; ask for referrals & reviews.
CUST001315,7.0,13,1508.57,2024-10-07,2026-08-24,2026-08-31,5,5,5,15,Champions,Reward with early access / loyalty perks; ask for referrals & reviews.
CUST001316,579.0,1,159.31,2025-01-29,2025-01-29,2026-08-31,1,1,3,5,Lost,Deprioritise spend; include only in broad low-cost re-engagement blasts.
CUST001317,155.0,1,23.63,2026-03-29,2026-03-29,2026-08-31,3,1,1,5,Promising,Nurture with targeted content; small incentive to drive a second order.
CUST001318,43.0,12,2013.0300000000002,2024-09-21,2026-07-19,2026-08-31,5,5,5,15,Champions,Reward with early access / loyalty perks; ask for referrals & reviews.
CUST001319,339.0,1,82.15,2025-09-26,2025-09-26,2026-08-31,2,1,2,5,About To Sleep,Re-engagement email with personalised recommendations before they go cold.
CUST001320,465.0,3,245.60999999999999,2024-12-18,2025-05-23,2026-08-31,1,3,4,8,At Risk,Reach out personally; time-boxed discount to prevent churn.
CUST001321,123.0,4,213.15,2025-12-10,2026-04-30,2026-08-31,3,3,3,9,Need Attention,Limited-time win-back offer; recommend based on past purchases.
CUST001322,70.0,4,160.98,2026-02-03,2026-06-22,2026-08-31,4,3,3,10,Potential Loyalists,Offer membership / subscription; personalised follow-up after purchase.
CUST001323,5.0,12,1344.5,2024-10-10,2026-08-26,2026-08-31,5,5,5,15,Champions,Reward with early access / loyalty perks; ask for referrals & reviews.
CUST001324,321.0,3,69.03,2025-05-01,2025-10-14,2026-08-31,2,3,2,7,Hibernating,Low-cost reactivation campaign; survey to learn why they stopped buying.
CUST001325,63.0,2,117.53999999999999,2026-06-10,2026-06-29,2026-08-31,4,2,3,9,Potential Loyalists,Offer membership / subscription; personalised follow-up after purchase.
CUST001326,632.0,1,5.52,2024-12-07,2024-12-07,2026-08-31,1,1,1,3,Lost,Deprioritise spend; include only in broad low-cost re-engagement blasts.
CUST001327,156.0,3,169.64,2025-12-22,2026-03-28,2026-08-31,3,3,3,9,Need Attention,Limited-time win-back offer; recommend based on past purchases.
CUST001328,270.0,1,31.34,2025-12-04,2025-12-04,2026-08-31,2,1,1,4,About To Sleep,Re-engagement email with personalised recommendations before they go cold.
CUST001329,74.0,4,364.68,2025-11-26,2026-06-18,2026-08-31,4,3,4,11,Potential Loyalists,Offer membership / subscription; personalised follow-up after purchase.
CUST001330,24.0,10,782.6700000000001,2025-05-05,2026-08-07,2026-08-31,5,5,5,15,Champions,Reward with early access / loyalty perks; ask for referrals & reviews.
CUST001331,640.0,3,198.97000000000003,2024-11-05,2024-11-29,2026-08-31,1,3,3,7,At Risk,Reach out personally; time-boxed discount to prevent churn.
CUST001332,221.0,5,321.36,2025-06-10,2026-01-22,2026-08-31,2,4,4,10,At Risk,Reach out personally; time-boxed discount to prevent churn.
CUST001333,295.0,1,65.39,2025-11-09,2025-11-09,2026-08-31,2,1,2,5,About To Sleep,Re-engagement email with personalised recommendations before they go cold.
CUST001334,12.0,8,7598.42,2025-04-26,2026-08-19,2026-08-31,5,4,5,14,Champions,Reward with early access / loyalty perks; ask for referrals & reviews.
CUST001335,33.0,5,2745.32,2025-07-28,2026-07-29,2026-08-31,5,4,5,14,Champions,Reward with early access / loyalty perks; ask for referrals & reviews.
CUST001336,658.0,1,52.32,2024-11-11,2024-11-11,2026-08-31,1,1,2,4,Lost,Deprioritise spend; include only in broad low-cost re-engagement blasts.
CUST001337,83.0,12,896.76,2024-09-05,2026-06-09,2026-08-31,4,5,5,14,Champions,Reward with early access / loyalty perks; ask for referrals & reviews.
CUST001338,463.0,1,51.11,2025-05-25,2025-05-25,2026-08-31,1,1,2,4,Lost,Deprioritise spend; include only in broad low-cost re-engagement blasts.
CUST001339,659.0,1,28.83,2024-11-10,2024-11-10,2026-08-31,1,1,1,3,Lost,Deprioritise spend; include only in broad low-cost re-engagement blasts.
CUST001340,238.0,4,170.2,2025-06-10,2026-01-05,2026-08-31,2,3,3,8,At Risk,Reach out personally; time-boxed discount to prevent churn.
CUST001341,62.0,11,965.3000000000001,2024-09-20,2026-06-30,2026-08-31,4,5,5,14,Champions,Reward with early access / loyalty perks; ask for referrals & reviews.
CUST001342,404.0,3,127.27000000000001,2025-01-08,2025-07-23,2026-08-31,2,3,3,8,At Risk,Reach out personally; time-boxed discount to prevent churn.
CUST001343,67.0,5,370.82,2026-02-16,2026-06-25,2026-08-31,4,4,4,12,Champions,Reward with early access / loyalty perks; ask for referrals & reviews.
CUST001344,687.0,1,161.41,2024-10-13,2024-10-13,2026-08-31,1,1,3,5,Lost,Deprioritise spend; include only in broad low-cost re-engagement blasts.
CUST001345,26.0,5,2922.44,2025-12-12,2026-08-05,2026-08-31,5,4,5,14,Champions,Reward with early access / loyalty perks; ask for referrals & reviews.
CUST001346,403.0,1,98.93,2025-07-24,2025-07-24,2026-08-31,2,1,2,5,About To Sleep,Re-engagement email with personalised recommendations before they go cold.
CUST001347,98.0,6,383.12,2025-07-21,2026-05-25,2026-08-31,4,4,4,12,Champions,Reward with early access / loyalty perks; ask for referrals & reviews.
CUST001348,100.0,3,141.51999999999998,2026-04-22,2026-05-23,2026-08-31,4,3,3,10,Potential Loyalists,Offer membership / subscription; personalised follow-up after purchase.
CUST001349,176.0,6,262.24,2025-03-19,2026-03-08,2026-08-31,3,4,4,11,Loyal Customers,Upsell higher-value products; enrol in loyalty programme.
CUST001350,79.0,9,861.55,2024-12-03,2026-06-13,2026-08-31,4,5,5,14,Champions,Reward with early access / loyalty perks; ask for referrals & reviews.
CUST001351,315.0,1,32.78,2025-10-20,2025-10-20,2026-08-31,2,1,1,4,About To Sleep,Re-engagement email with personalised recommendations before they go cold.
CUST001352,544.0,2,44.79,2024-12-10,2025-03-05,2026-08-31,1,2,1,4,Hibernating,Low-cost reactivation campaign; survey to learn why they stopped buying.
CUST001353,54.0,3,87.36,2025-12-06,2026-07-08,2026-08-31,4,3,2,9,Potential Loyalists,Offer membership / subscription; personalised follow-up after purchase.
CUST001354,68.0,3,147.95,2026-04-21,2026-06-24,2026-08-31,4,3,3,10,Potential Loyalists,Offer membership / subscription; personalised follow-up after purchase.
CUST001355,344.0,1,43.91,2025-09-21,2025-09-21,2026-08-31,2,1,1,4,About To Sleep,Re-engagement email with personalised recommendations before they go cold.
CUST001356,43.0,10,1237.23,2024-09-04,2026-07-19,2026-08-31,5,5,5,15,Champions,Reward with early access / loyalty perks; ask for referrals & reviews.
CUST001357,423.0,1,50.67,2025-07-04,2025-07-04,2026-08-31,2,1,2,5,About To Sleep,Re-engagement email with personalised recommendations before they go cold.
CUST001358,82.0,6,265.96,2025-08-28,2026-06-10,2026-08-31,4,4,4,12,Champions,Reward with early access / loyalty perks; ask for referrals & reviews.
CUST001359,268.0,1,29.05,2025-12-06,2025-12-06,2026-08-31,2,1,1,4,About To Sleep,Re-engagement email with personalised recommendations before they go cold.
CUST001360,42.0,10,1004.1899999999999,2024-09-14,2026-07-20,2026-08-31,5,5,5,15,Champions,Reward with early access / loyalty perks; ask for referrals & reviews.
CUST001361,368.0,1,25.38,2025-08-28,2025-08-28,2026-08-31,2,1,1,4,About To Sleep,Re-engagement email with personalised recommendations before they go cold.
CUST001362,102.0,2,189.59,2026-05-13,2026-05-21,2026-08-31,4,2,3,9,Potential Loyalists,Offer membership / subscription; personalised follow-up after purchase.
CUST001363,502.0,1,19.21,2025-04-16,2025-04-16,2026-08-31,1,1,1,3,Lost,Deprioritise spend; include only in broad low-cost re-engagement blasts.
CUST001364,42.0,13,2269.4,2024-09-02,2026-07-20,2026-08-31,5,5,5,15,Champions,Reward with early access / loyalty perks; ask for referrals & reviews.
CUST001365,188.0,4,141.82,2025-08-10,2026-02-24,2026-08-31,3,3,3,9,Need Attention,Limited-time win-back offer; recommend based on past purchases.
CUST001366,597.0,1,64.16,2025-01-11,2025-01-11,2026-08-31,1,1,2,4,Lost,Deprioritise spend; include only in broad low-cost re-engagement blasts.
CUST001367,83.0,4,172.37,2025-12-05,2026-06-09,2026-08-31,4,3,3,10,Potential Loyalists,Offer membership / subscription; personalised follow-up after purchase.
CUST001368,87.0,10,971.0500000000001,2024-09-24,2026-06-05,2026-08-31,4,5,5,14,Champions,Reward with early access / loyalty perks; ask for referrals & reviews.
CUST001369,56.0,9,477.51,2024-09-12,2026-07-06,2026-08-31,4,5,4,13,Champions,Reward with early access / loyalty perks; ask for referrals & reviews.
CUST001370,47.0,5,280.06,2025-10-08,2026-07-15,2026-08-31,4,4,4,12,Champions,Reward with early access / loyalty perks; ask for referrals & reviews.
CUST001371,4.0,9,680.3,2025-02-13,2026-08-27,2026-08-31,5,5,4,14,Champions,Reward with early access / loyalty perks; ask for referrals & reviews.
CUST001372,470.0,3,137.53,2025-04-10,2025-05-18,2026-08-31,1,3,3,7,At Risk,Reach out personally; time-boxed discount to prevent churn.
CUST001373,190.0,2,150.16,2025-12-18,2026-02-22,2026-08-31,3,2,3,8,Promising,Nurture with targeted content; small incentive to drive a second order.
CUST001374,397.0,1,22.13,2025-07-30,2025-07-30,2026-08-31,2,1,1,4,About To Sleep,Re-engagement email with personalised recommendations before they go cold.
CUST001375,38.0,7,5669.48,2025-10-26,2026-07-24,2026-08-31,5,4,5,14,Champions,Reward with early access / loyalty perks; ask for referrals & reviews.
CUST001376,140.0,10,729.93,2025-01-12,2026-04-13,2026-08-31,3,5,4,12,Loyal Customers,Upsell higher-value products; enrol in loyalty programme.
CUST001377,97.0,1,117.35,2026-05-26,2026-05-26,2026-08-31,4,1,3,8,New Customers,Onboard well; send a strong second-purchase incentive within 30 days.
CUST001378,366.0,2,67.8,2025-05-05,2025-08-30,2026-08-31,2,2,2,6,About To Sleep,Re-engagement email with personalised recommendations before they go cold.
CUST001379,157.0,1,45.71,2026-03-27,2026-03-27,2026-08-31,3,1,1,5,Promising,Nurture with targeted content; small incentive to drive a second order.
CUST001380,31.0,2,111.01,2026-05-16,2026-07-31,2026-08-31,5,2,3,10,Potential Loyalists,Offer membership / subscription; personalised follow-up after purchase.
CUST001381,203.0,3,93.94,2025-08-17,2026-02-09,2026-08-31,3,3,2,8,Need Attention,Limited-time win-back offer; recommend based on past purchases.
CUST001382,19.0,16,1942.05,2024-10-04,2026-08-12,2026-08-31,5,5,5,15,Champions,Reward with early access / loyalty perks; ask for referrals & reviews.
CUST001383,434.0,1,70.32,2025-06-23,2025-06-23,2026-08-31,2,1,2,5,About To Sleep,Re-engagement email with personalised recommendations before they go cold.
CUST001384,30.0,11,8201.67,2024-10-16,2026-08-01,2026-08-31,5,5,5,15,Champions,Reward with early access / loyalty perks; ask for referrals & reviews.
CUST001385,26.0,10,7863.45,2024-09-19,2026-08-05,2026-08-31,5,5,5,15,Champions,Reward with early access / loyalty perks; ask for referrals & reviews.
CUST001386,82.0,11,1418.43,2024-09-29,2026-06-10,2026-08-31,4,5,5,14,Champions,Reward with early access / loyalty perks; ask for referrals & reviews.
CUST001387,586.0,1,92.54,2025-01-22,2025-01-22,2026-08-31,1,1,2,4,Lost,Deprioritise spend; include only in broad low-cost re-engagement blasts.
CUST001388,162.0,5,170.34,2025-08-22,2026-03-22,2026-08-31,3,4,3,10,Loyal Customers,Upsell higher-value products; enrol in loyalty programme.
CUST001389,522.0,2,69.28999999999999,2025-01-19,2025-03-27,2026-08-31,1,2,2,5,Hibernating,Low-cost reactivation campaign; survey to learn why they stopped buying.
CUST001390,16.0,9,1161.69,2024-09-05,2026-08-15,2026-08-31,5,5,5,15,Champions,Reward with early access / loyalty perks; ask for referrals & reviews.
CUST001391,547.0,2,51.99,2024-11-16,2025-03-02,2026-08-31,1,2,2,5,Hibernating,Low-cost reactivation campaign; survey to learn why they stopped buying.
CUST001392,577.0,3,154.51999999999998,2024-09-27,2025-01-31,2026-08-31,1,3,3,7,At Risk,Reach out personally; time-boxed discount to prevent churn.
CUST001393,13.0,10,677.37,2024-09-12,2026-08-18,2026-08-31,5,5,4,14,Champions,Reward with early access / loyalty perks; ask for referrals & reviews.
CUST001394,35.0,11,995.66,2024-10-09,2026-07-27,2026-08-31,5,5,5,15,Champions,Reward with early access / loyalty perks; ask for referrals & reviews.
CUST001395,367.0,4,177.57999999999998,2025-04-16,2025-08-29,2026-08-31,2,3,3,8,At Risk,Reach out personally; time-boxed discount to prevent churn.
CUST001396,69.0,17,1391.31,2024-10-14,2026-06-23,2026-08-31,4,5,5,14,Champions,Reward with early access / loyalty perks; ask for referrals & reviews.
CUST001397,477.0,1,48.68,2025-05-11,2025-05-11,2026-08-31,1,1,2,4,Lost,Deprioritise spend; include only in broad low-cost re-engagement blasts.
CUST001398,653.0,2,110.32,2024-11-06,2024-11-16,2026-08-31,1,2,3,6,Need Attention,Limited-time win-back offer; recommend based on past purchases.
CUST001399,102.0,1,37.9,2026-05-21,2026-05-21,2026-08-31,4,1,1,6,New Customers,Onboard well; send a strong second-purchase incentive within 30 days.
CUST001400,116.0,5,399.6,2025-06-18,2026-05-07,2026-08-31,3,4,4,11,Loyal Customers,Upsell higher-value products; enrol in loyalty programme.
CUST001401,236.0,2,272.75,2025-10-27,2026-01-07,2026-08-31,2,2,4,8,About To Sleep,Re-engagement email with personalised recommendations before they go cold.
CUST001402,64.0,8,451.68,2025-03-15,2026-06-28,2026-08-31,4,4,4,12,Champions,Reward with early access / loyalty perks; ask for referrals & reviews.
CUST001403,38.0,6,3808.19,2025-06-26,2026-07-24,2026-08-31,5,4,5,14,Champions,Reward with early access / loyalty perks; ask for referrals & reviews.
CUST001404,64.0,5,245.97,2025-10-02,2026-06-28,2026-08-31,4,4,4,12,Champions,Reward with early access / loyalty perks; ask for referrals & reviews.
CUST001405,75.0,7,447.23999999999995,2025-04-05,2026-06-17,2026-08-31,4,4,4,12,Champions,Reward with early access / loyalty perks; ask for referrals & reviews.
CUST001406,191.0,3,280.29999999999995,2025-12-11,2026-02-21,2026-08-31,3,3,4,10,Need Attention,Limited-time win-back offer; recommend based on past purchases.
CUST001407,44.0,9,6993.57,2025-07-05,2026-07-18,2026-08-31,5,5,5,15,Champions,Reward with early access / loyalty perks; ask for referrals & reviews.
CUST001408,40.0,12,821.13,2024-12-07,2026-07-22,2026-08-31,5,5,5,15,Champions,Reward with early access / loyalty perks; ask for referrals & reviews.
CUST001409,466.0,4,93.75,2025-01-17,2025-05-22,2026-08-31,1,3,2,6,Hibernating,Low-cost reactivation campaign; survey to learn why they stopped buying.
CUST001410,136.0,1,18.48,2026-04-17,2026-04-17,2026-08-31,3,1,1,5,Promising,Nurture with targeted content; small incentive to drive a second order.
CUST001411,350.0,4,309.51,2025-05-08,2025-09-15,2026-08-31,2,3,4,9,At Risk,Reach out personally; time-boxed discount to prevent churn.
CUST001412,37.0,6,3582.42,2025-06-27,2026-07-25,2026-08-31,5,4,5,14,Champions,Reward with early access / loyalty perks; ask for referrals & reviews.
CUST001413,556.0,1,18.92,2025-02-21,2025-02-21,2026-08-31,1,1,1,3,Lost,Deprioritise spend; include only in broad low-cost re-engagement blasts.
CUST001414,410.0,2,38.519999999999996,2025-07-11,2025-07-17,2026-08-31,2,2,1,5,About To Sleep,Re-engagement email with personalised recommendations before they go cold.
CUST001415,67.0,10,646.57,2024-11-23,2026-06-25,2026-08-31,4,5,4,13,Champions,Reward with early access / loyalty perks; ask for referrals & reviews.
CUST001416,462.0,1,25.18,2025-05-26,2025-05-26,2026-08-31,1,1,1,3,Lost,Deprioritise spend; include only in broad low-cost re-engagement blasts.
CUST001417,569.0,1,48.46,2025-02-08,2025-02-08,2026-08-31,1,1,2,4,Lost,Deprioritise spend; include only in broad low-cost re-engagement blasts.
CUST001418,285.0,1,66.87,2025-11-19,2025-11-19,2026-08-31,2,1,2,5,About To Sleep,Re-engagement email with personalised recommendations before they go cold.
CUST001419,492.0,1,47.76,2025-04-26,2025-04-26,2026-08-31,1,1,2,4,Lost,Deprioritise spend; include only in broad low-cost re-engagement blasts.
CUST001420,37.0,8,6988.81,2025-06-26,2026-07-25,2026-08-31,5,4,5,14,Champions,Reward with early access / loyalty perks; ask for referrals & reviews.
CUST001421,469.0,1,30.79,2025-05-19,2025-05-19,2026-08-31,1,1,1,3,Lost,Deprioritise spend; include only in broad low-cost re-engagement blasts.
CUST001422,136.0,4,249.19,2025-10-30,2026-04-17,2026-08-31,3,3,4,10,Need Attention,Limited-time win-back offer; recommend based on past purchases.
CUST001423,187.0,5,195.53,2025-09-06,2026-02-25,2026-08-31,3,4,3,10,Loyal Customers,Upsell higher-value products; enrol in loyalty programme.
CUST001424,152.0,4,218.0,2025-09-09,2026-04-01,2026-08-31,3,3,3,9,Need Attention,Limited-time win-back offer; recommend based on past purchases.
CUST001425,233.0,6,213.83,2025-06-01,2026-01-10,2026-08-31,2,4,3,9,At Risk,Reach out personally; time-boxed discount to prevent churn.
CUST001426,31.0,2,75.12,2026-06-25,2026-07-31,2026-08-31,5,2,2,9,Potential Loyalists,Offer membership / subscription; personalised follow-up after purchase.
CUST001427,84.0,8,523.37,2025-01-26,2026-06-08,2026-08-31,4,4,4,12,Champions,Reward with early access / loyalty perks; ask for referrals & reviews.
CUST001428,83.0,8,702.16,2025-02-11,2026-06-09,2026-08-31,4,4,4,12,Champions,Reward with early access / loyalty perks; ask for referrals & reviews.
CUST001429,376.0,1,38.21,2025-08-20,2025-08-20,2026-08-31,2,1,1,4,About To Sleep,Re-engagement email with personalised recommendations before they go cold.
CUST001430,36.0,4,271.95,2026-01-07,2026-07-26,2026-08-31,5,3,4,12,Potential Loyalists,Offer membership / subscription; personalised follow-up after purchase.
CUST001431,344.0,4,152.69,2025-03-27,2025-09-21,2026-08-31,2,3,3,8,At Risk,Reach out personally; time-boxed discount to prevent churn.
CUST001432,559.0,1,123.72,2025-02-18,2025-02-18,2026-08-31,1,1,3,5,Lost,Deprioritise spend; include only in broad low-cost re-engagement blasts.
CUST001433,17.0,13,1608.1799999999998,2024-09-14,2026-08-14,2026-08-31,5,5,5,15,Champions,Reward with early access / loyalty perks; ask for referrals & reviews.
CUST001434,152.0,11,766.23,2024-10-26,2026-04-01,2026-08-31,3,5,5,13,Loyal Customers,Upsell higher-value products; enrol in loyalty programme.
CUST001435,171.0,2,134.88,2025-12-25,2026-03-13,2026-08-31,3,2,3,8,Promising,Nurture with targeted content; small incentive to drive a second order.
CUST001436,30.0,13,8757.4,2024-11-19,2026-08-01,2026-08-31,5,5,5,15,Champions,Reward with early access / loyalty perks; ask for referrals & reviews.
CUST001437,84.0,5,487.67,2025-09-24,2026-06-08,2026-08-31,4,4,4,12,Champions,Reward with early access / loyalty perks; ask for referrals & reviews.
CUST001438,165.0,1,70.65,2026-03-19,2026-03-19,2026-08-31,3,1,2,6,Promising,Nurture with targeted content; small incentive to drive a second order.
CUST001439,481.0,1,21.88,2025-05-07,2025-05-07,2026-08-31,1,1,1,3,Lost,Deprioritise spend; include only in broad low-cost re-engagement blasts.
CUST001440,19.0,8,6417.35,2025-10-22,2026-08-12,2026-08-31,5,4,5,14,Champions,Reward with early access / loyalty perks; ask for referrals & reviews.
CUST001441,140.0,5,405.78,2025-11-05,2026-04-13,2026-08-31,3,4,4,11,Loyal Customers,Upsell higher-value products; enrol in loyalty programme.
CUST001442,16.0,11,1453.26,2024-11-22,2026-08-15,2026-08-31,5,5,5,15,Champions,Reward with early access / loyalty perks; ask for referrals & reviews.
CUST001443,48.0,9,536.03,2025-06-16,2026-07-14,2026-08-31,4,5,4,13,Champions,Reward with early access / loyalty perks; ask for referrals & reviews.
CUST001444,3.0,14,1042.58,2024-10-06,2026-08-28,2026-08-31,5,5,5,15,Champions,Reward with early access / loyalty perks; ask for referrals & reviews.
CUST001445,84.0,11,665.38,2024-11-18,2026-06-08,2026-08-31,4,5,4,13,Champions,Reward with early access / loyalty perks; ask for referrals & reviews.
CUST001446,493.0,1,53.85,2025-04-25,2025-04-25,2026-08-31,1,1,2,4,Lost,Deprioritise spend; include only in broad low-cost re-engagement blasts.
CUST001447,342.0,2,188.5,2025-08-21,2025-09-23,2026-08-31,2,2,3,7,About To Sleep,Re-engagement email with personalised recommendations before they go cold.
CUST001448,349.0,1,310.76,2025-09-16,2025-09-16,2026-08-31,2,1,4,7,About To Sleep,Re-engagement email with personalised recommendations before they go cold.
CUST001449,413.0,1,30.27,2025-07-14,2025-07-14,2026-08-31,2,1,1,4,About To Sleep,Re-engagement email with personalised recommendations before they go cold.
CUST001450,146.0,2,63.77,2026-01-31,2026-04-07,2026-08-31,3,2,2,7,Promising,Nurture with targeted content; small incentive to drive a second order.
CUST001451,489.0,4,171.19,2024-10-16,2025-04-29,2026-08-31,1,3,3,7,At Risk,Reach out personally; time-boxed discount to prevent churn.
CUST001452,280.0,1,130.4,2025-11-24,2025-11-24,2026-08-31,2,1,3,6,About To Sleep,Re-engagement email with personalised recommendations before they go cold.
CUST001453,611.0,2,26.45,2024-10-13,2024-12-28,2026-08-31,1,2,1,4,Hibernating,Low-cost reactivation campaign; survey to learn why they stopped buying.
CUST001454,613.0,3,272.17,2024-10-19,2024-12-26,2026-08-31,1,3,4,8,At Risk,Reach out personally; time-boxed discount to prevent churn.
CUST001455,233.0,4,304.12,2025-10-12,2026-01-10,2026-08-31,2,3,4,9,At Risk,Reach out personally; time-boxed discount to prevent churn.
CUST001456,85.0,8,562.25,2025-04-23,2026-06-07,2026-08-31,4,4,4,12,Champions,Reward with early access / loyalty perks; ask for referrals & reviews.
CUST001457,257.0,2,68.78,2025-12-02,2025-12-17,2026-08-31,2,2,2,6,About To Sleep,Re-engagement email with personalised recommendations before they go cold.
CUST001458,101.0,5,224.58999999999997,2025-09-29,2026-05-22,2026-08-31,4,4,3,11,Loyal Customers,Upsell higher-value products; enrol in loyalty programme.
CUST001459,340.0,4,254.26,2025-04-16,2025-09-25,2026-08-31,2,3,4,9,At Risk,Reach out personally; time-boxed discount to prevent churn.
CUST001460,189.0,6,322.17,2025-07-14,2026-02-23,2026-08-31,3,4,4,11,Loyal Customers,Upsell higher-value products; enrol in loyalty programme.
CUST001461,454.0,2,53.86,2025-03-15,2025-06-03,2026-08-31,2,2,2,6,About To Sleep,Re-engagement email with personalised recommendations before they go cold.
CUST001462,516.0,1,47.48,2025-04-02,2025-04-02,2026-08-31,1,1,2,4,Lost,Deprioritise spend; include only in broad low-cost re-engagement blasts.
CUST001463,53.0,15,1363.82,2024-10-01,2026-07-09,2026-08-31,4,5,5,14,Champions,Reward with early access / loyalty perks; ask for referrals & reviews.
CUST001464,134.0,5,238.05,2025-05-25,2026-04-19,2026-08-31,3,4,4,11,Loyal Customers,Upsell higher-value products; enrol in loyalty programme.
CUST001465,162.0,1,65.57,2026-03-22,2026-03-22,2026-08-31,3,1,2,6,Promising,Nurture with targeted content; small incentive to drive a second order.
CUST001466,419.0,1,53.84,2025-07-08,2025-07-08,2026-08-31,2,1,2,5,About To Sleep,Re-engagement email with personalised recommendations before they go cold.
CUST001467,155.0,2,127.63,2026-03-18,2026-03-29,2026-08-31,3,2,3,8,Promising,Nurture with targeted content; small incentive to drive a second order.
CUST001468,65.0,6,207.89000000000001,2025-11-25,2026-06-27,2026-08-31,4,4,3,11,Loyal Customers,Upsell higher-value products; enrol in loyalty programme.
CUST001469,95.0,1,82.74,2026-05-28,2026-05-28,2026-08-31,4,1,2,7,New Customers,Onboard well; send a strong second-purchase incentive within 30 days.
CUST001470,71.0,11,917.24,2024-09-09,2026-06-21,2026-08-31,4,5,5,14,Champions,Reward with early access / loyalty perks; ask for referrals & reviews.
CUST001471,446.0,2,109.69,2025-05-01,2025-06-11,2026-08-31,2,2,2,6,About To Sleep,Re-engagement email with personalised recommendations before they go cold.
CUST001472,57.0,10,900.09,2024-09-12,2026-07-05,2026-08-31,4,5,5,14,Champions,Reward with early access / loyalty perks; ask for referrals & reviews.
CUST001473,48.0,12,845.59,2024-09-03,2026-07-14,2026-08-31,4,5,5,14,Champions,Reward with early access / loyalty perks; ask for referrals & reviews.
CUST001474,233.0,4,137.55,2025-07-13,2026-01-10,2026-08-31,2,3,3,8,At Risk,Reach out personally; time-boxed discount to prevent churn.
CUST001475,678.0,1,93.56,2024-10-22,2024-10-22,2026-08-31,1,1,2,4,Lost,Deprioritise spend; include only in broad low-cost re-engagement blasts.
CUST001476,154.0,1,73.89,2026-03-30,2026-03-30,2026-08-31,3,1,2,6,Promising,Nurture with targeted content; small incentive to drive a second order.
CUST001477,131.0,4,186.35000000000002,2025-11-28,2026-04-22,2026-08-31,3,3,3,9,Need Attention,Limited-time win-back offer; recommend based on past purchases.
CUST001478,19.0,9,6227.66,2025-02-01,2026-08-12,2026-08-31,5,5,5,15,Champions,Reward with early access / loyalty perks; ask for referrals & reviews.
CUST001479,183.0,3,155.74,2025-07-22,2026-03-01,2026-08-31,3,3,3,9,Need Attention,Limited-time win-back offer; recommend based on past purchases.
CUST001480,176.0,2,87.37,2026-02-10,2026-03-08,2026-08-31,3,2,2,7,Promising,Nurture with targeted content; small incentive to drive a second order.
CUST001481,38.0,3,159.81,2026-03-27,2026-07-24,2026-08-31,5,3,3,11,Potential Loyalists,Offer membership / subscription; personalised follow-up after purchase.
CUST001482,72.0,9,740.02,2024-10-29,2026-06-20,2026-08-31,4,5,4,13,Champions,Reward with early access / loyalty perks; ask for referrals & reviews.
CUST001483,55.0,1,25.41,2026-07-07,2026-07-07,2026-08-31,4,1,1,6,New Customers,Onboard well; send a strong second-purchase incentive within 30 days.
CUST001484,134.0,1,55.1,2026-04-19,2026-04-19,2026-08-31,3,1,2,6,Promising,Nurture with targeted content; small incentive to drive a second order.
CUST001485,303.0,1,14.68,2025-11-01,2025-11-01,2026-08-31,2,1,1,4,About To Sleep,Re-engagement email with personalised recommendations before they go cold.
CUST001486,7.0,11,2462.97,2024-10-08,2026-08-24,2026-08-31,5,5,5,15,Champions,Reward with early access / loyalty perks; ask for referrals & reviews.
CUST001487,36.0,13,8444.15,2024-08-31,2026-07-26,2026-08-31,5,5,5,15,Champions,Reward with early access / loyalty perks; ask for referrals & reviews.
CUST001488,88.0,4,318.54,2025-11-07,2026-06-04,2026-08-31,4,3,4,11,Potential Loyalists,Offer membership / subscription; personalised follow-up after purchase.
CUST001489,319.0,4,133.38,2025-06-29,2025-10-16,2026-08-31,2,3,3,8,At Risk,Reach out personally; time-boxed discount to prevent churn.
CUST001490,238.0,5,293.19,2025-01-04,2026-01-05,2026-08-31,2,4,4,10,At Risk,Reach out personally; time-boxed discount to prevent churn.
CUST001491,13.0,10,721.67,2025-05-03,2026-08-18,2026-08-31,5,5,4,14,Champions,Reward with early access / loyalty perks; ask for referrals & reviews.
CUST001492,324.0,1,52.33,2025-10-11,2025-10-11,2026-08-31,2,1,2,5,About To Sleep,Re-engagement email with personalised recommendations before they go cold.
CUST001493,35.0,1,12.03,2026-07-27,2026-07-27,2026-08-31,5,1,1,7,New Customers,Onboard well; send a strong second-purchase incentive within 30 days.
CUST001494,510.0,2,121.19,2025-01-02,2025-04-08,2026-08-31,1,2,3,6,Need Attention,Limited-time win-back offer; recommend based on past purchases.
CUST001495,76.0,5,274.22,2025-10-01,2026-06-16,2026-08-31,4,4,4,12,Champions,Reward with early access / loyalty perks; ask for referrals & reviews.
CUST001496,259.0,1,45.62,2025-12-15,2025-12-15,2026-08-31,2,1,1,4,About To Sleep,Re-engagement email with personalised recommendations before they go cold.
CUST001497,540.0,3,275.84000000000003,2024-10-28,2025-03-09,2026-08-31,1,3,4,8,At Risk,Reach out personally; time-boxed discount to prevent churn.
CUST001498,339.0,1,38.0,2025-09-26,2025-09-26,2026-08-31,2,1,1,4,About To Sleep,Re-engagement email with personalised recommendations before they go cold.
CUST001499,178.0,5,266.65,2025-07-16,2026-03-06,2026-08-31,3,4,4,11,Loyal Customers,Upsell higher-value products; enrol in loyalty programme.
CUST001500,514.0,1,202.54,2025-04-04,2025-04-04,2026-08-31,1,1,3,5,Lost,Deprioritise spend; include only in broad low-cost re-engagement blasts.
CUST001501,493.0,1,24.54,2025-04-25,2025-04-25,2026-08-31,1,1,1,3,Lost,Deprioritise spend; include only in broad low-cost re-engagement blasts.
CUST001502,13.0,12,8364.93,2024-10-15,2026-08-18,2026-08-31,5,5,5,15,Champions,Reward with early access / loyalty perks; ask for referrals & reviews.
CUST001503,129.0,2,86.3,2026-04-15,2026-04-24,2026-08-31,3,2,2,7,Promising,Nurture with targeted content; small incentive to drive a second order.
CUST001504,186.0,2,161.82,2026-01-04,2026-02-26,2026-08-31,3,2,3,8,Promising,Nurture with targeted content; small incentive to drive a second order.
CUST001505,323.0,3,140.38,2025-08-05,2025-10-12,2026-08-31,2,3,3,8,At Risk,Reach out personally; time-boxed discount to prevent churn.
CUST001506,147.0,1,18.55,2026-04-06,2026-04-06,2026-08-31,3,1,1,5,Promising,Nurture with targeted content; small incentive to drive a second order.
CUST001507,70.0,1,107.21,2026-06-22,2026-06-22,2026-08-31,4,1,2,7,New Customers,Onboard well; send a strong second-purchase incentive within 30 days.
CUST001508,103.0,5,294.85,2025-11-08,2026-05-20,2026-08-31,4,4,4,12,Champions,Reward with early access / loyalty perks; ask for referrals & reviews.
CUST001509,149.0,4,241.16,2025-10-25,2026-04-04,2026-08-31,3,3,4,10,Need Attention,Limited-time win-back offer; recommend based on past purchases.
CUST001510,622.0,1,22.88,2024-12-17,2024-12-17,2026-08-31,1,1,1,3,Lost,Deprioritise spend; include only in broad low-cost re-engagement blasts.
CUST001511,68.0,11,1044.0,2024-09-28,2026-06-24,2026-08-31,4,5,5,14,Champions,Reward with early access / loyalty perks; ask for referrals & reviews.
CUST001512,54.0,11,1356.31,2024-10-31,2026-07-08,2026-08-31,4,5,5,14,Champions,Reward with early access / loyalty perks; ask for referrals & reviews.
CUST001513,545.0,1,54.36,2025-03-04,2025-03-04,2026-08-31,1,1,2,4,Lost,Deprioritise spend; include only in broad low-cost re-engagement blasts.
CUST001514,383.0,1,60.93,2025-08-13,2025-08-13,2026-08-31,2,1,2,5,About To Sleep,Re-engagement email with personalised recommendations before they go cold.
CUST001515,544.0,3,99.81,2024-11-10,2025-03-05,2026-08-31,1,3,2,6,Hibernating,Low-cost reactivation campaign; survey to learn why they stopped buying.
CUST001516,173.0,6,295.02,2025-10-27,2026-03-11,2026-08-31,3,4,4,11,Loyal Customers,Upsell higher-value products; enrol in loyalty programme.
CUST001517,85.0,11,1010.05,2024-09-28,2026-06-07,2026-08-31,4,5,5,14,Champions,Reward with early access / loyalty perks; ask for referrals & reviews.
CUST001518,17.0,8,6960.46,2025-04-01,2026-08-14,2026-08-31,5,4,5,14,Champions,Reward with early access / loyalty perks; ask for referrals & reviews.
CUST001519,24.0,11,927.61,2024-11-19,2026-08-07,2026-08-31,5,5,5,15,Champions,Reward with early access / loyalty perks; ask for referrals & reviews.
CUST001520,18.0,9,852.82,2025-04-17,2026-08-13,2026-08-31,5,5,5,15,Champions,Reward with early access / loyalty perks; ask for referrals & reviews.
CUST001521,69.0,6,254.94,2025-12-13,2026-06-23,2026-08-31,4,4,4,12,Champions,Reward with early access / loyalty perks; ask for referrals & reviews.
CUST001522,292.0,1,68.72,2025-11-12,2025-11-12,2026-08-31,2,1,2,5,About To Sleep,Re-engagement email with personalised recommendations before they go cold.
CUST001523,520.0,3,217.33,2025-01-08,2025-03-29,2026-08-31,1,3,3,7,At Risk,Reach out personally; time-boxed discount to prevent churn.
CUST001524,526.0,3,162.92000000000002,2024-11-02,2025-03-23,2026-08-31,1,3,3,7,At Risk,Reach out personally; time-boxed discount to prevent churn.
CUST001525,214.0,1,15.7,2026-01-29,2026-01-29,2026-08-31,3,1,1,5,Promising,Nurture with targeted content; small incentive to drive a second order.
CUST001526,55.0,11,941.82,2024-10-22,2026-07-07,2026-08-31,4,5,5,14,Champions,Reward with early access / loyalty perks; ask for referrals & reviews.
CUST001527,123.0,2,192.35,2026-04-20,2026-04-30,2026-08-31,3,2,3,8,Promising,Nurture with targeted content; small incentive to drive a second order.
CUST001528,81.0,6,234.94,2025-06-27,2026-06-11,2026-08-31,4,4,4,12,Champions,Reward with early access / loyalty perks; ask for referrals & reviews.
CUST001529,55.0,12,877.29,2024-10-31,2026-07-07,2026-08-31,4,5,5,14,Champions,Reward with early access / loyalty perks; ask for referrals & reviews.
CUST001530,141.0,4,200.98,2025-07-12,2026-04-12,2026-08-31,3,3,3,9,Need Attention,Limited-time win-back offer; recommend based on past purchases.
CUST001531,240.0,2,57.42,2025-12-16,2026-01-03,2026-08-31,2,2,2,6,About To Sleep,Re-engagement email with personalised recommendations before they go cold.
CUST001532,74.0,10,857.17,2024-12-10,2026-06-18,2026-08-31,4,5,5,14,Champions,Reward with early access / loyalty perks; ask for referrals & reviews.
CUST001533,507.0,1,42.84,2025-04-11,2025-04-11,2026-08-31,1,1,1,3,Lost,Deprioritise spend; include only in broad low-cost re-engagement blasts.
CUST001534,588.0,1,41.1,2025-01-20,2025-01-20,2026-08-31,1,1,1,3,Lost,Deprioritise spend; include only in broad low-cost re-engagement blasts.
CUST001535,90.0,11,1004.75,2024-09-27,2026-06-02,2026-08-31,4,5,5,14,Champions,Reward with early access / loyalty perks; ask for referrals & reviews.
CUST001536,173.0,6,245.58,2025-06-06,2026-03-11,2026-08-31,3,4,4,11,Loyal Customers,Upsell higher-value products; enrol in loyalty programme.
CUST001537,383.0,1,85.74,2025-08-13,2025-08-13,2026-08-31,2,1,2,5,About To Sleep,Re-engagement email with personalised recommendations before they go cold.
CUST001538,131.0,1,26.63,2026-04-22,2026-04-22,2026-08-31,3,1,1,5,Promising,Nurture with targeted content; small incentive to drive a second order.
CUST001539,495.0,1,81.68,2025-04-23,2025-04-23,2026-08-31,1,1,2,4,Lost,Deprioritise spend; include only in broad low-cost re-engagement blasts.
CUST001540,192.0,4,219.82,2025-08-23,2026-02-20,2026-08-31,3,3,3,9,Need Attention,Limited-time win-back offer; recommend based on past purchases.
CUST001541,524.0,4,254.01000000000002,2024-11-04,2025-03-25,2026-08-31,1,3,4,8,At Risk,Reach out personally; time-boxed discount to prevent churn.
CUST001542,63.0,5,283.45,2025-09-23,2026-06-29,2026-08-31,4,4,4,12,Champions,Reward with early access / loyalty perks; ask for referrals & reviews.
CUST001543,137.0,5,172.95999999999998,2025-09-03,2026-04-16,2026-08-31,3,4,3,10,Loyal Customers,Upsell higher-value products; enrol in loyalty programme.
CUST001544,52.0,11,735.91,2024-09-28,2026-07-10,2026-08-31,4,5,4,13,Champions,Reward with early access / loyalty perks; ask for referrals & reviews.
CUST001545,157.0,3,221.52,2026-02-28,2026-03-27,2026-08-31,3,3,3,9,Need Attention,Limited-time win-back offer; recommend based on past purchases.
CUST001546,61.0,4,202.32,2026-02-09,2026-07-01,2026-08-31,4,3,3,10,Potential Loyalists,Offer membership / subscription; personalised follow-up after purchase.
CUST001547,45.0,6,318.62,2025-11-12,2026-07-17,2026-08-31,5,4,4,13,Champions,Reward with early access / loyalty perks; ask for referrals & reviews.
CUST001548,458.0,2,82.41,2025-03-16,2025-05-30,2026-08-31,2,2,2,6,About To Sleep,Re-engagement email with personalised recommendations before they go cold.
CUST001549,104.0,3,219.95999999999998,2026-02-02,2026-05-19,2026-08-31,4,3,3,10,Potential Loyalists,Offer membership / subscription; personalised follow-up after purchase.
CUST001550,83.0,3,160.37,2025-12-21,2026-06-09,2026-08-31,4,3,3,10,Potential Loyalists,Offer membership / subscription; personalised follow-up after purchase.
CUST001551,57.0,9,562.63,2024-09-23,2026-07-05,2026-08-31,4,5,4,13,Champions,Reward with early access / loyalty perks; ask for referrals & reviews.
CUST001552,156.0,2,175.5,2026-02-20,2026-03-28,2026-08-31,3,2,3,8,Promising,Nurture with targeted content; small incentive to drive a second order.
CUST001553,159.0,3,141.11,2025-10-28,2026-03-25,2026-08-31,3,3,3,9,Need Attention,Limited-time win-back offer; recommend based on past purchases.
CUST001554,241.0,4,300.5,2025-07-30,2026-01-02,2026-08-31,2,3,4,9,At Risk,Reach out personally; time-boxed discount to prevent churn.
CUST001555,192.0,1,150.92,2026-02-20,2026-02-20,2026-08-31,3,1,3,7,Promising,Nurture with targeted content; small incentive to drive a second order.
CUST001556,682.0,1,35.39,2024-10-18,2024-10-18,2026-08-31,1,1,1,3,Lost,Deprioritise spend; include only in broad low-cost re-engagement blasts.
CUST001557,321.0,4,192.65,2025-04-25,2025-10-14,2026-08-31,2,3,3,8,At Risk,Reach out personally; time-boxed discount to prevent churn.
CUST001558,82.0,3,107.56,2025-12-27,2026-06-10,2026-08-31,4,3,2,9,Potential Loyalists,Offer membership / subscription; personalised follow-up after purchase.
CUST001559,305.0,1,26.4,2025-10-30,2025-10-30,2026-08-31,2,1,1,4,About To Sleep,Re-engagement email with personalised recommendations before they go cold.
CUST001560,403.0,4,384.93,2024-11-23,2025-07-24,2026-08-31,2,3,4,9,At Risk,Reach out personally; time-boxed discount to prevent churn.
CUST001561,26.0,7,3903.78,2025-09-02,2026-08-05,2026-08-31,5,4,5,14,Champions,Reward with early access / loyalty perks; ask for referrals & reviews.
CUST001562,533.0,1,104.53,2025-03-16,2025-03-16,2026-08-31,1,1,2,4,Lost,Deprioritise spend; include only in broad low-cost re-engagement blasts.
CUST001563,624.0,2,114.07,2024-09-01,2024-12-15,2026-08-31,1,2,3,6,Need Attention,Limited-time win-back offer; recommend based on past purchases.
CUST001564,482.0,3,216.13,2024-12-09,2025-05-06,2026-08-31,1,3,3,7,At Risk,Reach out personally; time-boxed discount to prevent churn.
CUST001565,350.0,1,8.29,2025-09-15,2025-09-15,2026-08-31,2,1,1,4,About To Sleep,Re-engagement email with personalised recommendations before they go cold.
CUST001566,207.0,5,321.5,2025-05-21,2026-02-05,2026-08-31,3,4,4,11,Loyal Customers,Upsell higher-value products; enrol in loyalty programme.
CUST001567,3.0,12,880.52,2024-11-07,2026-08-28,2026-08-31,5,5,5,15,Champions,Reward with early access / loyalty perks; ask for referrals & reviews.
CUST001568,16.0,12,1451.69,2024-09-19,2026-08-15,2026-08-31,5,5,5,15,Champions,Reward with early access / loyalty perks; ask for referrals & reviews.
CUST001569,177.0,2,105.34,2026-02-08,2026-03-07,2026-08-31,3,2,2,7,Promising,Nurture with targeted content; small incentive to drive a second order.
CUST001570,104.0,3,141.37,2026-02-16,2026-05-19,2026-08-31,4,3,3,10,Potential Loyalists,Offer membership / subscription; personalised follow-up after purchase.
CUST001571,115.0,6,426.0,2025-08-11,2026-05-08,2026-08-31,3,4,4,11,Loyal Customers,Upsell higher-value products; enrol in loyalty programme.
CUST001572,678.0,1,17.89,2024-10-22,2024-10-22,2026-08-31,1,1,1,3,Lost,Deprioritise spend; include only in broad low-cost re-engagement blasts.
CUST001573,432.0,1,43.15,2025-06-25,2025-06-25,2026-08-31,2,1,1,4,About To Sleep,Re-engagement email with personalised recommendations before they go cold.
CUST001574,632.0,2,93.25,2024-09-03,2024-12-07,2026-08-31,1,2,2,5,Hibernating,Low-cost reactivation campaign; survey to learn why they stopped buying.
CUST001575,18.0,10,1008.28,2025-02-05,2026-08-13,2026-08-31,5,5,5,15,Champions,Reward with early access / loyalty perks; ask for referrals & reviews.
CUST001576,180.0,2,117.16,2026-02-06,2026-03-04,2026-08-31,3,2,3,8,Promising,Nurture with targeted content; small incentive to drive a second order.
CUST001577,484.0,1,31.25,2025-05-04,2025-05-04,2026-08-31,1,1,1,3,Lost,Deprioritise spend; include only in broad low-cost re-engagement blasts.
CUST001578,570.0,3,279.18,2024-10-13,2025-02-07,2026-08-31,1,3,4,8,At Risk,Reach out personally; time-boxed discount to prevent churn.
CUST001579,45.0,5,4256.7,2025-10-10,2026-07-17,2026-08-31,5,4,5,14,Champions,Reward with early access / loyalty perks; ask for referrals & reviews.
CUST001580,469.0,2,67.50999999999999,2025-04-14,2025-05-19,2026-08-31,1,2,2,5,Hibernating,Low-cost reactivation campaign; survey to learn why they stopped buying.
CUST001581,539.0,1,28.78,2025-03-10,2025-03-10,2026-08-31,1,1,1,3,Lost,Deprioritise spend; include only in broad low-cost re-engagement blasts.
CUST001582,162.0,2,95.3,2025-12-01,2026-03-22,2026-08-31,3,2,2,7,Promising,Nurture with targeted content; small incentive to drive a second order.
CUST001583,137.0,2,68.21000000000001,2026-01-15,2026-04-16,2026-08-31,3,2,2,7,Promising,Nurture with targeted content; small incentive to drive a second order.
CUST001584,119.0,6,282.48,2025-06-29,2026-05-04,2026-08-31,3,4,4,11,Loyal Customers,Upsell higher-value products; enrol in loyalty programme.
CUST001585,454.0,1,52.06,2025-06-03,2025-06-03,2026-08-31,2,1,2,5,About To Sleep,Re-engagement email with personalised recommendations before they go cold.
CUST001586,304.0,2,44.14,2025-10-13,2025-10-31,2026-08-31,2,2,1,5,About To Sleep,Re-engagement email with personalised recommendations before they go cold.
CUST001587,232.0,3,195.26999999999998,2025-12-07,2026-01-11,2026-08-31,2,3,3,8,At Risk,Reach out personally; time-boxed discount to prevent churn.
CUST001588,619.0,1,79.99,2024-12-20,2024-12-20,2026-08-31,1,1,2,4,Lost,Deprioritise spend; include only in broad low-cost re-engagement blasts.
CUST001589,118.0,2,82.44999999999999,2026-02-20,2026-05-05,2026-08-31,3,2,2,7,Promising,Nurture with targeted content; small incentive to drive a second order.
CUST001590,23.0,12,1575.05,2024-11-23,2026-08-08,2026-08-31,5,5,5,15,Champions,Reward with early access / loyalty perks; ask for referrals & reviews.
CUST001591,10.0,10,1064.75,2024-11-15,2026-08-21,2026-08-31,5,5,5,15,Champions,Reward with early access / loyalty perks; ask for referrals & reviews.
CUST001592,32.0,9,1092.73,2024-09-30,2026-07-30,2026-08-31,5,5,5,15,Champions,Reward with early access / loyalty perks; ask for referrals & reviews.
CUST001593,642.0,2,58.349999999999994,2024-10-30,2024-11-27,2026-08-31,1,2,2,5,Hibernating,Low-cost reactivation campaign; survey to learn why they stopped buying.
CUST001594,46.0,2,122.33000000000001,2026-04-08,2026-07-16,2026-08-31,4,2,3,9,Potential Loyalists,Offer membership / subscription; personalised follow-up after purchase.
CUST001595,627.0,2,140.22,2024-10-17,2024-12-12,2026-08-31,1,2,3,6,Need Attention,Limited-time win-back offer; recommend based on past purchases.
CUST001596,397.0,1,52.19,2025-07-30,2025-07-30,2026-08-31,2,1,2,5,About To Sleep,Re-engagement email with personalised recommendations before they go cold.
CUST001597,52.0,9,899.02,2024-10-08,2026-07-10,2026-08-31,4,5,5,14,Champions,Reward with early access / loyalty perks; ask for referrals & reviews.
CUST001598,68.0,7,481.77,2025-04-19,2026-06-24,2026-08-31,4,4,4,12,Champions,Reward with early access / loyalty perks; ask for referrals & reviews.
CUST001599,656.0,1,35.61,2024-11-13,2024-11-13,2026-08-31,1,1,1,3,Lost,Deprioritise spend; include only in broad low-cost re-engagement blasts.
CUST001600,98.0,4,241.55,2025-10-10,2026-05-25,2026-08-31,4,3,4,11,Potential Loyalists,Offer membership / subscription; personalised follow-up after purchase.
CUST001601,604.0,2,204.28,2024-12-02,2025-01-04,2026-08-31,1,2,3,6,Need Attention,Limited-time win-back offer; recommend based on past purchases.
CUST001602,81.0,10,730.03,2024-11-08,2026-06-11,2026-08-31,4,5,4,13,Champions,Reward with early access / loyalty perks; ask for referrals & reviews.
CUST001603,404.0,1,72.6,2025-07-23,2025-07-23,2026-08-31,2,1,2,5,About To Sleep,Re-engagement email with personalised recommendations before they go cold.
CUST001604,697.0,1,5.82,2024-10-03,2024-10-03,2026-08-31,1,1,1,3,Lost,Deprioritise spend; include only in broad low-cost re-engagement blasts.
CUST001605,46.0,6,176.37,2025-10-28,2026-07-16,2026-08-31,4,4,3,11,Loyal Customers,Upsell higher-value products; enrol in loyalty programme.
CUST001606,110.0,3,155.25,2026-03-09,2026-05-13,2026-08-31,3,3,3,9,Need Attention,Limited-time win-back offer; recommend based on past purchases.
CUST001607,13.0,5,2087.69,2025-12-16,2026-08-18,2026-08-31,5,4,5,14,Champions,Reward with early access / loyalty perks; ask for referrals & reviews.
CUST001608,139.0,2,116.13999999999999,2026-03-19,2026-04-14,2026-08-31,3,2,3,8,Promising,Nurture with targeted content; small incentive to drive a second order.
CUST001609,170.0,3,193.43,2025-10-24,2026-03-14,2026-08-31,3,3,3,9,Need Attention,Limited-time win-back offer; recommend based on past purchases.
CUST001610,218.0,2,51.74,2025-10-11,2026-01-25,2026-08-31,3,2,2,7,Promising,Nurture with targeted content; small incentive to drive a second order.
CUST001611,225.0,5,492.96999999999997,2025-06-10,2026-01-18,2026-08-31,2,4,4,10,At Risk,Reach out personally; time-boxed discount to prevent churn.
CUST001612,340.0,3,153.01,2025-07-14,2025-09-25,2026-08-31,2,3,3,8,At Risk,Reach out personally; time-boxed discount to prevent churn.
CUST001613,357.0,1,18.19,2025-09-08,2025-09-08,2026-08-31,2,1,1,4,About To Sleep,Re-engagement email with personalised recommendations before they go cold.
CUST001614,41.0,4,230.24,2026-01-08,2026-07-21,2026-08-31,5,3,4,12,Potential Loyalists,Offer membership / subscription; personalised follow-up after purchase.
CUST001615,625.0,2,68.53999999999999,2024-10-16,2024-12-14,2026-08-31,1,2,2,5,Hibernating,Low-cost reactivation campaign; survey to learn why they stopped buying.
CUST001616,123.0,6,299.73,2025-08-16,2026-04-30,2026-08-31,3,4,4,11,Loyal Customers,Upsell higher-value products; enrol in loyalty programme.
CUST001617,13.0,11,1409.4,2024-09-27,2026-08-18,2026-08-31,5,5,5,15,Champions,Reward with early access / loyalty perks; ask for referrals & reviews.
CUST001618,659.0,1,194.33,2024-11-10,2024-11-10,2026-08-31,1,1,3,5,Lost,Deprioritise spend; include only in broad low-cost re-engagement blasts.
CUST001619,20.0,10,10756.57,2024-11-17,2026-08-11,2026-08-31,5,5,5,15,Champions,Reward with early access / loyalty perks; ask for referrals & reviews.
CUST001620,2.0,13,1963.33,2024-09-07,2026-08-29,2026-08-31,5,5,5,15,Champions,Reward with early access / loyalty perks; ask for referrals & reviews.
CUST001621,54.0,6,247.5,2025-07-17,2026-07-08,2026-08-31,4,4,4,12,Champions,Reward with early access / loyalty perks; ask for referrals & reviews.
CUST001622,60.0,1,29.49,2026-07-02,2026-07-02,2026-08-31,4,1,1,6,New Customers,Onboard well; send a strong second-purchase incentive within 30 days.
CUST001623,582.0,3,137.71,2024-12-16,2025-01-26,2026-08-31,1,3,3,7,At Risk,Reach out personally; time-boxed discount to prevent churn.
CUST001624,55.0,9,617.27,2025-05-17,2026-07-07,2026-08-31,4,5,4,13,Champions,Reward with early access / loyalty perks; ask for referrals & reviews.
CUST001625,90.0,2,82.37,2026-04-17,2026-06-02,2026-08-31,4,2,2,8,Potential Loyalists,Offer membership / subscription; personalised follow-up after purchase.
CUST001626,433.0,1,33.18,2025-06-24,2025-06-24,2026-08-31,2,1,1,4,About To Sleep,Re-engagement email with personalised recommendations before they go cold.
CUST001627,82.0,6,324.01,2025-07-02,2026-06-10,2026-08-31,4,4,4,12,Champions,Reward with early access / loyalty perks; ask for referrals & reviews.
CUST001628,89.0,10,1127.52,2025-01-03,2026-06-03,2026-08-31,4,5,5,14,Champions,Reward with early access / loyalty perks; ask for referrals & reviews.
CUST001629,1.0,14,1322.3,2024-09-09,2026-08-30,2026-08-31,5,5,5,15,Champions,Reward with early access / loyalty perks; ask for referrals & reviews.
CUST001630,193.0,6,404.25,2024-12-13,2026-02-19,2026-08-31,3,4,4,11,Loyal Customers,Upsell higher-value products; enrol in loyalty programme.
CUST001631,111.0,2,160.54999999999998,2026-04-11,2026-05-12,2026-08-31,3,2,3,8,Promising,Nurture with targeted content; small incentive to drive a second order.
CUST001632,455.0,3,100.35,2025-03-20,2025-06-02,2026-08-31,2,3,2,7,Hibernating,Low-cost reactivation campaign; survey to learn why they stopped buying.
CUST001633,325.0,1,20.48,2025-10-10,2025-10-10,2026-08-31,2,1,1,4,About To Sleep,Re-engagement email with personalised recommendations before they go cold.
CUST001634,326.0,1,16.37,2025-10-09,2025-10-09,2026-08-31,2,1,1,4,About To Sleep,Re-engagement email with personalised recommendations before they go cold.
CUST001635,5.0,12,7793.32,2024-09-26,2026-08-26,2026-08-31,5,5,5,15,Champions,Reward with early access / loyalty perks; ask for referrals & reviews.
CUST001636,48.0,3,139.06,2025-12-29,2026-07-14,2026-08-31,4,3,3,10,Potential Loyalists,Offer membership / subscription; personalised follow-up after purchase.
CUST001637,86.0,4,274.77,2025-12-25,2026-06-06,2026-08-31,4,3,4,11,Potential Loyalists,Offer membership / subscription; personalised follow-up after purchase.
CUST001638,336.0,4,311.54,2025-08-21,2025-09-29,2026-08-31,2,3,4,9,At Risk,Reach out personally; time-boxed discount to prevent churn.
CUST001639,32.0,2,234.38,2026-07-24,2026-07-30,2026-08-31,5,2,4,11,Potential Loyalists,Offer membership / subscription; personalised follow-up after purchase.
CUST001640,21.0,1,55.56,2026-08-10,2026-08-10,2026-08-31,5,1,2,8,New Customers,Onboard well; send a strong second-purchase incentive within 30 days.
CUST001641,546.0,3,210.23,2024-11-01,2025-03-03,2026-08-31,1,3,3,7,At Risk,Reach out personally; time-boxed discount to prevent churn.
CUST001642,13.0,9,489.71000000000004,2024-12-01,2026-08-18,2026-08-31,5,5,4,14,Champions,Reward with early access / loyalty perks; ask for referrals & reviews.
CUST001643,196.0,2,88.25999999999999,2025-11-04,2026-02-16,2026-08-31,3,2,2,7,Promising,Nurture with targeted content; small incentive to drive a second order.
CUST001644,151.0,5,290.88,2025-07-28,2026-04-02,2026-08-31,3,4,4,11,Loyal Customers,Upsell higher-value products; enrol in loyalty programme.
CUST001645,41.0,9,584.3,2024-11-13,2026-07-21,2026-08-31,5,5,4,14,Champions,Reward with early access / loyalty perks; ask for referrals & reviews.
CUST001646,195.0,2,82.84,2026-01-16,2026-02-17,2026-08-31,3,2,2,7,Promising,Nurture with targeted content; small incentive to drive a second order.
CUST001647,94.0,4,174.9,2026-01-01,2026-05-29,2026-08-31,4,3,3,10,Potential Loyalists,Offer membership / subscription; personalised follow-up after purchase.
CUST001648,613.0,4,84.95,2024-11-12,2024-12-26,2026-08-31,1,3,2,6,Hibernating,Low-cost reactivation campaign; survey to learn why they stopped buying.
CUST001649,569.0,2,110.58999999999999,2024-10-24,2025-02-08,2026-08-31,1,2,3,6,Need Attention,Limited-time win-back offer; recommend based on past purchases.
CUST001650,546.0,4,200.8,2024-09-05,2025-03-03,2026-08-31,1,3,3,7,At Risk,Reach out personally; time-boxed discount to prevent churn.
CUST001651,217.0,5,370.53000000000003,2025-07-14,2026-01-26,2026-08-31,3,4,4,11,Loyal Customers,Upsell higher-value products; enrol in loyalty programme.
CUST001652,130.0,2,107.58,2026-03-02,2026-04-23,2026-08-31,3,2,2,7,Promising,Nurture with targeted content; small incentive to drive a second order.
CUST001653,204.0,5,255.61,2025-05-22,2026-02-08,2026-08-31,3,4,4,11,Loyal Customers,Upsell higher-value products; enrol in loyalty programme.
CUST001654,34.0,8,703.54,2025-01-06,2026-07-28,2026-08-31,5,4,4,13,Champions,Reward with early access / loyalty perks; ask for referrals & reviews.
CUST001655,332.0,4,235.78,2025-02-28,2025-10-03,2026-08-31,2,3,4,9,At Risk,Reach out personally; time-boxed discount to prevent churn.
CUST001656,39.0,4,461.49,2026-02-04,2026-07-23,2026-08-31,5,3,4,12,Potential Loyalists,Offer membership / subscription; personalised follow-up after purchase.
CUST001657,39.0,4,180.33999999999997,2025-12-16,2026-07-23,2026-08-31,5,3,3,11,Potential Loyalists,Offer membership / subscription; personalised follow-up after purchase.
CUST001658,436.0,4,246.0,2024-08-31,2025-06-21,2026-08-31,2,3,4,9,At Risk,Reach out personally; time-boxed discount to prevent churn.
CUST001659,79.0,3,176.86,2025-12-13,2026-06-13,2026-08-31,4,3,3,10,Potential Loyalists,Offer membership / subscription; personalised follow-up after purchase.
CUST001660,16.0,10,1389.06,2024-09-22,2026-08-15,2026-08-31,5,5,5,15,Champions,Reward with early access / loyalty perks; ask for referrals & reviews.
CUST001661,56.0,9,826.82,2025-03-13,2026-07-06,2026-08-31,4,5,5,14,Champions,Reward with early access / loyalty perks; ask for referrals & reviews.
CUST001662,92.0,1,47.89,2026-05-31,2026-05-31,2026-08-31,4,1,2,7,New Customers,Onboard well; send a strong second-purchase incentive within 30 days.
CUST001663,695.0,1,65.99,2024-10-05,2024-10-05,2026-08-31,1,1,2,4,Lost,Deprioritise spend; include only in broad low-cost re-engagement blasts.
CUST001664,141.0,5,214.38,2025-09-12,2026-04-12,2026-08-31,3,4,3,10,Loyal Customers,Upsell higher-value products; enrol in loyalty programme.
CUST001665,560.0,4,215.88,2024-10-11,2025-02-17,2026-08-31,1,3,3,7,At Risk,Reach out personally; time-boxed discount to prevent churn.
CUST001666,434.0,3,107.17,2025-05-12,2025-06-23,2026-08-31,2,3,2,7,Hibernating,Low-cost reactivation campaign; survey to learn why they stopped buying.
CUST001667,551.0,3,203.9,2024-10-30,2025-02-26,2026-08-31,1,3,3,7,At Risk,Reach out personally; time-boxed discount to prevent churn.
CUST001668,56.0,2,53.77,2026-05-17,2026-07-06,2026-08-31,4,2,2,8,Potential Loyalists,Offer membership / subscription; personalised follow-up after purchase.
CUST001669,1.0,12,2117.32,2024-12-05,2026-08-30,2026-08-31,5,5,5,15,Champions,Reward with early access / loyalty perks; ask for referrals & reviews.
CUST001670,650.0,1,36.77,2024-11-19,2024-11-19,2026-08-31,1,1,1,3,Lost,Deprioritise spend; include only in broad low-cost re-engagement blasts.
CUST001671,104.0,6,233.06,2025-02-13,2026-05-19,2026-08-31,4,4,4,12,Champions,Reward with early access / loyalty perks; ask for referrals & reviews.
CUST001672,362.0,1,45.49,2025-09-03,2025-09-03,2026-08-31,2,1,1,4,About To Sleep,Re-engagement email with personalised recommendations before they go cold.
CUST001673,312.0,3,137.25,2025-09-06,2025-10-23,2026-08-31,2,3,3,8,At Risk,Reach out personally; time-boxed discount to prevent churn.
CUST001674,39.0,12,1367.74,2024-11-12,2026-07-23,2026-08-31,5,5,5,15,Champions,Reward with early access / loyalty perks; ask for referrals & reviews.
CUST001675,372.0,2,91.49,2025-05-25,2025-08-24,2026-08-31,2,2,2,6,About To Sleep,Re-engagement email with personalised recommendations before they go cold.
CUST001676,383.0,1,93.34,2025-08-13,2025-08-13,2026-08-31,2,1,2,5,About To Sleep,Re-engagement email with personalised recommendations before they go cold.
CUST001677,452.0,1,19.0,2025-06-05,2025-06-05,2026-08-31,2,1,1,4,About To Sleep,Re-engagement email with personalised recommendations before they go cold.
CUST001678,39.0,6,272.6,2025-07-11,2026-07-23,2026-08-31,5,4,4,13,Champions,Reward with early access / loyalty perks; ask for referrals & reviews.
CUST001679,359.0,1,47.84,2025-09-06,2025-09-06,2026-08-31,2,1,2,5,About To Sleep,Re-engagement email with personalised recommendations before they go cold.
CUST001680,270.0,1,27.9,2025-12-04,2025-12-04,2026-08-31,2,1,1,4,About To Sleep,Re-engagement email with personalised recommendations before they go cold.
CUST001681,634.0,1,112.82,2024-12-05,2024-12-05,2026-08-31,1,1,3,5,Lost,Deprioritise spend; include only in broad low-cost re-engagement blasts.
CUST001682,640.0,3,113.92,2024-10-04,2024-11-29,2026-08-31,1,3,3,7,At Risk,Reach out personally; time-boxed discount to prevent churn.
CUST001683,337.0,1,15.82,2025-09-28,2025-09-28,2026-08-31,2,1,1,4,About To Sleep,Re-engagement email with personalised recommendations before they go cold.
CUST001684,163.0,4,295.01,2025-11-24,2026-03-21,2026-08-31,3,3,4,10,Need Attention,Limited-time win-back offer; recommend based on past purchases.
CUST001685,71.0,8,344.92,2025-03-27,2026-06-21,2026-08-31,4,4,4,12,Champions,Reward with early access / loyalty perks; ask for referrals & reviews.
CUST001686,84.0,2,126.06,2026-04-26,2026-06-08,2026-08-31,4,2,3,9,Potential Loyalists,Offer membership / subscription; personalised follow-up after purchase.
CUST001687,329.0,1,43.57,2025-10-06,2025-10-06,2026-08-31,2,1,1,4,About To Sleep,Re-engagement email with personalised recommendations before they go cold.
CUST001688,327.0,1,38.67,2025-10-08,2025-10-08,2026-08-31,2,1,1,4,About To Sleep,Re-engagement email with personalised recommendations before they go cold.
CUST001689,681.0,1,26.79,2024-10-19,2024-10-19,2026-08-31,1,1,1,3,Lost,Deprioritise spend; include only in broad low-cost re-engagement blasts.
CUST001690,55.0,6,635.93,2025-11-03,2026-07-07,2026-08-31,4,4,4,12,Champions,Reward with early access / loyalty perks; ask for referrals & reviews.
CUST001691,499.0,3,74.27,2024-09-25,2025-04-19,2026-08-31,1,3,2,6,Hibernating,Low-cost reactivation campaign; survey to learn why they stopped buying.
CUST001692,355.0,4,437.27,2025-04-10,2025-09-10,2026-08-31,2,3,4,9,At Risk,Reach out personally; time-boxed discount to prevent churn.
CUST001693,221.0,2,97.92,2025-10-25,2026-01-22,2026-08-31,2,2,2,6,About To Sleep,Re-engagement email with personalised recommendations before they go cold.
CUST001694,160.0,1,25.42,2026-03-24,2026-03-24,2026-08-31,3,1,1,5,Promising,Nurture with targeted content; small incentive to drive a second order.
CUST001695,536.0,1,15.23,2025-03-13,2025-03-13,2026-08-31,1,1,1,3,Lost,Deprioritise spend; include only in broad low-cost re-engagement blasts.
CUST001696,251.0,1,41.09,2025-12-23,2025-12-23,2026-08-31,2,1,1,4,About To Sleep,Re-engagement email with personalised recommendations before they go cold.
CUST001697,26.0,12,1047.83,2024-09-25,2026-08-05,2026-08-31,5,5,5,15,Champions,Reward with early access / loyalty perks; ask for referrals & reviews.
CUST001698,550.0,1,31.01,2025-02-27,2025-02-27,2026-08-31,1,1,1,3,Lost,Deprioritise spend; include only in broad low-cost re-engagement blasts.
CUST001699,21.0,7,4271.82,2025-07-18,2026-08-10,2026-08-31,5,4,5,14,Champions,Reward with early access / loyalty perks; ask for referrals & reviews.
CUST001700,574.0,1,52.18,2025-02-03,2025-02-03,2026-08-31,1,1,2,4,Lost,Deprioritise spend; include only in broad low-cost re-engagement blasts.
CUST001701,695.0,1,32.09,2024-10-05,2024-10-05,2026-08-31,1,1,1,3,Lost,Deprioritise spend; include only in broad low-cost re-engagement blasts.
CUST001702,8.0,9,5714.11,2025-05-29,2026-08-23,2026-08-31,5,5,5,15,Champions,Reward with early access / loyalty perks; ask for referrals & reviews.
CUST001703,49.0,2,46.69,2026-06-18,2026-07-13,2026-08-31,4,2,1,7,Potential Loyalists,Offer membership / subscription; personalised follow-up after purchase.
CUST001704,110.0,1,95.95,2026-05-13,2026-05-13,2026-08-31,3,1,2,6,Promising,Nurture with targeted content; small incentive to drive a second order.
CUST001705,84.0,4,294.82,2025-06-21,2026-06-08,2026-08-31,4,3,4,11,Potential Loyalists,Offer membership / subscription; personalised follow-up after purchase.
CUST001706,15.0,11,8123.63,2024-10-22,2026-08-16,2026-08-31,5,5,5,15,Champions,Reward with early access / loyalty perks; ask for referrals & reviews.
CUST001707,61.0,14,1008.16,2024-09-20,2026-07-01,2026-08-31,4,5,5,14,Champions,Reward with early access / loyalty perks; ask for referrals & reviews.
CUST001708,79.0,3,70.15,2025-11-23,2026-06-13,2026-08-31,4,3,2,9,Potential Loyalists,Offer membership / subscription; personalised follow-up after purchase.
CUST001709,350.0,2,70.18,2025-07-22,2025-09-15,2026-08-31,2,2,2,6,About To Sleep,Re-engagement email with personalised recommendations before they go cold.
CUST001710,218.0,3,162.88,2025-11-03,2026-01-25,2026-08-31,3,3,3,9,Need Attention,Limited-time win-back offer; recommend based on past purchases.
CUST001711,524.0,4,255.59,2024-09-22,2025-03-25,2026-08-31,1,3,4,8,At Risk,Reach out personally; time-boxed discount to prevent churn.
CUST001712,154.0,6,343.37,2025-05-14,2026-03-30,2026-08-31,3,4,4,11,Loyal Customers,Upsell higher-value products; enrol in loyalty programme.
CUST001713,11.0,12,8350.46,2024-11-27,2026-08-20,2026-08-31,5,5,5,15,Champions,Reward with early access / loyalty perks; ask for referrals & reviews.
CUST001714,372.0,2,68.66,2025-06-09,2025-08-24,2026-08-31,2,2,2,6,About To Sleep,Re-engagement email with personalised recommendations before they go cold.
CUST001715,158.0,5,289.17,2025-08-21,2026-03-26,2026-08-31,3,4,4,11,Loyal Customers,Upsell higher-value products; enrol in loyalty programme.
CUST001716,543.0,2,63.22,2024-11-13,2025-03-06,2026-08-31,1,2,2,5,Hibernating,Low-cost reactivation campaign; survey to learn why they stopped buying.
CUST001717,157.0,3,163.55,2025-11-07,2026-03-27,2026-08-31,3,3,3,9,Need Attention,Limited-time win-back offer; recommend based on past purchases.
CUST001718,,0,0.0,,,2026-08-31,,,,,No Purchase History,Investigate: no purchase history -- confirm signup funnel / re-engage with welcome offer.
CUST001719,235.0,1,50.64,2026-01-08,2026-01-08,2026-08-31,2,1,2,5,About To Sleep,Re-engagement email with personalised recommendations before they go cold.
CUST001720,366.0,4,150.07999999999998,2025-06-15,2025-08-30,2026-08-31,2,3,3,8,At Risk,Reach out personally; time-boxed discount to prevent churn.
CUST001721,2.0,10,1430.81,2024-10-18,2026-08-29,2026-08-31,5,5,5,15,Champions,Reward with early access / loyalty perks; ask for referrals & reviews.
CUST001722,127.0,3,73.4,2026-02-09,2026-04-26,2026-08-31,3,3,2,8,Need Attention,Limited-time win-back offer; recommend based on past purchases.
CUST001723,522.0,1,77.7,2025-03-27,2025-03-27,2026-08-31,1,1,2,4,Lost,Deprioritise spend; include only in broad low-cost re-engagement blasts.
CUST001724,362.0,1,84.42,2025-09-03,2025-09-03,2026-08-31,2,1,2,5,About To Sleep,Re-engagement email with personalised recommendations before they go cold.
CUST001725,133.0,6,257.14,2025-04-14,2026-04-20,2026-08-31,3,4,4,11,Loyal Customers,Upsell higher-value products; enrol in loyalty programme.
CUST001726,29.0,15,2132.35,2024-10-31,2026-08-02,2026-08-31,5,5,5,15,Champions,Reward with early access / loyalty perks; ask for referrals & reviews.
CUST001727,224.0,3,147.65,2025-07-26,2026-01-19,2026-08-31,2,3,3,8,At Risk,Reach out personally; time-boxed discount to prevent churn.
CUST001728,654.0,1,41.57,2024-11-15,2024-11-15,2026-08-31,1,1,1,3,Lost,Deprioritise spend; include only in broad low-cost re-engagement blasts.
CUST001729,39.0,10,1281.67,2024-10-16,2026-07-23,2026-08-31,5,5,5,15,Champions,Reward with early access / loyalty perks; ask for referrals & reviews.
CUST001730,165.0,1,133.37,2026-03-19,2026-03-19,2026-08-31,3,1,3,7,Promising,Nurture with targeted content; small incentive to drive a second order.
CUST001731,611.0,1,23.96,2024-12-28,2024-12-28,2026-08-31,1,1,1,3,Lost,Deprioritise spend; include only in broad low-cost re-engagement blasts.
CUST001732,41.0,13,2164.9900000000002,2024-08-31,2026-07-21,2026-08-31,5,5,5,15,Champions,Reward with early access / loyalty perks; ask for referrals & reviews.
CUST001733,541.0,1,8.76,2025-03-08,2025-03-08,2026-08-31,1,1,1,3,Lost,Deprioritise spend; include only in broad low-cost re-engagement blasts.
CUST001734,179.0,3,124.43,2025-11-22,2026-03-05,2026-08-31,3,3,3,9,Need Attention,Limited-time win-back offer; recommend based on past purchases.
CUST001735,592.0,1,28.11,2025-01-16,2025-01-16,2026-08-31,1,1,1,3,Lost,Deprioritise spend; include only in broad low-cost re-engagement blasts.
CUST001736,235.0,1,42.99,2026-01-08,2026-01-08,2026-08-31,2,1,1,4,About To Sleep,Re-engagement email with personalised recommendations before they go cold.
CUST001737,588.0,3,100.86,2024-09-16,2025-01-20,2026-08-31,1,3,2,6,Hibernating,Low-cost reactivation campaign; survey to learn why they stopped buying.
CUST001738,77.0,5,374.32,2025-11-06,2026-06-15,2026-08-31,4,4,4,12,Champions,Reward with early access / loyalty perks; ask for referrals & reviews.
CUST001739,536.0,1,19.44,2025-03-13,2025-03-13,2026-08-31,1,1,1,3,Lost,Deprioritise spend; include only in broad low-cost re-engagement blasts.
CUST001740,307.0,1,37.27,2025-10-28,2025-10-28,2026-08-31,2,1,1,4,About To Sleep,Re-engagement email with personalised recommendations before they go cold.
CUST001741,90.0,5,171.61,2025-11-03,2026-06-02,2026-08-31,4,4,3,11,Loyal Customers,Upsell higher-value products; enrol in loyalty programme.
CUST001742,175.0,3,132.74,2025-10-14,2026-03-09,2026-08-31,3,3,3,9,Need Attention,Limited-time win-back offer; recommend based on past purchases.
CUST001743,29.0,12,2133.31,2024-09-01,2026-08-02,2026-08-31,5,5,5,15,Champions,Reward with early access / loyalty perks; ask for referrals & reviews.
CUST001744,22.0,9,6243.47,2025-04-20,2026-08-09,2026-08-31,5,5,5,15,Champions,Reward with early access / loyalty perks; ask for referrals & reviews.
CUST001745,,0,0.0,,,2026-08-31,,,,,No Purchase History,Investigate: no purchase history -- confirm signup funnel / re-engage with welcome offer.
CUST001746,41.0,1,57.58,2026-07-21,2026-07-21,2026-08-31,5,1,2,8,New Customers,Onboard well; send a strong second-purchase incentive within 30 days.
CUST001747,33.0,1,49.51,2026-07-29,2026-07-29,2026-08-31,5,1,2,8,New Customers,Onboard well; send a strong second-purchase incentive within 30 days.
CUST001748,82.0,1,38.76,2026-06-10,2026-06-10,2026-08-31,4,1,1,6,New Customers,Onboard well; send a strong second-purchase incentive within 30 days.
CUST001749,126.0,4,256.58,2025-11-11,2026-04-27,2026-08-31,3,3,4,10,Need Attention,Limited-time win-back offer; recommend based on past purchases.
CUST001750,94.0,4,406.91999999999996,2026-01-02,2026-05-29,2026-08-31,4,3,4,11,Potential Loyalists,Offer membership / subscription; personalised follow-up after purchase.
CUST001751,527.0,1,47.48,2025-03-22,2025-03-22,2026-08-31,1,1,2,4,Lost,Deprioritise spend; include only in broad low-cost re-engagement blasts.
CUST001752,160.0,3,162.39999999999998,2025-09-05,2026-03-24,2026-08-31,3,3,3,9,Need Attention,Limited-time win-back offer; recommend based on past purchases.
CUST001753,433.0,2,38.9,2025-05-02,2025-06-24,2026-08-31,2,2,1,5,About To Sleep,Re-engagement email with personalised recommendations before they go cold.
CUST001754,369.0,4,299.97999999999996,2025-05-10,2025-08-27,2026-08-31,2,3,4,9,At Risk,Reach out personally; time-boxed discount to prevent churn.
CUST001755,104.0,2,46.36,2026-02-03,2026-05-19,2026-08-31,4,2,1,7,Potential Loyalists,Offer membership / subscription; personalised follow-up after purchase.
CUST001756,636.0,1,56.14,2024-12-03,2024-12-03,2026-08-31,1,1,2,4,Lost,Deprioritise spend; include only in broad low-cost re-engagement blasts.
CUST001757,81.0,11,928.01,2024-09-25,2026-06-11,2026-08-31,4,5,5,14,Champions,Reward with early access / loyalty perks; ask for referrals & reviews.
CUST001758,10.0,10,9390.82,2025-02-16,2026-08-21,2026-08-31,5,5,5,15,Champions,Reward with early access / loyalty perks; ask for referrals & reviews.
CUST001759,399.0,4,171.2,2025-01-03,2025-07-28,2026-08-31,2,3,3,8,At Risk,Reach out personally; time-boxed discount to prevent churn.
CUST001760,431.0,4,207.48000000000002,2024-10-08,2025-06-26,2026-08-31,2,3,3,8,At Risk,Reach out personally; time-boxed discount to prevent churn.
CUST001761,42.0,5,336.68,2025-10-29,2026-07-20,2026-08-31,5,4,4,13,Champions,Reward with early access / loyalty perks; ask for referrals & reviews.
CUST001762,79.0,12,1384.93,2024-09-08,2026-06-13,2026-08-31,4,5,5,14,Champions,Reward with early access / loyalty perks; ask for referrals & reviews.
CUST001763,227.0,2,169.47,2025-12-28,2026-01-16,2026-08-31,2,2,3,7,About To Sleep,Re-engagement email with personalised recommendations before they go cold.
CUST001764,48.0,12,1204.34,2024-09-15,2026-07-14,2026-08-31,4,5,5,14,Champions,Reward with early access / loyalty perks; ask for referrals & reviews.
CUST001765,12.0,9,817.15,2024-10-03,2026-08-19,2026-08-31,5,5,5,15,Champions,Reward with early access / loyalty perks; ask for referrals & reviews.
CUST001766,24.0,8,671.48,2025-07-27,2026-08-07,2026-08-31,5,4,4,13,Champions,Reward with early access / loyalty perks; ask for referrals & reviews.
CUST001767,14.0,8,5336.4,2025-07-13,2026-08-17,2026-08-31,5,4,5,14,Champions,Reward with early access / loyalty perks; ask for referrals & reviews.
CUST001768,68.0,11,950.92,2025-01-06,2026-06-24,2026-08-31,4,5,5,14,Champions,Reward with early access / loyalty perks; ask for referrals & reviews.
CUST001769,45.0,8,539.24,2024-10-19,2026-07-17,2026-08-31,5,4,4,13,Champions,Reward with early access / loyalty perks; ask for referrals & reviews.
CUST001770,613.0,3,66.59,2024-10-15,2024-12-26,2026-08-31,1,3,2,6,Hibernating,Low-cost reactivation campaign; survey to learn why they stopped buying.
CUST001771,335.0,1,98.21,2025-09-30,2025-09-30,2026-08-31,2,1,2,5,About To Sleep,Re-engagement email with personalised recommendations before they go cold.
CUST001772,301.0,4,245.05,2025-05-25,2025-11-03,2026-08-31,2,3,4,9,At Risk,Reach out personally; time-boxed discount to prevent churn.
CUST001773,145.0,1,62.43,2026-04-08,2026-04-08,2026-08-31,3,1,2,6,Promising,Nurture with targeted content; small incentive to drive a second order.
CUST001774,382.0,4,187.47,2025-04-01,2025-08-14,2026-08-31,2,3,3,8,At Risk,Reach out personally; time-boxed discount to prevent churn.
CUST001775,216.0,1,20.99,2026-01-27,2026-01-27,2026-08-31,3,1,1,5,Promising,Nurture with targeted content; small incentive to drive a second order.
CUST001776,652.0,1,66.48,2024-11-17,2024-11-17,2026-08-31,1,1,2,4,Lost,Deprioritise spend; include only in broad low-cost re-engagement blasts.
CUST001777,173.0,1,51.55,2026-03-11,2026-03-11,2026-08-31,3,1,2,6,Promising,Nurture with targeted content; small incentive to drive a second order.
CUST001778,185.0,3,328.75,2025-08-07,2026-02-27,2026-08-31,3,3,4,10,Need Attention,Limited-time win-back offer; recommend based on past purchases.
CUST001779,65.0,4,164.12,2025-11-22,2026-06-27,2026-08-31,4,3,3,10,Potential Loyalists,Offer membership / subscription; personalised follow-up after purchase.
CUST001780,134.0,4,388.94,2025-09-19,2026-04-19,2026-08-31,3,3,4,10,Need Attention,Limited-time win-back offer; recommend based on past purchases.
CUST001781,90.0,11,903.0699999999999,2024-09-22,2026-06-02,2026-08-31,4,5,5,14,Champions,Reward with early access / loyalty perks; ask for referrals & reviews.
CUST001782,616.0,4,297.85,2024-09-04,2024-12-23,2026-08-31,1,3,4,8,At Risk,Reach out personally; time-boxed discount to prevent churn.
CUST001783,32.0,5,331.02,2025-08-03,2026-07-30,2026-08-31,5,4,4,13,Champions,Reward with early access / loyalty perks; ask for referrals & reviews.
CUST001784,42.0,12,977.77,2024-09-15,2026-07-20,2026-08-31,5,5,5,15,Champions,Reward with early access / loyalty perks; ask for referrals & reviews.
CUST001785,138.0,3,136.78,2026-02-13,2026-04-15,2026-08-31,3,3,3,9,Need Attention,Limited-time win-back offer; recommend based on past purchases.
CUST001786,310.0,1,80.67,2025-10-25,2025-10-25,2026-08-31,2,1,2,5,About To Sleep,Re-engagement email with personalised recommendations before they go cold.
CUST001787,233.0,3,106.87,2025-07-22,2026-01-10,2026-08-31,2,3,2,7,Hibernating,Low-cost reactivation campaign; survey to learn why they stopped buying.
CUST001788,505.0,1,106.73,2025-04-13,2025-04-13,2026-08-31,1,1,2,4,Lost,Deprioritise spend; include only in broad low-cost re-engagement blasts.
CUST001789,492.0,3,209.84,2025-01-18,2025-04-26,2026-08-31,1,3,3,7,At Risk,Reach out personally; time-boxed discount to prevent churn.
CUST001790,3.0,9,826.37,2024-11-08,2026-08-28,2026-08-31,5,5,5,15,Champions,Reward with early access / loyalty perks; ask for referrals & reviews.
CUST001791,501.0,1,16.87,2025-04-17,2025-04-17,2026-08-31,1,1,1,3,Lost,Deprioritise spend; include only in broad low-cost re-engagement blasts.
CUST001792,208.0,3,149.92000000000002,2025-09-24,2026-02-04,2026-08-31,3,3,3,9,Need Attention,Limited-time win-back offer; recommend based on past purchases.
CUST001793,191.0,5,312.53999999999996,2025-03-22,2026-02-21,2026-08-31,3,4,4,11,Loyal Customers,Upsell higher-value products; enrol in loyalty programme.
CUST001794,185.0,1,23.46,2026-02-27,2026-02-27,2026-08-31,3,1,1,5,Promising,Nurture with targeted content; small incentive to drive a second order.
CUST001795,666.0,1,73.72,2024-11-03,2024-11-03,2026-08-31,1,1,2,4,Lost,Deprioritise spend; include only in broad low-cost re-engagement blasts.
CUST001796,205.0,4,451.01,2025-08-05,2026-02-07,2026-08-31,3,3,4,10,Need Attention,Limited-time win-back offer; recommend based on past purchases.
CUST001797,195.0,1,175.76,2026-02-17,2026-02-17,2026-08-31,3,1,3,7,Promising,Nurture with targeted content; small incentive to drive a second order.
CUST001798,165.0,4,220.13,2025-09-24,2026-03-19,2026-08-31,3,3,3,9,Need Attention,Limited-time win-back offer; recommend based on past purchases.
CUST001799,396.0,1,52.68,2025-07-31,2025-07-31,2026-08-31,2,1,2,5,About To Sleep,Re-engagement email with personalised recommendations before they go cold.
CUST001800,47.0,1,114.82,2026-07-15,2026-07-15,2026-08-31,4,1,3,8,New Customers,Onboard well; send a strong second-purchase incentive within 30 days.
CUST001801,570.0,1,14.34,2025-02-07,2025-02-07,2026-08-31,1,1,1,3,Lost,Deprioritise spend; include only in broad low-cost re-engagement blasts.
CUST001802,262.0,1,174.36,2025-12-12,2025-12-12,2026-08-31,2,1,3,6,About To Sleep,Re-engagement email with personalised recommendations before they go cold.
CUST001803,63.0,8,568.09,2024-11-17,2026-06-29,2026-08-31,4,4,4,12,Champions,Reward with early access / loyalty perks; ask for referrals & reviews.
CUST001804,122.0,1,41.62,2026-05-01,2026-05-01,2026-08-31,3,1,1,5,Promising,Nurture with targeted content; small incentive to drive a second order.
CUST001805,17.0,1,59.3,2026-08-14,2026-08-14,2026-08-31,5,1,2,8,New Customers,Onboard well; send a strong second-purchase incentive within 30 days.
CUST001806,549.0,1,88.67,2025-02-28,2025-02-28,2026-08-31,1,1,2,4,Lost,Deprioritise spend; include only in broad low-cost re-engagement blasts.
CUST001807,42.0,14,1316.38,2024-09-21,2026-07-20,2026-08-31,5,5,5,15,Champions,Reward with early access / loyalty perks; ask for referrals & reviews.
CUST001808,224.0,2,72.08,2025-10-27,2026-01-19,2026-08-31,2,2,2,6,About To Sleep,Re-engagement email with personalised recommendations before they go cold.
CUST001809,218.0,5,116.5,2025-06-19,2026-01-25,2026-08-31,3,4,3,10,Loyal Customers,Upsell higher-value products; enrol in loyalty programme.
CUST001810,41.0,8,608.21,2024-10-25,2026-07-21,2026-08-31,5,4,4,13,Champions,Reward with early access / loyalty perks; ask for referrals & reviews.
CUST001811,241.0,5,264.1,2025-07-25,2026-01-02,2026-08-31,2,4,4,10,At Risk,Reach out personally; time-boxed discount to prevent churn.
CUST001812,214.0,5,307.02,2025-05-02,2026-01-29,2026-08-31,3,4,4,11,Loyal Customers,Upsell higher-value products; enrol in loyalty programme.
CUST001813,176.0,1,58.88,2026-03-08,2026-03-08,2026-08-31,3,1,2,6,Promising,Nurture with targeted content; small incentive to drive a second order.
CUST001814,80.0,3,95.45,2025-12-24,2026-06-12,2026-08-31,4,3,2,9,Potential Loyalists,Offer membership / subscription; personalised follow-up after purchase.
CUST001815,475.0,1,14.06,2025-05-13,2025-05-13,2026-08-31,1,1,1,3,Lost,Deprioritise spend; include only in broad low-cost re-engagement blasts.
CUST001816,,0,0.0,,,2026-08-31,,,,,No Purchase History,Investigate: no purchase history -- confirm signup funnel / re-engage with welcome offer.
CUST001817,622.0,2,99.36999999999999,2024-09-13,2024-12-17,2026-08-31,1,2,2,5,Hibernating,Low-cost reactivation campaign; survey to learn why they stopped buying.
CUST001818,222.0,4,147.08,2025-06-10,2026-01-21,2026-08-31,2,3,3,8,At Risk,Reach out personally; time-boxed discount to prevent churn.
CUST001819,51.0,4,279.87,2026-04-06,2026-07-11,2026-08-31,4,3,4,11,Potential Loyalists,Offer membership / subscription; personalised follow-up after purchase.
CUST001820,26.0,1,33.26,2026-08-05,2026-08-05,2026-08-31,5,1,1,7,New Customers,Onboard well; send a strong second-purchase incentive within 30 days.
CUST001821,575.0,1,37.06,2025-02-02,2025-02-02,2026-08-31,1,1,1,3,Lost,Deprioritise spend; include only in broad low-cost re-engagement blasts.
CUST001822,79.0,6,241.46,2025-08-19,2026-06-13,2026-08-31,4,4,4,12,Champions,Reward with early access / loyalty perks; ask for referrals & reviews.
CUST001823,403.0,1,142.13,2025-07-24,2025-07-24,2026-08-31,2,1,3,6,About To Sleep,Re-engagement email with personalised recommendations before they go cold.
CUST001824,96.0,1,16.94,2026-05-27,2026-05-27,2026-08-31,4,1,1,6,New Customers,Onboard well; send a strong second-purchase incentive within 30 days.
CUST001825,384.0,1,46.42,2025-08-12,2025-08-12,2026-08-31,2,1,1,4,About To Sleep,Re-engagement email with personalised recommendations before they go cold.
CUST001826,133.0,9,538.1,2025-03-02,2026-04-20,2026-08-31,3,5,4,12,Loyal Customers,Upsell higher-value products; enrol in loyalty programme.
CUST001827,228.0,1,97.44,2026-01-15,2026-01-15,2026-08-31,2,1,2,5,About To Sleep,Re-engagement email with personalised recommendations before they go cold.
CUST001828,206.0,4,289.37,2025-05-09,2026-02-06,2026-08-31,3,3,4,10,Need Attention,Limited-time win-back offer; recommend based on past purchases.
CUST001829,475.0,4,167.97,2024-10-23,2025-05-13,2026-08-31,1,3,3,7,At Risk,Reach out personally; time-boxed discount to prevent churn.
CUST001830,197.0,1,18.8,2026-02-15,2026-02-15,2026-08-31,3,1,1,5,Promising,Nurture with targeted content; small incentive to drive a second order.
CUST001831,207.0,4,356.55,2025-09-12,2026-02-05,2026-08-31,3,3,4,10,Need Attention,Limited-time win-back offer; recommend based on past purchases.
CUST001832,14.0,10,8415.41,2025-03-28,2026-08-17,2026-08-31,5,5,5,15,Champions,Reward with early access / loyalty perks; ask for referrals & reviews.
CUST001833,188.0,4,161.39,2025-07-16,2026-02-24,2026-08-31,3,3,3,9,Need Attention,Limited-time win-back offer; recommend based on past purchases.
CUST001834,81.0,9,739.4000000000001,2024-11-19,2026-06-11,2026-08-31,4,5,4,13,Champions,Reward with early access / loyalty perks; ask for referrals & reviews.
CUST001835,240.0,4,177.23999999999998,2025-08-09,2026-01-03,2026-08-31,2,3,3,8,At Risk,Reach out personally; time-boxed discount to prevent churn.
CUST001836,72.0,9,793.9,2024-11-20,2026-06-20,2026-08-31,4,5,5,14,Champions,Reward with early access / loyalty perks; ask for referrals & reviews.
CUST001837,31.0,16,2303.2000000000003,2024-09-06,2026-07-31,2026-08-31,5,5,5,15,Champions,Reward with early access / loyalty perks; ask for referrals & reviews.
CUST001838,98.0,4,205.48000000000002,2025-12-23,2026-05-25,2026-08-31,4,3,3,10,Potential Loyalists,Offer membership / subscription; personalised follow-up after purchase.
CUST001839,592.0,3,129.53,2024-09-26,2025-01-16,2026-08-31,1,3,3,7,At Risk,Reach out personally; time-boxed discount to prevent churn.
CUST001840,697.0,1,19.36,2024-10-03,2024-10-03,2026-08-31,1,1,1,3,Lost,Deprioritise spend; include only in broad low-cost re-engagement blasts.
CUST001841,45.0,10,1644.8,2024-11-25,2026-07-17,2026-08-31,5,5,5,15,Champions,Reward with early access / loyalty perks; ask for referrals & reviews.
CUST001842,195.0,1,29.36,2026-02-17,2026-02-17,2026-08-31,3,1,1,5,Promising,Nurture with targeted content; small incentive to drive a second order.
CUST001843,76.0,9,645.65,2024-11-03,2026-06-16,2026-08-31,4,5,4,13,Champions,Reward with early access / loyalty perks; ask for referrals & reviews.
CUST001844,582.0,4,298.96999999999997,2024-09-05,2025-01-26,2026-08-31,1,3,4,8,At Risk,Reach out personally; time-boxed discount to prevent churn.
CUST001845,69.0,8,417.97,2025-06-14,2026-06-23,2026-08-31,4,4,4,12,Champions,Reward with early access / loyalty perks; ask for referrals & reviews.
CUST001846,554.0,1,38.66,2025-02-23,2025-02-23,2026-08-31,1,1,1,3,Lost,Deprioritise spend; include only in broad low-cost re-engagement blasts.
CUST001847,113.0,4,205.44,2025-11-01,2026-05-10,2026-08-31,3,3,3,9,Need Attention,Limited-time win-back offer; recommend based on past purchases.
CUST001848,86.0,1,61.43,2026-06-06,2026-06-06,2026-08-31,4,1,2,7,New Customers,Onboard well; send a strong second-purchase incentive within 30 days.
CUST001849,152.0,6,350.4,2025-03-16,2026-04-01,2026-08-31,3,4,4,11,Loyal Customers,Upsell higher-value products; enrol in loyalty programme.
CUST001850,640.0,3,221.12,2024-09-14,2024-11-29,2026-08-31,1,3,3,7,At Risk,Reach out personally; time-boxed discount to prevent churn.
CUST001851,129.0,3,205.67000000000002,2025-12-29,2026-04-24,2026-08-31,3,3,3,9,Need Attention,Limited-time win-back offer; recommend based on past purchases.
CUST001852,573.0,1,50.61,2025-02-04,2025-02-04,2026-08-31,1,1,2,4,Lost,Deprioritise spend; include only in broad low-cost re-engagement blasts.
CUST001853,254.0,1,21.89,2025-12-20,2025-12-20,2026-08-31,2,1,1,4,About To Sleep,Re-engagement email with personalised recommendations before they go cold.
CUST001854,312.0,1,34.96,2025-10-23,2025-10-23,2026-08-31,2,1,1,4,About To Sleep,Re-engagement email with personalised recommendations before they go cold.
CUST001855,627.0,2,137.91,2024-10-13,2024-12-12,2026-08-31,1,2,3,6,Need Attention,Limited-time win-back offer; recommend based on past purchases.
CUST001856,38.0,14,11252.94,2024-10-18,2026-07-24,2026-08-31,5,5,5,15,Champions,Reward with early access / loyalty perks; ask for referrals & reviews.
CUST001857,44.0,5,249.32999999999998,2025-12-27,2026-07-18,2026-08-31,5,4,4,13,Champions,Reward with early access / loyalty perks; ask for referrals & reviews.
CUST001858,230.0,2,60.790000000000006,2025-12-13,2026-01-13,2026-08-31,2,2,2,6,About To Sleep,Re-engagement email with personalised recommendations before they go cold.
CUST001859,222.0,5,260.27,2025-03-19,2026-01-21,2026-08-31,2,4,4,10,At Risk,Reach out personally; time-boxed discount to prevent churn.
CUST001860,148.0,5,422.02,2025-07-09,2026-04-05,2026-08-31,3,4,4,11,Loyal Customers,Upsell higher-value products; enrol in loyalty programme.
CUST001861,471.0,1,58.7,2025-05-17,2025-05-17,2026-08-31,1,1,2,4,Lost,Deprioritise spend; include only in broad low-cost re-engagement blasts.
CUST001862,42.0,5,3960.73,2025-07-29,2026-07-20,2026-08-31,5,4,5,14,Champions,Reward with early access / loyalty perks; ask for referrals & reviews.
CUST001863,46.0,10,6524.62,2025-02-04,2026-07-16,2026-08-31,4,5,5,14,Champions,Reward with early access / loyalty perks; ask for referrals & reviews.
CUST001864,303.0,1,24.87,2025-11-01,2025-11-01,2026-08-31,2,1,1,4,About To Sleep,Re-engagement email with personalised recommendations before they go cold.
CUST001865,559.0,1,39.96,2025-02-18,2025-02-18,2026-08-31,1,1,1,3,Lost,Deprioritise spend; include only in broad low-cost re-engagement blasts.
CUST001866,675.0,1,35.96,2024-10-25,2024-10-25,2026-08-31,1,1,1,3,Lost,Deprioritise spend; include only in broad low-cost re-engagement blasts.
CUST001867,610.0,1,15.78,2024-12-29,2024-12-29,2026-08-31,1,1,1,3,Lost,Deprioritise spend; include only in broad low-cost re-engagement blasts.
CUST001868,56.0,4,287.66,2025-11-08,2026-07-06,2026-08-31,4,3,4,11,Potential Loyalists,Offer membership / subscription; personalised follow-up after purchase.
CUST001869,275.0,1,80.25,2025-11-29,2025-11-29,2026-08-31,2,1,2,5,About To Sleep,Re-engagement email with personalised recommendations before they go cold.
CUST001870,587.0,2,32.39,2024-10-23,2025-01-21,2026-08-31,1,2,1,4,Hibernating,Low-cost reactivation campaign; survey to learn why they stopped buying.
CUST001871,184.0,5,144.42,2025-06-05,2026-02-28,2026-08-31,3,4,3,10,Loyal Customers,Upsell higher-value products; enrol in loyalty programme.
CUST001872,173.0,5,220.79,2025-08-30,2026-03-11,2026-08-31,3,4,3,10,Loyal Customers,Upsell higher-value products; enrol in loyalty programme.
CUST001873,25.0,6,6055.58,2026-01-04,2026-08-06,2026-08-31,5,4,5,14,Champions,Reward with early access / loyalty perks; ask for referrals & reviews.
CUST001874,6.0,8,7944.87,2025-07-01,2026-08-25,2026-08-31,5,4,5,14,Champions,Reward with early access / loyalty perks; ask for referrals & reviews.
CUST001875,500.0,1,41.88,2025-04-18,2025-04-18,2026-08-31,1,1,1,3,Lost,Deprioritise spend; include only in broad low-cost re-engagement blasts.
CUST001876,387.0,4,468.49,2025-01-26,2025-08-09,2026-08-31,2,3,4,9,At Risk,Reach out personally; time-boxed discount to prevent churn.
CUST001877,53.0,4,167.71,2025-09-18,2026-07-09,2026-08-31,4,3,3,10,Potential Loyalists,Offer membership / subscription; personalised follow-up after purchase.
CUST001878,65.0,2,120.50999999999999,2026-06-17,2026-06-27,2026-08-31,4,2,3,9,Potential Loyalists,Offer membership / subscription; personalised follow-up after purchase.
CUST001879,77.0,1,38.9,2026-06-15,2026-06-15,2026-08-31,4,1,1,6,New Customers,Onboard well; send a strong second-purchase incentive within 30 days.
CUST001880,150.0,1,14.34,2026-04-03,2026-04-03,2026-08-31,3,1,1,5,Promising,Nurture with targeted content; small incentive to drive a second order.
CUST001881,620.0,1,64.46,2024-12-19,2024-12-19,2026-08-31,1,1,2,4,Lost,Deprioritise spend; include only in broad low-cost re-engagement blasts.
CUST001882,380.0,1,72.75,2025-08-16,2025-08-16,2026-08-31,2,1,2,5,About To Sleep,Re-engagement email with personalised recommendations before they go cold.
CUST001883,186.0,2,104.80000000000001,2025-12-03,2026-02-26,2026-08-31,3,2,2,7,Promising,Nurture with targeted content; small incentive to drive a second order.
CUST001884,499.0,1,47.96,2025-04-19,2025-04-19,2026-08-31,1,1,2,4,Lost,Deprioritise spend; include only in broad low-cost re-engagement blasts.
CUST001885,211.0,5,307.8,2025-06-06,2026-02-01,2026-08-31,3,4,4,11,Loyal Customers,Upsell higher-value products; enrol in loyalty programme.
CUST001886,130.0,5,179.09,2025-05-17,2026-04-23,2026-08-31,3,4,3,10,Loyal Customers,Upsell higher-value products; enrol in loyalty programme.
CUST001887,38.0,9,524.22,2025-01-20,2026-07-24,2026-08-31,5,5,4,14,Champions,Reward with early access / loyalty perks; ask for referrals & reviews.
CUST001888,18.0,9,947.95,2025-10-10,2026-08-13,2026-08-31,5,5,5,15,Champions,Reward with early access / loyalty perks; ask for referrals & reviews.
CUST001889,392.0,1,49.74,2025-08-04,2025-08-04,2026-08-31,2,1,2,5,About To Sleep,Re-engagement email with personalised recommendations before they go cold.
CUST001890,175.0,3,199.5,2025-05-06,2026-03-09,2026-08-31,3,3,3,9,Need Attention,Limited-time win-back offer; recommend based on past purchases.
CUST001891,185.0,5,218.1,2025-06-11,2026-02-27,2026-08-31,3,4,3,10,Loyal Customers,Upsell higher-value products; enrol in loyalty programme.
CUST001892,332.0,4,114.5,2025-07-12,2025-10-03,2026-08-31,2,3,3,8,At Risk,Reach out personally; time-boxed discount to prevent churn.
CUST001893,687.0,1,27.29,2024-10-13,2024-10-13,2026-08-31,1,1,1,3,Lost,Deprioritise spend; include only in broad low-cost re-engagement blasts.
CUST001894,46.0,10,1183.0,2024-09-23,2026-07-16,2026-08-31,4,5,5,14,Champions,Reward with early access / loyalty perks; ask for referrals & reviews.
CUST001895,145.0,5,283.0,2025-06-03,2026-04-08,2026-08-31,3,4,4,11,Loyal Customers,Upsell higher-value products; enrol in loyalty programme.
CUST001896,17.0,9,1108.74,2024-10-12,2026-08-14,2026-08-31,5,5,5,15,Champions,Reward with early access / loyalty perks; ask for referrals & reviews.
CUST001897,412.0,1,31.07,2025-07-15,2025-07-15,2026-08-31,2,1,1,4,About To Sleep,Re-engagement email with personalised recommendations before they go cold.
CUST001898,207.0,4,354.92,2025-07-01,2026-02-05,2026-08-31,3,3,4,10,Need Attention,Limited-time win-back offer; recommend based on past purchases.
CUST001899,83.0,10,960.77,2024-11-18,2026-06-09,2026-08-31,4,5,5,14,Champions,Reward with early access / loyalty perks; ask for referrals & reviews.
CUST001900,21.0,9,1526.87,2024-09-14,2026-08-10,2026-08-31,5,5,5,15,Champions,Reward with early access / loyalty perks; ask for referrals & reviews.
CUST001901,635.0,1,76.36,2024-12-04,2024-12-04,2026-08-31,1,1,2,4,Lost,Deprioritise spend; include only in broad low-cost re-engagement blasts.
CUST001902,12.0,10,1898.68,2024-09-24,2026-08-19,2026-08-31,5,5,5,15,Champions,Reward with early access / loyalty perks; ask for referrals & reviews.
CUST001903,681.0,2,46.620000000000005,2024-09-07,2024-10-19,2026-08-31,1,2,1,4,Hibernating,Low-cost reactivation campaign; survey to learn why they stopped buying.
CUST001904,74.0,9,898.11,2025-10-05,2026-06-18,2026-08-31,4,5,5,14,Champions,Reward with early access / loyalty perks; ask for referrals & reviews.
CUST001905,416.0,1,10.5,2025-07-11,2025-07-11,2026-08-31,2,1,1,4,About To Sleep,Re-engagement email with personalised recommendations before they go cold.
CUST001906,241.0,6,344.37,2025-02-08,2026-01-02,2026-08-31,2,4,4,10,At Risk,Reach out personally; time-boxed discount to prevent churn.
CUST001907,113.0,2,187.56,2026-02-21,2026-05-10,2026-08-31,3,2,3,8,Promising,Nurture with targeted content; small incentive to drive a second order.
CUST001908,10.0,12,1045.21,2024-10-20,2026-08-21,2026-08-31,5,5,5,15,Champions,Reward with early access / loyalty perks; ask for referrals & reviews.
CUST001909,362.0,3,346.52,2025-04-08,2025-09-03,2026-08-31,2,3,4,9,At Risk,Reach out personally; time-boxed discount to prevent churn.
CUST001910,451.0,2,106.36,2025-03-17,2025-06-06,2026-08-31,2,2,2,6,About To Sleep,Re-engagement email with personalised recommendations before they go cold.
CUST001911,23.0,9,1264.33,2024-12-17,2026-08-08,2026-08-31,5,5,5,15,Champions,Reward with early access / loyalty perks; ask for referrals & reviews.
CUST001912,76.0,12,753.47,2024-10-31,2026-06-16,2026-08-31,4,5,5,14,Champions,Reward with early access / loyalty perks; ask for referrals & reviews.
CUST001913,379.0,1,17.89,2025-08-17,2025-08-17,2026-08-31,2,1,1,4,About To Sleep,Re-engagement email with personalised recommendations before they go cold.
CUST001914,76.0,1,39.69,2026-06-16,2026-06-16,2026-08-31,4,1,1,6,New Customers,Onboard well; send a strong second-purchase incentive within 30 days.
CUST001915,66.0,8,664.38,2024-11-15,2026-06-26,2026-08-31,4,4,4,12,Champions,Reward with early access / loyalty perks; ask for referrals & reviews.
CUST001916,226.0,3,159.82,2025-09-02,2026-01-17,2026-08-31,2,3,3,8,At Risk,Reach out personally; time-boxed discount to prevent churn.
CUST001917,571.0,1,35.03,2025-02-06,2025-02-06,2026-08-31,1,1,1,3,Lost,Deprioritise spend; include only in broad low-cost re-engagement blasts.
CUST001918,306.0,1,11.75,2025-10-29,2025-10-29,2026-08-31,2,1,1,4,About To Sleep,Re-engagement email with personalised recommendations before they go cold.
CUST001919,,0,0.0,,,2026-08-31,,,,,No Purchase History,Investigate: no purchase history -- confirm signup funnel / re-engage with welcome offer.
CUST001920,7.0,5,6634.92,2025-12-19,2026-08-24,2026-08-31,5,4,5,14,Champions,Reward with early access / loyalty perks; ask for referrals & reviews.
CUST001921,231.0,3,299.66999999999996,2025-09-28,2026-01-12,2026-08-31,2,3,4,9,At Risk,Reach out personally; time-boxed discount to prevent churn.
CUST001922,183.0,3,259.25,2026-01-09,2026-03-01,2026-08-31,3,3,4,10,Need Attention,Limited-time win-back offer; recommend based on past purchases.
CUST001923,55.0,6,432.64,2025-10-18,2026-07-07,2026-08-31,4,4,4,12,Champions,Reward with early access / loyalty perks; ask for referrals & reviews.
CUST001924,146.0,3,276.93,2025-08-15,2026-04-07,2026-08-31,3,3,4,10,Need Attention,Limited-time win-back offer; recommend based on past purchases.
CUST001925,97.0,4,237.51,2026-01-05,2026-05-26,2026-08-31,4,3,4,11,Potential Loyalists,Offer membership / subscription; personalised follow-up after purchase.
CUST001926,45.0,10,1288.28,2024-09-24,2026-07-17,2026-08-31,5,5,5,15,Champions,Reward with early access / loyalty perks; ask for referrals & reviews.
CUST001927,204.0,6,391.5,2025-02-04,2026-02-08,2026-08-31,3,4,4,11,Loyal Customers,Upsell higher-value products; enrol in loyalty programme.
CUST001928,24.0,1,56.63,2026-08-07,2026-08-07,2026-08-31,5,1,2,8,New Customers,Onboard well; send a strong second-purchase incentive within 30 days.
CUST001929,34.0,12,1730.71,2024-09-18,2026-07-28,2026-08-31,5,5,5,15,Champions,Reward with early access / loyalty perks; ask for referrals & reviews.
CUST001930,224.0,4,379.6,2025-03-20,2026-01-19,2026-08-31,2,3,4,9,At Risk,Reach out personally; time-boxed discount to prevent churn.
CUST001931,607.0,1,38.07,2025-01-01,2025-01-01,2026-08-31,1,1,1,3,Lost,Deprioritise spend; include only in broad low-cost re-engagement blasts.
CUST001932,255.0,1,5.74,2025-12-19,2025-12-19,2026-08-31,2,1,1,4,About To Sleep,Re-engagement email with personalised recommendations before they go cold.
CUST001933,630.0,1,28.97,2024-12-09,2024-12-09,2026-08-31,1,1,1,3,Lost,Deprioritise spend; include only in broad low-cost re-engagement blasts.
CUST001934,529.0,3,217.16000000000003,2024-10-16,2025-03-20,2026-08-31,1,3,3,7,At Risk,Reach out personally; time-boxed discount to prevent churn.
CUST001935,578.0,1,25.14,2025-01-30,2025-01-30,2026-08-31,1,1,1,3,Lost,Deprioritise spend; include only in broad low-cost re-engagement blasts.
CUST001936,79.0,10,749.46,2024-09-20,2026-06-13,2026-08-31,4,5,5,14,Champions,Reward with early access / loyalty perks; ask for referrals & reviews.
CUST001937,54.0,5,313.64,2025-12-02,2026-07-08,2026-08-31,4,4,4,12,Champions,Reward with early access / loyalty perks; ask for referrals & reviews.
CUST001938,362.0,1,130.74,2025-09-03,2025-09-03,2026-08-31,2,1,3,6,About To Sleep,Re-engagement email with personalised recommendations before they go cold.
CUST001939,194.0,4,113.4,2025-05-02,2026-02-18,2026-08-31,3,3,3,9,Need Attention,Limited-time win-back offer; recommend based on past purchases.
CUST001940,129.0,10,1281.1399999999999,2024-09-09,2026-04-24,2026-08-31,3,5,5,13,Loyal Customers,Upsell higher-value products; enrol in loyalty programme.
CUST001941,223.0,2,103.00999999999999,2026-01-11,2026-01-20,2026-08-31,2,2,2,6,About To Sleep,Re-engagement email with personalised recommendations before they go cold.
CUST001942,161.0,4,312.96,2025-10-21,2026-03-23,2026-08-31,3,3,4,10,Need Attention,Limited-time win-back offer; recommend based on past purchases.
CUST001943,223.0,3,83.94,2025-10-14,2026-01-20,2026-08-31,2,3,2,7,Hibernating,Low-cost reactivation campaign; survey to learn why they stopped buying.
CUST001944,2.0,12,844.99,2025-08-29,2026-08-29,2026-08-31,5,5,5,15,Champions,Reward with early access / loyalty perks; ask for referrals & reviews.
CUST001945,650.0,1,91.05,2024-11-19,2024-11-19,2026-08-31,1,1,2,4,Lost,Deprioritise spend; include only in broad low-cost re-engagement blasts.
CUST001946,561.0,3,106.35,2024-10-04,2025-02-16,2026-08-31,1,3,2,6,Hibernating,Low-cost reactivation campaign; survey to learn why they stopped buying.
CUST001947,145.0,2,102.05,2026-03-09,2026-04-08,2026-08-31,3,2,2,7,Promising,Nurture with targeted content; small incentive to drive a second order.
CUST001948,372.0,4,246.13,2025-02-15,2025-08-24,2026-08-31,2,3,4,9,At Risk,Reach out personally; time-boxed discount to prevent churn.
CUST001949,8.0,11,1897.9199999999998,2024-09-27,2026-08-23,2026-08-31,5,5,5,15,Champions,Reward with early access / loyalty perks; ask for referrals & reviews.
CUST001950,683.0,1,50.37,2024-10-17,2024-10-17,2026-08-31,1,1,2,4,Lost,Deprioritise spend; include only in broad low-cost re-engagement blasts.
CUST001951,17.0,7,5978.69,2025-12-06,2026-08-14,2026-08-31,5,4,5,14,Champions,Reward with early access / loyalty perks; ask for referrals & reviews.
CUST001952,101.0,10,1700.02,2024-11-21,2026-05-22,2026-08-31,4,5,5,14,Champions,Reward with early access / loyalty perks; ask for referrals & reviews.
CUST001953,363.0,2,124.57000000000001,2025-07-12,2025-09-02,2026-08-31,2,2,3,7,About To Sleep,Re-engagement email with personalised recommendations before they go cold.
CUST001954,22.0,12,7473.13,2024-09-03,2026-08-09,2026-08-31,5,5,5,15,Champions,Reward with early access / loyalty perks; ask for referrals & reviews.
CUST001955,605.0,1,126.31,2025-01-03,2025-01-03,2026-08-31,1,1,3,5,Lost,Deprioritise spend; include only in broad low-cost re-engagement blasts.
CUST001956,6.0,4,3006.0699999999997,2025-07-16,2026-08-25,2026-08-31,5,3,5,13,Potential Loyalists,Offer membership / subscription; personalised follow-up after purchase.
CUST001957,462.0,1,30.56,2025-05-26,2025-05-26,2026-08-31,1,1,1,3,Lost,Deprioritise spend; include only in broad low-cost re-engagement blasts.
CUST001958,89.0,8,544.72,2024-09-07,2026-06-03,2026-08-31,4,4,4,12,Champions,Reward with early access / loyalty perks; ask for referrals & reviews.
CUST001959,689.0,1,29.62,2024-10-11,2024-10-11,2026-08-31,1,1,1,3,Lost,Deprioritise spend; include only in broad low-cost re-engagement blasts.
CUST001960,,0,0.0,,,2026-08-31,,,,,No Purchase History,Investigate: no purchase history -- confirm signup funnel / re-engage with welcome offer.
CUST001961,118.0,1,262.52,2026-05-05,2026-05-05,2026-08-31,3,1,4,8,Promising,Nurture with targeted content; small incentive to drive a second order.
CUST001962,104.0,6,227.07,2025-08-17,2026-05-19,2026-08-31,4,4,4,12,Champions,Reward with early access / loyalty perks; ask for referrals & reviews.
CUST001963,558.0,1,86.08,2025-02-19,2025-02-19,2026-08-31,1,1,2,4,Lost,Deprioritise spend; include only in broad low-cost re-engagement blasts.
CUST001964,39.0,8,560.3,2024-09-25,2026-07-23,2026-08-31,5,4,4,13,Champions,Reward with early access / loyalty perks; ask for referrals & reviews.
CUST001965,459.0,1,26.33,2025-05-29,2025-05-29,2026-08-31,1,1,1,3,Lost,Deprioritise spend; include only in broad low-cost re-engagement blasts.
CUST001966,35.0,10,634.5699999999999,2025-04-01,2026-07-27,2026-08-31,5,5,4,14,Champions,Reward with early access / loyalty perks; ask for referrals & reviews.
CUST001967,110.0,1,18.13,2026-05-13,2026-05-13,2026-08-31,3,1,1,5,Promising,Nurture with targeted content; small incentive to drive a second order.
CUST001968,410.0,3,195.68,2025-05-08,2025-07-17,2026-08-31,2,3,3,8,At Risk,Reach out personally; time-boxed discount to prevent churn.
CUST001969,240.0,6,276.06,2025-04-02,2026-01-03,2026-08-31,2,4,4,10,At Risk,Reach out personally; time-boxed discount to prevent churn.
CUST001970,437.0,1,10.71,2025-06-20,2025-06-20,2026-08-31,2,1,1,4,About To Sleep,Re-engagement email with personalised recommendations before they go cold.
CUST001971,109.0,3,123.59,2025-12-01,2026-05-14,2026-08-31,3,3,3,9,Need Attention,Limited-time win-back offer; recommend based on past purchases.
CUST001972,33.0,9,5440.3099999999995,2025-08-05,2026-07-29,2026-08-31,5,5,5,15,Champions,Reward with early access / loyalty perks; ask for referrals & reviews.
CUST001973,36.0,1,589.27,2026-07-26,2026-07-26,2026-08-31,5,1,4,10,New Customers,Onboard well; send a strong second-purchase incentive within 30 days.
CUST001974,45.0,2,102.41,2026-04-08,2026-07-17,2026-08-31,5,2,2,9,Potential Loyalists,Offer membership / subscription; personalised follow-up after purchase.
CUST001975,32.0,12,832.99,2024-09-15,2026-07-30,2026-08-31,5,5,5,15,Champions,Reward with early access / loyalty perks; ask for referrals & reviews.
CUST001976,48.0,4,104.32000000000001,2026-02-14,2026-07-14,2026-08-31,4,3,2,9,Potential Loyalists,Offer membership / subscription; personalised follow-up after purchase.
CUST001977,37.0,6,577.6500000000001,2025-08-10,2026-07-25,2026-08-31,5,4,4,13,Champions,Reward with early access / loyalty perks; ask for referrals & reviews.
CUST001978,487.0,3,117.98,2024-11-29,2025-05-01,2026-08-31,1,3,3,7,At Risk,Reach out personally; time-boxed discount to prevent churn.
CUST001979,683.0,1,56.77,2024-10-17,2024-10-17,2026-08-31,1,1,2,4,Lost,Deprioritise spend; include only in broad low-cost re-engagement blasts.
CUST001980,141.0,5,246.96,2025-03-25,2026-04-12,2026-08-31,3,4,4,11,Loyal Customers,Upsell higher-value products; enrol in loyalty programme.
CUST001981,699.0,1,16.04,2024-10-01,2024-10-01,2026-08-31,1,1,1,3,Lost,Deprioritise spend; include only in broad low-cost re-engagement blasts.
CUST001982,136.0,5,277.75,2025-05-07,2026-04-17,2026-08-31,3,4,4,11,Loyal Customers,Upsell higher-value products; enrol in loyalty programme.
CUST001983,319.0,3,117.61,2025-07-22,2025-10-16,2026-08-31,2,3,3,8,At Risk,Reach out personally; time-boxed discount to prevent churn.
CUST001984,182.0,1,45.28,2026-03-02,2026-03-02,2026-08-31,3,1,1,5,Promising,Nurture with targeted content; small incentive to drive a second order.
CUST001985,417.0,1,2.99,2025-07-10,2025-07-10,2026-08-31,2,1,1,4,About To Sleep,Re-engagement email with personalised recommendations before they go cold.
CUST001986,526.0,2,70.07,2024-12-11,2025-03-23,2026-08-31,1,2,2,5,Hibernating,Low-cost reactivation campaign; survey to learn why they stopped buying.
CUST001987,148.0,4,329.17999999999995,2025-11-07,2026-04-05,2026-08-31,3,3,4,10,Need Attention,Limited-time win-back offer; recommend based on past purchases.
CUST001988,429.0,1,27.92,2025-06-28,2025-06-28,2026-08-31,2,1,1,4,About To Sleep,Re-engagement email with personalised recommendations before they go cold.
CUST001989,13.0,11,8476.7,2024-11-20,2026-08-18,2026-08-31,5,5,5,15,Champions,Reward with early access / loyalty perks; ask for referrals & reviews.
CUST001990,85.0,9,581.83,2024-10-21,2026-06-07,2026-08-31,4,5,4,13,Champions,Reward with early access / loyalty perks; ask for referrals & reviews.
CUST001991,5.0,12,918.6700000000001,2024-11-06,2026-08-26,2026-08-31,5,5,5,15,Champions,Reward with early access / loyalty perks; ask for referrals & reviews.
CUST001992,325.0,1,46.14,2025-10-10,2025-10-10,2026-08-31,2,1,1,4,About To Sleep,Re-engagement email with personalised recommendations before they go cold.
CUST001993,166.0,4,145.78,2025-09-09,2026-03-18,2026-08-31,3,3,3,9,Need Attention,Limited-time win-back offer; recommend based on past purchases.
CUST001994,79.0,8,681.15,2024-09-29,2026-06-13,2026-08-31,4,4,4,12,Champions,Reward with early access / loyalty perks; ask for referrals & reviews.
CUST001995,78.0,3,135.33,2025-12-30,2026-06-14,2026-08-31,4,3,3,10,Potential Loyalists,Offer membership / subscription; personalised follow-up after purchase.
CUST001996,351.0,2,67.37,2025-05-20,2025-09-14,2026-08-31,2,2,2,6,About To Sleep,Re-engagement email with personalised recommendations before they go cold.
CUST001997,132.0,2,107.04,2025-12-26,2026-04-21,2026-08-31,3,2,2,7,Promising,Nurture with targeted content; small incentive to drive a second order.
CUST001998,141.0,3,193.97,2026-01-04,2026-04-12,2026-08-31,3,3,3,9,Need Attention,Limited-time win-back offer; recommend based on past purchases.
CUST001999,508.0,1,68.01,2025-04-10,2025-04-10,2026-08-31,1,1,2,4,Lost,Deprioritise spend; include only in broad low-cost re-engagement blasts.
CUST002000,297.0,1,342.42,2025-11-07,2025-11-07,2026-08-31,2,1,4,7,About To Sleep,Re-engagement email with personalised recommendations before they go cold.
CUST002001,434.0,2,33.65,2025-05-21,2025-06-23,2026-08-31,2,2,1,5,About To Sleep,Re-engagement email with personalised recommendations before they go cold.
CUST002002,160.0,6,395.09,2025-05-07,2026-03-24,2026-08-31,3,4,4,11,Loyal Customers,Upsell higher-value products; enrol in loyalty programme.
CUST002003,22.0,11,5809.66,2024-09-07,2026-08-09,2026-08-31,5,5,5,15,Champions,Reward with early access / loyalty perks; ask for referrals & reviews.
CUST002004,658.0,1,56.1,2024-11-11,2024-11-11,2026-08-31,1,1,2,4,Lost,Deprioritise spend; include only in broad low-cost re-engagement blasts.
CUST002005,5.0,13,1508.84,2024-09-13,2026-08-26,2026-08-31,5,5,5,15,Champions,Reward with early access / loyalty perks; ask for referrals & reviews.
CUST002006,446.0,3,93.06,2024-12-06,2025-06-11,2026-08-31,2,3,2,7,Hibernating,Low-cost reactivation campaign; survey to learn why they stopped buying.
CUST002007,75.0,2,57.49,2026-04-11,2026-06-17,2026-08-31,4,2,2,8,Potential Loyalists,Offer membership / subscription; personalised follow-up after purchase.
CUST002008,59.0,9,494.57,2024-12-07,2026-07-03,2026-08-31,4,5,4,13,Champions,Reward with early access / loyalty perks; ask for referrals & reviews.
CUST002009,6.0,15,985.53,2024-10-18,2026-08-25,2026-08-31,5,5,5,15,Champions,Reward with early access / loyalty perks; ask for referrals & reviews.
CUST002010,73.0,1,125.28,2026-06-19,2026-06-19,2026-08-31,4,1,3,8,New Customers,Onboard well; send a strong second-purchase incentive within 30 days.
CUST002011,24.0,11,1463.47,2024-10-28,2026-08-07,2026-08-31,5,5,5,15,Champions,Reward with early access / loyalty perks; ask for referrals & reviews.
CUST002012,124.0,2,44.8,2025-12-31,2026-04-29,2026-08-31,3,2,1,6,Promising,Nurture with targeted content; small incentive to drive a second order.
CUST002013,10.0,9,755.53,2024-10-02,2026-08-21,2026-08-31,5,5,5,15,Champions,Reward with early access / loyalty perks; ask for referrals & reviews.
CUST002014,171.0,4,171.67,2025-06-08,2026-03-13,2026-08-31,3,3,3,9,Need Attention,Limited-time win-back offer; recommend based on past purchases.
CUST002015,157.0,2,33.0,2025-11-17,2026-03-27,2026-08-31,3,2,1,6,Promising,Nurture with targeted content; small incentive to drive a second order.
CUST002016,193.0,1,150.0,2026-02-19,2026-02-19,2026-08-31,3,1,3,7,Promising,Nurture with targeted content; small incentive to drive a second order.
CUST002017,104.0,4,227.38,2025-08-19,2026-05-19,2026-08-31,4,3,4,11,Potential Loyalists,Offer membership / subscription; personalised follow-up after purchase.
CUST002018,40.0,10,1637.2,2024-11-17,2026-07-22,2026-08-31,5,5,5,15,Champions,Reward with early access / loyalty perks; ask for referrals & reviews.
CUST002019,607.0,1,25.86,2025-01-01,2025-01-01,2026-08-31,1,1,1,3,Lost,Deprioritise spend; include only in broad low-cost re-engagement blasts.
CUST002020,213.0,2,85.03,2025-04-22,2026-01-30,2026-08-31,3,2,2,7,Promising,Nurture with targeted content; small incentive to drive a second order.
CUST002021,242.0,1,17.17,2026-01-01,2026-01-01,2026-08-31,2,1,1,4,About To Sleep,Re-engagement email with personalised recommendations before they go cold.
CUST002022,79.0,12,887.17,2024-08-31,2026-06-13,2026-08-31,4,5,5,14,Champions,Reward with early access / loyalty perks; ask for referrals & reviews.
CUST002023,26.0,10,1261.6,2024-10-19,2026-08-05,2026-08-31,5,5,5,15,Champions,Reward with early access / loyalty perks; ask for referrals & reviews.
CUST002024,234.0,3,398.88,2025-10-02,2026-01-09,2026-08-31,2,3,4,9,At Risk,Reach out personally; time-boxed discount to prevent churn.
CUST002025,39.0,3,157.91,2026-05-19,2026-07-23,2026-08-31,5,3,3,11,Potential Loyalists,Offer membership / subscription; personalised follow-up after purchase.
CUST002026,120.0,2,56.980000000000004,2026-02-12,2026-05-03,2026-08-31,3,2,2,7,Promising,Nurture with targeted content; small incentive to drive a second order.
CUST002027,579.0,1,23.51,2025-01-29,2025-01-29,2026-08-31,1,1,1,3,Lost,Deprioritise spend; include only in broad low-cost re-engagement blasts.
CUST002028,167.0,5,204.92000000000002,2025-06-30,2026-03-17,2026-08-31,3,4,3,10,Loyal Customers,Upsell higher-value products; enrol in loyalty programme.
CUST002029,436.0,1,46.07,2025-06-21,2025-06-21,2026-08-31,2,1,1,4,About To Sleep,Re-engagement email with personalised recommendations before they go cold.
CUST002030,479.0,1,219.27,2025-05-09,2025-05-09,2026-08-31,1,1,3,5,Lost,Deprioritise spend; include only in broad low-cost re-engagement blasts.
CUST002031,21.0,11,1129.02,2024-09-19,2026-08-10,2026-08-31,5,5,5,15,Champions,Reward with early access / loyalty perks; ask for referrals & reviews.
CUST002032,75.0,1,244.12,2026-06-17,2026-06-17,2026-08-31,4,1,4,9,New Customers,Onboard well; send a strong second-purchase incentive within 30 days.
CUST002033,39.0,4,158.74,2026-02-01,2026-07-23,2026-08-31,5,3,3,11,Potential Loyalists,Offer membership / subscription; personalised follow-up after purchase.
CUST002034,201.0,4,207.15,2025-06-07,2026-02-11,2026-08-31,3,3,3,9,Need Attention,Limited-time win-back offer; recommend based on past purchases.
CUST002035,77.0,7,403.0,2025-03-25,2026-06-15,2026-08-31,4,4,4,12,Champions,Reward with early access / loyalty perks; ask for referrals & reviews.
CUST002036,568.0,3,60.28,2024-12-19,2025-02-09,2026-08-31,1,3,2,6,Hibernating,Low-cost reactivation campaign; survey to learn why they stopped buying.
CUST002037,317.0,1,29.34,2025-10-18,2025-10-18,2026-08-31,2,1,1,4,About To Sleep,Re-engagement email with personalised recommendations before they go cold.
CUST002038,23.0,14,1899.13,2024-09-26,2026-08-08,2026-08-31,5,5,5,15,Champions,Reward with early access / loyalty perks; ask for referrals & reviews.
CUST002039,640.0,1,20.2,2024-11-29,2024-11-29,2026-08-31,1,1,1,3,Lost,Deprioritise spend; include only in broad low-cost re-engagement blasts.
CUST002040,563.0,1,21.04,2025-02-14,2025-02-14,2026-08-31,1,1,1,3,Lost,Deprioritise spend; include only in broad low-cost re-engagement blasts.
CUST002041,221.0,2,182.89,2025-12-08,2026-01-22,2026-08-31,2,2,3,7,About To Sleep,Re-engagement email with personalised recommendations before they go cold.
CUST002042,,0,0.0,,,2026-08-31,,,,,No Purchase History,Investigate: no purchase history -- confirm signup funnel / re-engage with welcome offer.
CUST002043,687.0,1,41.26,2024-10-13,2024-10-13,2026-08-31,1,1,1,3,Lost,Deprioritise spend; include only in broad low-cost re-engagement blasts.
CUST002044,394.0,1,11.92,2025-08-02,2025-08-02,2026-08-31,2,1,1,4,About To Sleep,Re-engagement email with personalised recommendations before they go cold.
CUST002045,20.0,8,4088.42,2025-07-19,2026-08-11,2026-08-31,5,4,5,14,Champions,Reward with early access / loyalty perks; ask for referrals & reviews.
CUST002046,29.0,12,1233.55,2024-09-03,2026-08-02,2026-08-31,5,5,5,15,Champions,Reward with early access / loyalty perks; ask for referrals & reviews.
CUST002047,39.0,2,149.54,2026-04-29,2026-07-23,2026-08-31,5,2,3,10,Potential Loyalists,Offer membership / subscription; personalised follow-up after purchase.
CUST002048,,0,0.0,,,2026-08-31,,,,,No Purchase History,Investigate: no purchase history -- confirm signup funnel / re-engage with welcome offer.
CUST002049,18.0,12,823.9,2024-09-16,2026-08-13,2026-08-31,5,5,5,15,Champions,Reward with early access / loyalty perks; ask for referrals & reviews.
CUST002050,158.0,2,93.08000000000001,2026-02-18,2026-03-26,2026-08-31,3,2,2,7,Promising,Nurture with targeted content; small incentive to drive a second order.
CUST002051,23.0,10,7747.03,2025-04-17,2026-08-08,2026-08-31,5,5,5,15,Champions,Reward with early access / loyalty perks; ask for referrals & reviews.
CUST002052,17.0,14,1810.37,2024-11-17,2026-08-14,2026-08-31,5,5,5,15,Champions,Reward with early access / loyalty perks; ask for referrals & reviews.
CUST002053,168.0,2,83.68,2026-02-28,2026-03-16,2026-08-31,3,2,2,7,Promising,Nurture with targeted content; small incentive to drive a second order.
CUST002054,558.0,2,96.01,2025-01-10,2025-02-19,2026-08-31,1,2,2,5,Hibernating,Low-cost reactivation campaign; survey to learn why they stopped buying.
CUST002055,145.0,5,168.48,2025-06-13,2026-04-08,2026-08-31,3,4,3,10,Loyal Customers,Upsell higher-value products; enrol in loyalty programme.
CUST002056,34.0,5,254.82,2025-10-03,2026-07-28,2026-08-31,5,4,4,13,Champions,Reward with early access / loyalty perks; ask for referrals & reviews.
CUST002057,14.0,10,6864.05,2025-04-27,2026-08-17,2026-08-31,5,5,5,15,Champions,Reward with early access / loyalty perks; ask for referrals & reviews.
CUST002058,79.0,3,110.62,2026-05-17,2026-06-13,2026-08-31,4,3,3,10,Potential Loyalists,Offer membership / subscription; personalised follow-up after purchase.
CUST002059,67.0,11,1271.26,2024-12-07,2026-06-25,2026-08-31,4,5,5,14,Champions,Reward with early access / loyalty perks; ask for referrals & reviews.
CUST002060,25.0,10,1422.67,2024-10-03,2026-08-06,2026-08-31,5,5,5,15,Champions,Reward with early access / loyalty perks; ask for referrals & reviews.
CUST002061,375.0,1,43.96,2025-08-21,2025-08-21,2026-08-31,2,1,1,4,About To Sleep,Re-engagement email with personalised recommendations before they go cold.
CUST002062,124.0,6,228.41,2025-07-06,2026-04-29,2026-08-31,3,4,4,11,Loyal Customers,Upsell higher-value products; enrol in loyalty programme.
CUST002063,325.0,1,204.84,2025-10-10,2025-10-10,2026-08-31,2,1,3,6,About To Sleep,Re-engagement email with personalised recommendations before they go cold.
CUST002064,81.0,8,506.78000000000003,2024-10-15,2026-06-11,2026-08-31,4,4,4,12,Champions,Reward with early access / loyalty perks; ask for referrals & reviews.
CUST002065,181.0,6,238.06,2025-03-27,2026-03-03,2026-08-31,3,4,4,11,Loyal Customers,Upsell higher-value products; enrol in loyalty programme.
CUST002066,466.0,3,99.83,2024-12-12,2025-05-22,2026-08-31,1,3,2,6,Hibernating,Low-cost reactivation campaign; survey to learn why they stopped buying.
CUST002067,350.0,1,47.71,2025-09-15,2025-09-15,2026-08-31,2,1,2,5,About To Sleep,Re-engagement email with personalised recommendations before they go cold.
CUST002068,19.0,8,6058.28,2025-05-12,2026-08-12,2026-08-31,5,4,5,14,Champions,Reward with early access / loyalty perks; ask for referrals & reviews.
CUST002069,50.0,6,205.48,2025-11-13,2026-07-12,2026-08-31,4,4,3,11,Loyal Customers,Upsell higher-value products; enrol in loyalty programme.
CUST002070,15.0,1,29.39,2026-08-16,2026-08-16,2026-08-31,5,1,1,7,New Customers,Onboard well; send a strong second-purchase incentive within 30 days.
CUST002071,414.0,1,24.08,2025-07-13,2025-07-13,2026-08-31,2,1,1,4,About To Sleep,Re-engagement email with personalised recommendations before they go cold.
CUST002072,187.0,5,349.49,2025-01-10,2026-02-25,2026-08-31,3,4,4,11,Loyal Customers,Upsell higher-value products; enrol in loyalty programme.
CUST002073,228.0,2,66.41,2025-10-24,2026-01-15,2026-08-31,2,2,2,6,About To Sleep,Re-engagement email with personalised recommendations before they go cold.
CUST002074,590.0,2,119.31,2024-12-01,2025-01-18,2026-08-31,1,2,3,6,Need Attention,Limited-time win-back offer; recommend based on past purchases.
CUST002075,212.0,5,185.20999999999998,2025-07-27,2026-01-31,2026-08-31,3,4,3,10,Loyal Customers,Upsell higher-value products; enrol in loyalty programme.
CUST002076,639.0,1,13.71,2024-11-30,2024-11-30,2026-08-31,1,1,1,3,Lost,Deprioritise spend; include only in broad low-cost re-engagement blasts.
CUST002077,39.0,11,6719.2,2025-02-07,2026-07-23,2026-08-31,5,5,5,15,Champions,Reward with early access / loyalty perks; ask for referrals & reviews.
CUST002078,5.0,9,698.12,2025-06-24,2026-08-26,2026-08-31,5,5,4,14,Champions,Reward with early access / loyalty perks; ask for referrals & reviews.
CUST002079,165.0,3,265.65999999999997,2025-09-25,2026-03-19,2026-08-31,3,3,4,10,Need Attention,Limited-time win-back offer; recommend based on past purchases.
CUST002080,39.0,13,1427.17,2024-09-19,2026-07-23,2026-08-31,5,5,5,15,Champions,Reward with early access / loyalty perks; ask for referrals & reviews.
CUST002081,129.0,2,114.7,2026-01-11,2026-04-24,2026-08-31,3,2,3,8,Promising,Nurture with targeted content; small incentive to drive a second order.
CUST002082,109.0,6,335.68,2025-07-29,2026-05-14,2026-08-31,3,4,4,11,Loyal Customers,Upsell higher-value products; enrol in loyalty programme.
CUST002083,420.0,1,13.12,2025-07-07,2025-07-07,2026-08-31,2,1,1,4,About To Sleep,Re-engagement email with personalised recommendations before they go cold.
CUST002084,50.0,12,1033.82,2024-10-02,2026-07-12,2026-08-31,4,5,5,14,Champions,Reward with early access / loyalty perks; ask for referrals & reviews.
CUST002085,480.0,1,35.53,2025-05-08,2025-05-08,2026-08-31,1,1,1,3,Lost,Deprioritise spend; include only in broad low-cost re-engagement blasts.
CUST002086,54.0,5,305.53,2025-05-10,2026-07-08,2026-08-31,4,4,4,12,Champions,Reward with early access / loyalty perks; ask for referrals & reviews.
CUST002087,33.0,4,140.79999999999998,2025-11-10,2026-07-29,2026-08-31,5,3,3,11,Potential Loyalists,Offer membership / subscription; personalised follow-up after purchase.
CUST002088,99.0,5,109.95,2025-10-15,2026-05-24,2026-08-31,4,4,3,11,Loyal Customers,Upsell higher-value products; enrol in loyalty programme.
CUST002089,632.0,1,16.72,2024-12-07,2024-12-07,2026-08-31,1,1,1,3,Lost,Deprioritise spend; include only in broad low-cost re-engagement blasts.
CUST002090,40.0,3,152.23000000000002,2025-12-19,2026-07-22,2026-08-31,5,3,3,11,Potential Loyalists,Offer membership / subscription; personalised follow-up after purchase.
CUST002091,126.0,6,247.04000000000002,2025-05-03,2026-04-27,2026-08-31,3,4,4,11,Loyal Customers,Upsell higher-value products; enrol in loyalty programme.
CUST002092,498.0,3,143.32999999999998,2024-10-05,2025-04-20,2026-08-31,1,3,3,7,At Risk,Reach out personally; time-boxed discount to prevent churn.
CUST002093,641.0,1,25.99,2024-11-28,2024-11-28,2026-08-31,1,1,1,3,Lost,Deprioritise spend; include only in broad low-cost re-engagement blasts.
CUST002094,216.0,4,221.01,2025-06-26,2026-01-27,2026-08-31,3,3,3,9,Need Attention,Limited-time win-back offer; recommend based on past purchases.
CUST002095,427.0,2,66.92999999999999,2025-06-20,2025-06-30,2026-08-31,2,2,2,6,About To Sleep,Re-engagement email with personalised recommendations before they go cold.
CUST002096,89.0,4,279.92,2025-12-09,2026-06-03,2026-08-31,4,3,4,11,Potential Loyalists,Offer membership / subscription; personalised follow-up after purchase.
CUST002097,29.0,10,1020.92,2024-10-14,2026-08-02,2026-08-31,5,5,5,15,Champions,Reward with early access / loyalty perks; ask for referrals & reviews.
CUST002098,208.0,2,148.79,2025-11-15,2026-02-04,2026-08-31,3,2,3,8,Promising,Nurture with targeted content; small incentive to drive a second order.
CUST002099,15.0,16,1190.29,2024-10-04,2026-08-16,2026-08-31,5,5,5,15,Champions,Reward with early access / loyalty perks; ask for referrals & reviews.
CUST002100,177.0,4,154.13,2025-07-24,2026-03-07,2026-08-31,3,3,3,9,Need Attention,Limited-time win-back offer; recommend based on past purchases.
CUST002101,460.0,1,10.68,2025-05-28,2025-05-28,2026-08-31,1,1,1,3,Lost,Deprioritise spend; include only in broad low-cost re-engagement blasts.
CUST002102,87.0,7,501.88,2024-11-04,2026-06-05,2026-08-31,4,4,4,12,Champions,Reward with early access / loyalty perks; ask for referrals & reviews.
CUST002103,572.0,3,213.77,2024-09-20,2025-02-05,2026-08-31,1,3,3,7,At Risk,Reach out personally; time-boxed discount to prevent churn.
CUST002104,351.0,1,18.22,2025-09-14,2025-09-14,2026-08-31,2,1,1,4,About To Sleep,Re-engagement email with personalised recommendations before they go cold.
CUST002105,225.0,1,214.37,2026-01-18,2026-01-18,2026-08-31,2,1,3,6,About To Sleep,Re-engagement email with personalised recommendations before they go cold.
CUST002106,244.0,1,29.43,2025-12-30,2025-12-30,2026-08-31,2,1,1,4,About To Sleep,Re-engagement email with personalised recommendations before they go cold.
CUST002107,112.0,1,102.55,2026-05-11,2026-05-11,2026-08-31,3,1,2,6,Promising,Nurture with targeted content; small incentive to drive a second order.
CUST002108,21.0,12,7198.56,2024-09-12,2026-08-10,2026-08-31,5,5,5,15,Champions,Reward with early access / loyalty perks; ask for referrals & reviews.
CUST002109,225.0,3,79.84,2025-11-13,2026-01-18,2026-08-31,2,3,2,7,Hibernating,Low-cost reactivation campaign; survey to learn why they stopped buying.
CUST002110,61.0,11,814.29,2024-10-29,2026-07-01,2026-08-31,4,5,5,14,Champions,Reward with early access / loyalty perks; ask for referrals & reviews.
CUST002111,137.0,1,17.59,2026-04-16,2026-04-16,2026-08-31,3,1,1,5,Promising,Nurture with targeted content; small incentive to drive a second order.
CUST002112,29.0,1,41.26,2026-08-02,2026-08-02,2026-08-31,5,1,1,7,New Customers,Onboard well; send a strong second-purchase incentive within 30 days.
CUST002113,19.0,13,1103.76,2024-10-09,2026-08-12,2026-08-31,5,5,5,15,Champions,Reward with early access / loyalty perks; ask for referrals & reviews.
CUST002114,536.0,1,43.93,2025-03-13,2025-03-13,2026-08-31,1,1,1,3,Lost,Deprioritise spend; include only in broad low-cost re-engagement blasts.
CUST002115,156.0,8,1136.24,2024-11-16,2026-03-28,2026-08-31,3,4,5,12,Loyal Customers,Upsell higher-value products; enrol in loyalty programme.
CUST002116,607.0,2,86.12,2024-10-27,2025-01-01,2026-08-31,1,2,2,5,Hibernating,Low-cost reactivation campaign; survey to learn why they stopped buying.
CUST002117,178.0,2,69.32,2026-02-08,2026-03-06,2026-08-31,3,2,2,7,Promising,Nurture with targeted content; small incentive to drive a second order.
CUST002118,10.0,12,1441.69,2024-09-22,2026-08-21,2026-08-31,5,5,5,15,Champions,Reward with early access / loyalty perks; ask for referrals & reviews.
CUST002119,59.0,13,802.77,2024-11-05,2026-07-03,2026-08-31,4,5,5,14,Champions,Reward with early access / loyalty perks; ask for referrals & reviews.
CUST002120,62.0,3,123.84,2025-10-28,2026-06-30,2026-08-31,4,3,3,10,Potential Loyalists,Offer membership / subscription; personalised follow-up after purchase.
CUST002121,234.0,2,163.14,2025-09-17,2026-01-09,2026-08-31,2,2,3,7,About To Sleep,Re-engagement email with personalised recommendations before they go cold.
CUST002122,4.0,12,2480.14,2024-09-17,2026-08-27,2026-08-31,5,5,5,15,Champions,Reward with early access / loyalty perks; ask for referrals & reviews.
CUST002123,122.0,2,64.43,2026-02-04,2026-05-01,2026-08-31,3,2,2,7,Promising,Nurture with targeted content; small incentive to drive a second order.
CUST002124,9.0,10,789.96,2024-09-09,2026-08-22,2026-08-31,5,5,5,15,Champions,Reward with early access / loyalty perks; ask for referrals & reviews.
CUST002125,76.0,5,328.76,2025-10-08,2026-06-16,2026-08-31,4,4,4,12,Champions,Reward with early access / loyalty perks; ask for referrals & reviews.
CUST002126,136.0,3,182.01000000000002,2025-06-05,2026-04-17,2026-08-31,3,3,3,9,Need Attention,Limited-time win-back offer; recommend based on past purchases.
CUST002127,202.0,5,182.11,2025-05-11,2026-02-10,2026-08-31,3,4,3,10,Loyal Customers,Upsell higher-value products; enrol in loyalty programme.
CUST002128,153.0,4,253.23999999999998,2025-12-15,2026-03-31,2026-08-31,3,3,4,10,Need Attention,Limited-time win-back offer; recommend based on past purchases.
CUST002129,25.0,9,527.14,2024-10-13,2026-08-06,2026-08-31,5,5,4,14,Champions,Reward with early access / loyalty perks; ask for referrals & reviews.
CUST002130,133.0,9,1524.27,2024-12-26,2026-04-20,2026-08-31,3,5,5,13,Loyal Customers,Upsell higher-value products; enrol in loyalty programme.
CUST002131,94.0,2,138.16000000000003,2026-02-25,2026-05-29,2026-08-31,4,2,3,9,Potential Loyalists,Offer membership / subscription; personalised follow-up after purchase.
CUST002132,552.0,3,69.63,2024-11-26,2025-02-25,2026-08-31,1,3,2,6,Hibernating,Low-cost reactivation campaign; survey to learn why they stopped buying.
CUST002133,12.0,10,8472.18,2024-10-23,2026-08-19,2026-08-31,5,5,5,15,Champions,Reward with early access / loyalty perks; ask for referrals & reviews.
CUST002134,532.0,3,133.25,2024-11-23,2025-03-17,2026-08-31,1,3,3,7,At Risk,Reach out personally; time-boxed discount to prevent churn.
CUST002135,657.0,1,36.33,2024-11-12,2024-11-12,2026-08-31,1,1,1,3,Lost,Deprioritise spend; include only in broad low-cost re-engagement blasts.
CUST002136,183.0,1,36.01,2026-03-01,2026-03-01,2026-08-31,3,1,1,5,Promising,Nurture with targeted content; small incentive to drive a second order.
CUST002137,224.0,2,140.88,2025-10-29,2026-01-19,2026-08-31,2,2,3,7,About To Sleep,Re-engagement email with personalised recommendations before they go cold.
CUST002138,305.0,3,89.19999999999999,2025-06-22,2025-10-30,2026-08-31,2,3,2,7,Hibernating,Low-cost reactivation campaign; survey to learn why they stopped buying.
CUST002139,663.0,2,60.67,2024-09-20,2024-11-06,2026-08-31,1,2,2,5,Hibernating,Low-cost reactivation campaign; survey to learn why they stopped buying.
CUST002140,661.0,2,51.78,2024-10-13,2024-11-08,2026-08-31,1,2,2,5,Hibernating,Low-cost reactivation campaign; survey to learn why they stopped buying.
CUST002141,457.0,4,188.81,2024-12-27,2025-05-31,2026-08-31,2,3,3,8,At Risk,Reach out personally; time-boxed discount to prevent churn.
CUST002142,201.0,4,294.96,2025-12-08,2026-02-11,2026-08-31,3,3,4,10,Need Attention,Limited-time win-back offer; recommend based on past purchases.
CUST002143,558.0,2,100.07,2025-01-04,2025-02-19,2026-08-31,1,2,2,5,Hibernating,Low-cost reactivation campaign; survey to learn why they stopped buying.
CUST002144,436.0,4,287.51,2024-10-26,2025-06-21,2026-08-31,2,3,4,9,At Risk,Reach out personally; time-boxed discount to prevent churn.
CUST002145,63.0,5,206.8,2026-02-12,2026-06-29,2026-08-31,4,4,3,11,Loyal Customers,Upsell higher-value products; enrol in loyalty programme.
CUST002146,489.0,3,223.62,2025-01-29,2025-04-29,2026-08-31,1,3,3,7,At Risk,Reach out personally; time-boxed discount to prevent churn.
CUST002147,49.0,15,1087.86,2024-12-09,2026-07-13,2026-08-31,4,5,5,14,Champions,Reward with early access / loyalty perks; ask for referrals & reviews.
CUST002148,39.0,13,10226.15,2024-09-18,2026-07-23,2026-08-31,5,5,5,15,Champions,Reward with early access / loyalty perks; ask for referrals & reviews.
CUST002149,568.0,1,69.91,2025-02-09,2025-02-09,2026-08-31,1,1,2,4,Lost,Deprioritise spend; include only in broad low-cost re-engagement blasts.
CUST002150,18.0,8,633.04,2025-04-16,2026-08-13,2026-08-31,5,4,4,13,Champions,Reward with early access / loyalty perks; ask for referrals & reviews.
CUST002151,26.0,1,18.42,2026-08-05,2026-08-05,2026-08-31,5,1,1,7,New Customers,Onboard well; send a strong second-purchase incentive within 30 days.
CUST002152,12.0,15,1862.99,2024-10-14,2026-08-19,2026-08-31,5,5,5,15,Champions,Reward with early access / loyalty perks; ask for referrals & reviews.
CUST002153,630.0,2,218.05,2024-10-09,2024-12-09,2026-08-31,1,2,3,6,Need Attention,Limited-time win-back offer; recommend based on past purchases.
CUST002154,674.0,2,34.29,2024-09-09,2024-10-26,2026-08-31,1,2,1,4,Hibernating,Low-cost reactivation campaign; survey to learn why they stopped buying.
CUST002155,675.0,1,93.53,2024-10-25,2024-10-25,2026-08-31,1,1,2,4,Lost,Deprioritise spend; include only in broad low-cost re-engagement blasts.
CUST002156,607.0,1,73.15,2025-01-01,2025-01-01,2026-08-31,1,1,2,4,Lost,Deprioritise spend; include only in broad low-cost re-engagement blasts.
CUST002157,51.0,9,739.41,2025-04-13,2026-07-11,2026-08-31,4,5,4,13,Champions,Reward with early access / loyalty perks; ask for referrals & reviews.
CUST002158,74.0,6,282.23,2025-08-28,2026-06-18,2026-08-31,4,4,4,12,Champions,Reward with early access / loyalty perks; ask for referrals & reviews.
CUST002159,234.0,4,211.42000000000002,2025-06-01,2026-01-09,2026-08-31,2,3,3,8,At Risk,Reach out personally; time-boxed discount to prevent churn.
CUST002160,9.0,10,1037.42,2024-09-18,2026-08-22,2026-08-31,5,5,5,15,Champions,Reward with early access / loyalty perks; ask for referrals & reviews.
CUST002161,168.0,6,259.85,2025-05-25,2026-03-16,2026-08-31,3,4,4,11,Loyal Customers,Upsell higher-value products; enrol in loyalty programme.
CUST002162,115.0,3,94.85,2026-01-03,2026-05-08,2026-08-31,3,3,2,8,Need Attention,Limited-time win-back offer; recommend based on past purchases.
CUST002163,52.0,3,78.86,2026-01-30,2026-07-10,2026-08-31,4,3,2,9,Potential Loyalists,Offer membership / subscription; personalised follow-up after purchase.
CUST002164,112.0,2,116.42,2026-01-18,2026-05-11,2026-08-31,3,2,3,8,Promising,Nurture with targeted content; small incentive to drive a second order.
CUST002165,502.0,3,123.7,2024-12-15,2025-04-16,2026-08-31,1,3,3,7,At Risk,Reach out personally; time-boxed discount to prevent churn.
CUST002166,37.0,5,287.4,2025-08-04,2026-07-25,2026-08-31,5,4,4,13,Champions,Reward with early access / loyalty perks; ask for referrals & reviews.
CUST002167,347.0,3,140.55,2025-03-25,2025-09-18,2026-08-31,2,3,3,8,At Risk,Reach out personally; time-boxed discount to prevent churn.
CUST002168,93.0,2,74.85,2026-04-29,2026-05-30,2026-08-31,4,2,2,8,Potential Loyalists,Offer membership / subscription; personalised follow-up after purchase.
CUST002169,102.0,5,179.24,2025-12-18,2026-05-21,2026-08-31,4,4,3,11,Loyal Customers,Upsell higher-value products; enrol in loyalty programme.
CUST002170,272.0,1,47.46,2025-12-02,2025-12-02,2026-08-31,2,1,2,5,About To Sleep,Re-engagement email with personalised recommendations before they go cold.
CUST002171,56.0,2,129.60999999999999,2026-03-20,2026-07-06,2026-08-31,4,2,3,9,Potential Loyalists,Offer membership / subscription; personalised follow-up after purchase.
CUST002172,143.0,3,93.78,2025-10-08,2026-04-10,2026-08-31,3,3,2,8,Need Attention,Limited-time win-back offer; recommend based on past purchases.
CUST002173,261.0,1,28.38,2025-12-13,2025-12-13,2026-08-31,2,1,1,4,About To Sleep,Re-engagement email with personalised recommendations before they go cold.
CUST002174,73.0,9,663.13,2025-05-09,2026-06-19,2026-08-31,4,5,4,13,Champions,Reward with early access / loyalty perks; ask for referrals & reviews.
CUST002175,196.0,5,196.38,2025-04-03,2026-02-16,2026-08-31,3,4,3,10,Loyal Customers,Upsell higher-value products; enrol in loyalty programme.
CUST002176,263.0,1,14.94,2025-12-11,2025-12-11,2026-08-31,2,1,1,4,About To Sleep,Re-engagement email with personalised recommendations before they go cold.
CUST002177,234.0,3,154.35,2025-09-03,2026-01-09,2026-08-31,2,3,3,8,At Risk,Reach out personally; time-boxed discount to prevent churn.
CUST002178,428.0,2,60.599999999999994,2025-03-28,2025-06-29,2026-08-31,2,2,2,6,About To Sleep,Re-engagement email with personalised recommendations before they go cold.
CUST002179,59.0,4,380.47,2026-01-05,2026-07-03,2026-08-31,4,3,4,11,Potential Loyalists,Offer membership / subscription; personalised follow-up after purchase.
CUST002180,21.0,10,5831.0,2024-12-17,2026-08-10,2026-08-31,5,5,5,15,Champions,Reward with early access / loyalty perks; ask for referrals & reviews.
CUST002181,512.0,4,452.78999999999996,2024-09-07,2025-04-06,2026-08-31,1,3,4,8,At Risk,Reach out personally; time-boxed discount to prevent churn.
CUST002182,29.0,5,3839.15,2025-07-23,2026-08-02,2026-08-31,5,4,5,14,Champions,Reward with early access / loyalty perks; ask for referrals & reviews.
CUST002183,457.0,1,88.67,2025-05-31,2025-05-31,2026-08-31,2,1,2,5,About To Sleep,Re-engagement email with personalised recommendations before they go cold.
CUST002184,21.0,9,452.57,2024-11-18,2026-08-10,2026-08-31,5,5,4,14,Champions,Reward with early access / loyalty perks; ask for referrals & reviews.
CUST002185,568.0,1,74.83,2025-02-09,2025-02-09,2026-08-31,1,1,2,4,Lost,Deprioritise spend; include only in broad low-cost re-engagement blasts.
CUST002186,55.0,9,504.92,2024-10-04,2026-07-07,2026-08-31,4,5,4,13,Champions,Reward with early access / loyalty perks; ask for referrals & reviews.
CUST002187,390.0,2,47.480000000000004,2025-04-13,2025-08-06,2026-08-31,2,2,2,6,About To Sleep,Re-engagement email with personalised recommendations before they go cold.
CUST002188,290.0,1,45.68,2025-11-14,2025-11-14,2026-08-31,2,1,1,4,About To Sleep,Re-engagement email with personalised recommendations before they go cold.
CUST002189,80.0,3,151.5,2026-02-05,2026-06-12,2026-08-31,4,3,3,10,Potential Loyalists,Offer membership / subscription; personalised follow-up after purchase.
CUST002190,674.0,1,30.98,2024-10-26,2024-10-26,2026-08-31,1,1,1,3,Lost,Deprioritise spend; include only in broad low-cost re-engagement blasts.
CUST002191,85.0,9,502.39,2025-03-17,2026-06-07,2026-08-31,4,5,4,13,Champions,Reward with early access / loyalty perks; ask for referrals & reviews.
CUST002192,328.0,1,41.05,2025-10-07,2025-10-07,2026-08-31,2,1,1,4,About To Sleep,Re-engagement email with personalised recommendations before they go cold.
CUST002193,346.0,1,41.82,2025-09-19,2025-09-19,2026-08-31,2,1,1,4,About To Sleep,Re-engagement email with personalised recommendations before they go cold.
CUST002194,42.0,12,1525.25,2024-12-04,2026-07-20,2026-08-31,5,5,5,15,Champions,Reward with early access / loyalty perks; ask for referrals & reviews.
CUST002195,166.0,1,40.26,2026-03-18,2026-03-18,2026-08-31,3,1,1,5,Promising,Nurture with targeted content; small incentive to drive a second order.
CUST002196,563.0,3,68.07,2024-10-29,2025-02-14,2026-08-31,1,3,2,6,Hibernating,Low-cost reactivation campaign; survey to learn why they stopped buying.
CUST002197,19.0,9,562.1800000000001,2024-10-07,2026-08-12,2026-08-31,5,5,4,14,Champions,Reward with early access / loyalty perks; ask for referrals & reviews.
CUST002198,317.0,1,16.43,2025-10-18,2025-10-18,2026-08-31,2,1,1,4,About To Sleep,Re-engagement email with personalised recommendations before they go cold.
CUST002199,126.0,5,161.68,2025-07-07,2026-04-27,2026-08-31,3,4,3,10,Loyal Customers,Upsell higher-value products; enrol in loyalty programme.
CUST002200,655.0,1,31.64,2024-11-14,2024-11-14,2026-08-31,1,1,1,3,Lost,Deprioritise spend; include only in broad low-cost re-engagement blasts.
CUST002201,84.0,7,464.51,2025-05-12,2026-06-08,2026-08-31,4,4,4,12,Champions,Reward with early access / loyalty perks; ask for referrals & reviews.
CUST002202,451.0,3,188.06,2024-12-23,2025-06-06,2026-08-31,2,3,3,8,At Risk,Reach out personally; time-boxed discount to prevent churn.
CUST002203,499.0,4,130.64,2024-10-04,2025-04-19,2026-08-31,1,3,3,7,At Risk,Reach out personally; time-boxed discount to prevent churn.
CUST002204,57.0,13,918.45,2024-11-01,2026-07-05,2026-08-31,4,5,5,14,Champions,Reward with early access / loyalty perks; ask for referrals & reviews.
CUST002205,152.0,6,489.21000000000004,2025-03-26,2026-04-01,2026-08-31,3,4,4,11,Loyal Customers,Upsell higher-value products; enrol in loyalty programme.
CUST002206,516.0,1,113.37,2025-04-02,2025-04-02,2026-08-31,1,1,3,5,Lost,Deprioritise spend; include only in broad low-cost re-engagement blasts.
CUST002207,445.0,1,22.22,2025-06-12,2025-06-12,2026-08-31,2,1,1,4,About To Sleep,Re-engagement email with personalised recommendations before they go cold.
CUST002208,151.0,2,40.06,2026-01-23,2026-04-02,2026-08-31,3,2,1,6,Promising,Nurture with targeted content; small incentive to drive a second order.
CUST002209,77.0,12,966.1500000000001,2024-11-05,2026-06-15,2026-08-31,4,5,5,14,Champions,Reward with early access / loyalty perks; ask for referrals & reviews.
CUST002210,54.0,11,964.84,2024-09-13,2026-07-08,2026-08-31,4,5,5,14,Champions,Reward with early access / loyalty perks; ask for referrals & reviews.
CUST002211,19.0,10,9138.18,2025-01-23,2026-08-12,2026-08-31,5,5,5,15,Champions,Reward with early access / loyalty perks; ask for referrals & reviews.
CUST002212,111.0,5,162.43,2025-12-14,2026-05-12,2026-08-31,3,4,3,10,Loyal Customers,Upsell higher-value products; enrol in loyalty programme.
CUST002213,439.0,3,183.51,2025-05-14,2025-06-18,2026-08-31,2,3,3,8,At Risk,Reach out personally; time-boxed discount to prevent churn.
CUST002214,92.0,2,144.07999999999998,2026-02-02,2026-05-31,2026-08-31,4,2,3,9,Potential Loyalists,Offer membership / subscription; personalised follow-up after purchase.
CUST002215,500.0,2,100.42,2025-02-19,2025-04-18,2026-08-31,1,2,2,5,Hibernating,Low-cost reactivation campaign; survey to learn why they stopped buying.
CUST002216,13.0,8,818.0500000000001,2025-08-16,2026-08-18,2026-08-31,5,4,5,14,Champions,Reward with early access / loyalty perks; ask for referrals & reviews.
CUST002217,69.0,9,526.52,2024-10-07,2026-06-23,2026-08-31,4,5,4,13,Champions,Reward with early access / loyalty perks; ask for referrals & reviews.
CUST002218,581.0,3,130.0,2024-09-08,2025-01-27,2026-08-31,1,3,3,7,At Risk,Reach out personally; time-boxed discount to prevent churn.
CUST002219,644.0,1,72.78,2024-11-25,2024-11-25,2026-08-31,1,1,2,4,Lost,Deprioritise spend; include only in broad low-cost re-engagement blasts.
CUST002220,114.0,5,387.27,2025-05-16,2026-05-09,2026-08-31,3,4,4,11,Loyal Customers,Upsell higher-value products; enrol in loyalty programme.
CUST002221,203.0,5,323.84000000000003,2025-02-20,2026-02-09,2026-08-31,3,4,4,11,Loyal Customers,Upsell higher-value products; enrol in loyalty programme.
CUST002222,33.0,3,194.82,2026-03-17,2026-07-29,2026-08-31,5,3,3,11,Potential Loyalists,Offer membership / subscription; personalised follow-up after purchase.
CUST002223,179.0,2,178.13,2026-02-19,2026-03-05,2026-08-31,3,2,3,8,Promising,Nurture with targeted content; small incentive to drive a second order.
CUST002224,71.0,10,890.58,2024-09-19,2026-06-21,2026-08-31,4,5,5,14,Champions,Reward with early access / loyalty perks; ask for referrals & reviews.
CUST002225,497.0,2,63.97,2025-01-21,2025-04-21,2026-08-31,1,2,2,5,Hibernating,Low-cost reactivation campaign; survey to learn why they stopped buying.
CUST002226,127.0,2,146.37,2026-03-14,2026-04-26,2026-08-31,3,2,3,8,Promising,Nurture with targeted content; small incentive to drive a second order.
CUST002227,396.0,1,169.28,2025-07-31,2025-07-31,2026-08-31,2,1,3,6,About To Sleep,Re-engagement email with personalised recommendations before they go cold.
CUST002228,61.0,12,736.63,2024-10-15,2026-07-01,2026-08-31,4,5,4,13,Champions,Reward with early access / loyalty perks; ask for referrals & reviews.
CUST002229,10.0,12,1593.0,2024-09-15,2026-08-21,2026-08-31,5,5,5,15,Champions,Reward with early access / loyalty perks; ask for referrals & reviews.
CUST002230,200.0,1,82.88,2026-02-12,2026-02-12,2026-08-31,3,1,2,6,Promising,Nurture with targeted content; small incentive to drive a second order.
CUST002231,130.0,6,414.96,2025-05-08,2026-04-23,2026-08-31,3,4,4,11,Loyal Customers,Upsell higher-value products; enrol in loyalty programme.
CUST002232,538.0,1,114.71,2025-03-11,2025-03-11,2026-08-31,1,1,3,5,Lost,Deprioritise spend; include only in broad low-cost re-engagement blasts.
CUST002233,61.0,10,963.19,2024-09-16,2026-07-01,2026-08-31,4,5,5,14,Champions,Reward with early access / loyalty perks; ask for referrals & reviews.
CUST002234,635.0,3,192.32999999999998,2024-09-18,2024-12-04,2026-08-31,1,3,3,7,At Risk,Reach out personally; time-boxed discount to prevent churn.
CUST002235,613.0,1,41.15,2024-12-26,2024-12-26,2026-08-31,1,1,1,3,Lost,Deprioritise spend; include only in broad low-cost re-engagement blasts.
CUST002236,503.0,2,180.63,2025-03-27,2025-04-15,2026-08-31,1,2,3,6,Need Attention,Limited-time win-back offer; recommend based on past purchases.
CUST002237,7.0,11,666.8,2024-09-15,2026-08-24,2026-08-31,5,5,4,14,Champions,Reward with early access / loyalty perks; ask for referrals & reviews.
CUST002238,221.0,3,180.73,2025-09-17,2026-01-22,2026-08-31,2,3,3,8,At Risk,Reach out personally; time-boxed discount to prevent churn.
CUST002239,34.0,4,187.31,2026-02-25,2026-07-28,2026-08-31,5,3,3,11,Potential Loyalists,Offer membership / subscription; personalised follow-up after purchase.
CUST002240,249.0,1,487.1,2025-12-25,2025-12-25,2026-08-31,2,1,4,7,About To Sleep,Re-engagement email with personalised recommendations before they go cold.
CUST002241,111.0,4,283.7,2026-02-09,2026-05-12,2026-08-31,3,3,4,10,Need Attention,Limited-time win-back offer; recommend based on past purchases.
CUST002242,74.0,9,471.07,2025-04-03,2026-06-18,2026-08-31,4,5,4,13,Champions,Reward with early access / loyalty perks; ask for referrals & reviews.
CUST002243,90.0,5,243.87,2025-09-19,2026-06-02,2026-08-31,4,4,4,12,Champions,Reward with early access / loyalty perks; ask for referrals & reviews.
CUST002244,124.0,2,89.56,2026-03-26,2026-04-29,2026-08-31,3,2,2,7,Promising,Nurture with targeted content; small incentive to drive a second order.
CUST002245,105.0,5,208.61,2025-06-30,2026-05-18,2026-08-31,4,4,3,11,Loyal Customers,Upsell higher-value products; enrol in loyalty programme.
CUST002246,67.0,10,487.18,2024-09-02,2026-06-25,2026-08-31,4,5,4,13,Champions,Reward with early access / loyalty perks; ask for referrals & reviews.
CUST002247,76.0,2,190.71,2026-05-17,2026-06-16,2026-08-31,4,2,3,9,Potential Loyalists,Offer membership / subscription; personalised follow-up after purchase.
CUST002248,639.0,1,49.64,2024-11-30,2024-11-30,2026-08-31,1,1,2,4,Lost,Deprioritise spend; include only in broad low-cost re-engagement blasts.
CUST002249,36.0,6,366.96,2025-06-17,2026-07-26,2026-08-31,5,4,4,13,Champions,Reward with early access / loyalty perks; ask for referrals & reviews.
CUST002250,55.0,3,170.93,2026-03-02,2026-07-07,2026-08-31,4,3,3,10,Potential Loyalists,Offer membership / subscription; personalised follow-up after purchase.
CUST002251,659.0,1,22.95,2024-11-10,2024-11-10,2026-08-31,1,1,1,3,Lost,Deprioritise spend; include only in broad low-cost re-engagement blasts.
CUST002252,695.0,1,12.45,2024-10-05,2024-10-05,2026-08-31,1,1,1,3,Lost,Deprioritise spend; include only in broad low-cost re-engagement blasts.
CUST002253,39.0,2,83.26,2026-07-06,2026-07-23,2026-08-31,5,2,2,9,Potential Loyalists,Offer membership / subscription; personalised follow-up after purchase.
CUST002254,91.0,1,29.18,2026-06-01,2026-06-01,2026-08-31,4,1,1,6,New Customers,Onboard well; send a strong second-purchase incentive within 30 days.
CUST002255,11.0,9,5739.150000000001,2025-07-28,2026-08-20,2026-08-31,5,5,5,15,Champions,Reward with early access / loyalty perks; ask for referrals & reviews.
CUST002256,135.0,1,11.76,2026-04-18,2026-04-18,2026-08-31,3,1,1,5,Promising,Nurture with targeted content; small incentive to drive a second order.
CUST002257,679.0,1,37.57,2024-10-21,2024-10-21,2026-08-31,1,1,1,3,Lost,Deprioritise spend; include only in broad low-cost re-engagement blasts.
CUST002258,697.0,2,261.05,2024-09-02,2024-10-03,2026-08-31,1,2,4,7,Need Attention,Limited-time win-back offer; recommend based on past purchases.
CUST002259,8.0,9,1271.8600000000001,2024-09-25,2026-08-23,2026-08-31,5,5,5,15,Champions,Reward with early access / loyalty perks; ask for referrals & reviews.
CUST002260,162.0,4,217.93,2025-11-13,2026-03-22,2026-08-31,3,3,3,9,Need Attention,Limited-time win-back offer; recommend based on past purchases.
CUST002261,110.0,1,257.27,2026-05-13,2026-05-13,2026-08-31,3,1,4,8,Promising,Nurture with targeted content; small incentive to drive a second order.
CUST002262,45.0,9,6041.96,2024-10-29,2026-07-17,2026-08-31,5,5,5,15,Champions,Reward with early access / loyalty perks; ask for referrals & reviews.
CUST002263,228.0,4,486.13,2025-08-20,2026-01-15,2026-08-31,2,3,4,9,At Risk,Reach out personally; time-boxed discount to prevent churn.
CUST002264,7.0,12,793.41,2024-09-17,2026-08-24,2026-08-31,5,5,5,15,Champions,Reward with early access / loyalty perks; ask for referrals & reviews.
CUST002265,202.0,1,31.99,2026-02-10,2026-02-10,2026-08-31,3,1,1,5,Promising,Nurture with targeted content; small incentive to drive a second order.
CUST002266,15.0,11,760.07,2024-12-17,2026-08-16,2026-08-31,5,5,5,15,Champions,Reward with early access / loyalty perks; ask for referrals & reviews.
CUST002267,334.0,1,84.71,2025-10-01,2025-10-01,2026-08-31,2,1,2,5,About To Sleep,Re-engagement email with personalised recommendations before they go cold.
CUST002268,,0,0.0,,,2026-08-31,,,,,No Purchase History,Investigate: no purchase history -- confirm signup funnel / re-engage with welcome offer.
CUST002269,,0,0.0,,,2026-08-31,,,,,No Purchase History,Investigate: no purchase history -- confirm signup funnel / re-engage with welcome offer.
CUST002270,616.0,2,153.49,2024-09-01,2024-12-23,2026-08-31,1,2,3,6,Need Attention,Limited-time win-back offer; recommend based on past purchases.
CUST002271,631.0,1,43.2,2024-12-08,2024-12-08,2026-08-31,1,1,1,3,Lost,Deprioritise spend; include only in broad low-cost re-engagement blasts.
CUST002272,504.0,1,16.81,2025-04-14,2025-04-14,2026-08-31,1,1,1,3,Lost,Deprioritise spend; include only in broad low-cost re-engagement blasts.
CUST002273,644.0,2,125.55,2024-08-31,2024-11-25,2026-08-31,1,2,3,6,Need Attention,Limited-time win-back offer; recommend based on past purchases.
CUST002274,375.0,1,24.18,2025-08-21,2025-08-21,2026-08-31,2,1,1,4,About To Sleep,Re-engagement email with personalised recommendations before they go cold.
CUST002275,447.0,2,49.959999999999994,2025-03-18,2025-06-10,2026-08-31,2,2,2,6,About To Sleep,Re-engagement email with personalised recommendations before they go cold.
CUST002276,27.0,13,1286.26,2024-08-30,2026-08-04,2026-08-31,5,5,5,15,Champions,Reward with early access / loyalty perks; ask for referrals & reviews.
CUST002277,444.0,1,43.95,2025-06-13,2025-06-13,2026-08-31,2,1,1,4,About To Sleep,Re-engagement email with personalised recommendations before they go cold.
CUST002278,62.0,1,55.03,2026-06-30,2026-06-30,2026-08-31,4,1,2,7,New Customers,Onboard well; send a strong second-purchase incentive within 30 days.
CUST002279,649.0,2,76.31,2024-10-12,2024-11-20,2026-08-31,1,2,2,5,Hibernating,Low-cost reactivation campaign; survey to learn why they stopped buying.
CUST002280,690.0,1,35.19,2024-10-10,2024-10-10,2026-08-31,1,1,1,3,Lost,Deprioritise spend; include only in broad low-cost re-engagement blasts.
CUST002281,238.0,3,93.9,2025-10-02,2026-01-05,2026-08-31,2,3,2,7,Hibernating,Low-cost reactivation campaign; survey to learn why they stopped buying.
CUST002282,79.0,8,625.8199999999999,2025-06-14,2026-06-13,2026-08-31,4,4,4,12,Champions,Reward with early access / loyalty perks; ask for referrals & reviews.
CUST002283,53.0,2,90.46000000000001,2026-06-03,2026-07-09,2026-08-31,4,2,2,8,Potential Loyalists,Offer membership / subscription; personalised follow-up after purchase.
CUST002284,346.0,1,5.07,2025-09-19,2025-09-19,2026-08-31,2,1,1,4,About To Sleep,Re-engagement email with personalised recommendations before they go cold.
CUST002285,90.0,2,106.45,2026-05-09,2026-06-02,2026-08-31,4,2,2,8,Potential Loyalists,Offer membership / subscription; personalised follow-up after purchase.
CUST002286,51.0,8,540.75,2024-10-20,2026-07-11,2026-08-31,4,4,4,12,Champions,Reward with early access / loyalty perks; ask for referrals & reviews.
CUST002287,529.0,4,169.65,2024-11-14,2025-03-20,2026-08-31,1,3,3,7,At Risk,Reach out personally; time-boxed discount to prevent churn.
CUST002288,516.0,4,343.21,2024-12-15,2025-04-02,2026-08-31,1,3,4,8,At Risk,Reach out personally; time-boxed discount to prevent churn.
CUST002289,63.0,8,831.95,2025-01-28,2026-06-29,2026-08-31,4,4,5,13,Champions,Reward with early access / loyalty perks; ask for referrals & reviews.
CUST002290,192.0,2,54.92,2026-02-03,2026-02-20,2026-08-31,3,2,2,7,Promising,Nurture with targeted content; small incentive to drive a second order.
CUST002291,39.0,11,9927.26,2024-09-13,2026-07-23,2026-08-31,5,5,5,15,Champions,Reward with early access / loyalty perks; ask for referrals & reviews.
CUST002292,411.0,1,57.35,2025-07-16,2025-07-16,2026-08-31,2,1,2,5,About To Sleep,Re-engagement email with personalised recommendations before they go cold.
CUST002293,191.0,1,177.54,2026-02-21,2026-02-21,2026-08-31,3,1,3,7,Promising,Nurture with targeted content; small incentive to drive a second order.
CUST002294,207.0,2,77.00999999999999,2025-11-25,2026-02-05,2026-08-31,3,2,2,7,Promising,Nurture with targeted content; small incentive to drive a second order.
CUST002295,115.0,2,103.05,2026-01-26,2026-05-08,2026-08-31,3,2,2,7,Promising,Nurture with targeted content; small incentive to drive a second order.
CUST002296,13.0,11,1666.09,2024-09-30,2026-08-18,2026-08-31,5,5,5,15,Champions,Reward with early access / loyalty perks; ask for referrals & reviews.
CUST002297,210.0,1,189.49,2026-02-02,2026-02-02,2026-08-31,3,1,3,7,Promising,Nurture with targeted content; small incentive to drive a second order.
CUST002298,9.0,12,2111.28,2024-10-30,2026-08-22,2026-08-31,5,5,5,15,Champions,Reward with early access / loyalty perks; ask for referrals & reviews.
CUST002299,36.0,11,1638.74,2024-09-08,2026-07-26,2026-08-31,5,5,5,15,Champions,Reward with early access / loyalty perks; ask for referrals & reviews.
CUST002300,297.0,1,60.03,2025-11-07,2025-11-07,2026-08-31,2,1,2,5,About To Sleep,Re-engagement email with personalised recommendations before they go cold.
CUST002301,379.0,1,35.76,2025-08-17,2025-08-17,2026-08-31,2,1,1,4,About To Sleep,Re-engagement email with personalised recommendations before they go cold.
CUST002302,374.0,2,135.05,2025-06-12,2025-08-22,2026-08-31,2,2,3,7,About To Sleep,Re-engagement email with personalised recommendations before they go cold.
CUST002303,234.0,2,93.94,2025-12-29,2026-01-09,2026-08-31,2,2,2,6,About To Sleep,Re-engagement email with personalised recommendations before they go cold.
CUST002304,105.0,3,169.76999999999998,2026-03-06,2026-05-18,2026-08-31,4,3,3,10,Potential Loyalists,Offer membership / subscription; personalised follow-up after purchase.
CUST002305,184.0,2,150.26999999999998,2026-01-08,2026-02-28,2026-08-31,3,2,3,8,Promising,Nurture with targeted content; small incentive to drive a second order.
CUST002306,41.0,3,74.41,2026-06-18,2026-07-21,2026-08-31,5,3,2,10,Potential Loyalists,Offer membership / subscription; personalised follow-up after purchase.
CUST002307,91.0,1,73.96,2026-06-01,2026-06-01,2026-08-31,4,1,2,7,New Customers,Onboard well; send a strong second-purchase incentive within 30 days.
CUST002308,239.0,5,313.34,2025-08-15,2026-01-04,2026-08-31,2,4,4,10,At Risk,Reach out personally; time-boxed discount to prevent churn.
CUST002309,162.0,1,10.73,2026-03-22,2026-03-22,2026-08-31,3,1,1,5,Promising,Nurture with targeted content; small incentive to drive a second order.
CUST002310,602.0,2,50.480000000000004,2024-10-23,2025-01-06,2026-08-31,1,2,2,5,Hibernating,Low-cost reactivation campaign; survey to learn why they stopped buying.
CUST002311,25.0,8,5311.26,2025-08-05,2026-08-06,2026-08-31,5,4,5,14,Champions,Reward with early access / loyalty perks; ask for referrals & reviews.
CUST002312,81.0,10,555.9,2024-09-16,2026-06-11,2026-08-31,4,5,4,13,Champions,Reward with early access / loyalty perks; ask for referrals & reviews.
CUST002313,55.0,2,154.31,2026-05-23,2026-07-07,2026-08-31,4,2,3,9,Potential Loyalists,Offer membership / subscription; personalised follow-up after purchase.
CUST002314,80.0,12,779.23,2024-10-20,2026-06-12,2026-08-31,4,5,5,14,Champions,Reward with early access / loyalty perks; ask for referrals & reviews.
CUST002315,204.0,5,451.52,2025-08-03,2026-02-08,2026-08-31,3,4,4,11,Loyal Customers,Upsell higher-value products; enrol in loyalty programme.
CUST002316,89.0,2,76.18,2026-03-29,2026-06-03,2026-08-31,4,2,2,8,Potential Loyalists,Offer membership / subscription; personalised follow-up after purchase.
CUST002317,1.0,8,745.84,2025-09-20,2026-08-30,2026-08-31,5,4,4,13,Champions,Reward with early access / loyalty perks; ask for referrals & reviews.
CUST002318,580.0,1,36.54,2025-01-28,2025-01-28,2026-08-31,1,1,1,3,Lost,Deprioritise spend; include only in broad low-cost re-engagement blasts.
CUST002319,224.0,5,183.42000000000002,2025-07-20,2026-01-19,2026-08-31,2,4,3,9,At Risk,Reach out personally; time-boxed discount to prevent churn.
CUST002320,338.0,2,36.85,2025-06-28,2025-09-27,2026-08-31,2,2,1,5,About To Sleep,Re-engagement email with personalised recommendations before they go cold.
CUST002321,28.0,10,1622.13,2024-10-27,2026-08-03,2026-08-31,5,5,5,15,Champions,Reward with early access / loyalty perks; ask for referrals & reviews.
CUST002322,13.0,11,763.14,2024-10-20,2026-08-18,2026-08-31,5,5,5,15,Champions,Reward with early access / loyalty perks; ask for referrals & reviews.
CUST002323,206.0,6,412.93,2025-08-29,2026-02-06,2026-08-31,3,4,4,11,Loyal Customers,Upsell higher-value products; enrol in loyalty programme.
CUST002324,7.0,11,766.41,2024-09-29,2026-08-24,2026-08-31,5,5,5,15,Champions,Reward with early access / loyalty perks; ask for referrals & reviews.
CUST002325,203.0,2,225.12,2026-01-10,2026-02-09,2026-08-31,3,2,4,9,Promising,Nurture with targeted content; small incentive to drive a second order.
CUST002326,1.0,13,8744.18,2024-12-25,2026-08-30,2026-08-31,5,5,5,15,Champions,Reward with early access / loyalty perks; ask for referrals & reviews.
CUST002327,157.0,5,233.92000000000002,2025-04-06,2026-03-27,2026-08-31,3,4,4,11,Loyal Customers,Upsell higher-value products; enrol in loyalty programme.
CUST002328,21.0,9,617.8000000000001,2025-06-26,2026-08-10,2026-08-31,5,5,4,14,Champions,Reward with early access / loyalty perks; ask for referrals & reviews.
CUST002329,320.0,1,10.09,2025-10-15,2025-10-15,2026-08-31,2,1,1,4,About To Sleep,Re-engagement email with personalised recommendations before they go cold.
CUST002330,216.0,3,247.2,2025-10-15,2026-01-27,2026-08-31,3,3,4,10,Need Attention,Limited-time win-back offer; recommend based on past purchases.
CUST002331,672.0,1,16.01,2024-10-28,2024-10-28,2026-08-31,1,1,1,3,Lost,Deprioritise spend; include only in broad low-cost re-engagement blasts.
CUST002332,84.0,3,109.39,2025-10-11,2026-06-08,2026-08-31,4,3,2,9,Potential Loyalists,Offer membership / subscription; personalised follow-up after purchase.
CUST002333,486.0,1,16.89,2025-05-02,2025-05-02,2026-08-31,1,1,1,3,Lost,Deprioritise spend; include only in broad low-cost re-engagement blasts.
CUST002334,70.0,12,868.19,2024-09-15,2026-06-22,2026-08-31,4,5,5,14,Champions,Reward with early access / loyalty perks; ask for referrals & reviews.
CUST002335,116.0,4,137.06,2025-07-30,2026-05-07,2026-08-31,3,3,3,9,Need Attention,Limited-time win-back offer; recommend based on past purchases.
CUST002336,657.0,1,74.15,2024-11-12,2024-11-12,2026-08-31,1,1,2,4,Lost,Deprioritise spend; include only in broad low-cost re-engagement blasts.
CUST002337,633.0,1,235.82,2024-12-06,2024-12-06,2026-08-31,1,1,4,6,Lost,Deprioritise spend; include only in broad low-cost re-engagement blasts.
CUST002338,150.0,4,189.37,2025-10-06,2026-04-03,2026-08-31,3,3,3,9,Need Attention,Limited-time win-back offer; recommend based on past purchases.
CUST002339,211.0,1,67.49,2026-02-01,2026-02-01,2026-08-31,3,1,2,6,Promising,Nurture with targeted content; small incentive to drive a second order.
CUST002340,81.0,13,941.2,2024-10-03,2026-06-11,2026-08-31,4,5,5,14,Champions,Reward with early access / loyalty perks; ask for referrals & reviews.
CUST002341,91.0,9,650.12,2024-11-03,2026-06-01,2026-08-31,4,5,4,13,Champions,Reward with early access / loyalty perks; ask for referrals & reviews.
CUST002342,78.0,9,685.09,2025-04-16,2026-06-14,2026-08-31,4,5,4,13,Champions,Reward with early access / loyalty perks; ask for referrals & reviews.
CUST002343,218.0,1,29.58,2026-01-25,2026-01-25,2026-08-31,3,1,1,5,Promising,Nurture with targeted content; small incentive to drive a second order.
CUST002344,134.0,3,128.16,2026-02-12,2026-04-19,2026-08-31,3,3,3,9,Need Attention,Limited-time win-back offer; recommend based on past purchases.
CUST002345,312.0,1,26.29,2025-10-23,2025-10-23,2026-08-31,2,1,1,4,About To Sleep,Re-engagement email with personalised recommendations before they go cold.
CUST002346,12.0,10,555.79,2025-01-01,2026-08-19,2026-08-31,5,5,4,14,Champions,Reward with early access / loyalty perks; ask for referrals & reviews.
CUST002347,397.0,1,35.56,2025-07-30,2025-07-30,2026-08-31,2,1,1,4,About To Sleep,Re-engagement email with personalised recommendations before they go cold.
CUST002348,354.0,1,53.17,2025-09-11,2025-09-11,2026-08-31,2,1,2,5,About To Sleep,Re-engagement email with personalised recommendations before they go cold.
CUST002349,71.0,9,674.09,2025-06-27,2026-06-21,2026-08-31,4,5,4,13,Champions,Reward with early access / loyalty perks; ask for referrals & reviews.
CUST002350,46.0,12,1559.74,2024-09-25,2026-07-16,2026-08-31,4,5,5,14,Champions,Reward with early access / loyalty perks; ask for referrals & reviews.
CUST002351,24.0,15,2492.94,2024-10-04,2026-08-07,2026-08-31,5,5,5,15,Champions,Reward with early access / loyalty perks; ask for referrals & reviews.
CUST002352,438.0,2,51.519999999999996,2025-03-30,2025-06-19,2026-08-31,2,2,2,6,About To Sleep,Re-engagement email with personalised recommendations before they go cold.
CUST002353,221.0,4,238.13,2025-06-10,2026-01-22,2026-08-31,2,3,4,9,At Risk,Reach out personally; time-boxed discount to prevent churn.
CUST002354,388.0,1,53.1,2025-08-08,2025-08-08,2026-08-31,2,1,2,5,About To Sleep,Re-engagement email with personalised recommendations before they go cold.
CUST002355,141.0,4,202.19,2025-09-01,2026-04-12,2026-08-31,3,3,3,9,Need Attention,Limited-time win-back offer; recommend based on past purchases.
CUST002356,381.0,1,20.42,2025-08-15,2025-08-15,2026-08-31,2,1,1,4,About To Sleep,Re-engagement email with personalised recommendations before they go cold.
CUST002357,159.0,2,201.22,2026-02-09,2026-03-25,2026-08-31,3,2,3,8,Promising,Nurture with targeted content; small incentive to drive a second order.
CUST002358,67.0,1,17.91,2026-06-25,2026-06-25,2026-08-31,4,1,1,6,New Customers,Onboard well; send a strong second-purchase incentive within 30 days.
CUST002359,36.0,7,5858.76,2025-07-30,2026-07-26,2026-08-31,5,4,5,14,Champions,Reward with early access / loyalty perks; ask for referrals & reviews.
CUST002360,16.0,12,1020.92,2024-11-29,2026-08-15,2026-08-31,5,5,5,15,Champions,Reward with early access / loyalty perks; ask for referrals & reviews.
CUST002361,505.0,3,102.13999999999999,2024-12-18,2025-04-13,2026-08-31,1,3,2,6,Hibernating,Low-cost reactivation campaign; survey to learn why they stopped buying.
CUST002362,4.0,11,2059.62,2024-09-22,2026-08-27,2026-08-31,5,5,5,15,Champions,Reward with early access / loyalty perks; ask for referrals & reviews.
CUST002363,47.0,5,197.96,2025-12-18,2026-07-15,2026-08-31,4,4,3,11,Loyal Customers,Upsell higher-value products; enrol in loyalty programme.
CUST002364,311.0,1,19.05,2025-10-24,2025-10-24,2026-08-31,2,1,1,4,About To Sleep,Re-engagement email with personalised recommendations before they go cold.
CUST002365,309.0,1,14.62,2025-10-26,2025-10-26,2026-08-31,2,1,1,4,About To Sleep,Re-engagement email with personalised recommendations before they go cold.
CUST002366,,0,0.0,,,2026-08-31,,,,,No Purchase History,Investigate: no purchase history -- confirm signup funnel / re-engage with welcome offer.
CUST002367,214.0,2,146.86,2025-11-23,2026-01-29,2026-08-31,3,2,3,8,Promising,Nurture with targeted content; small incentive to drive a second order.
CUST002368,81.0,5,238.86,2025-10-08,2026-06-11,2026-08-31,4,4,4,12,Champions,Reward with early access / loyalty perks; ask for referrals & reviews.
CUST002369,70.0,4,218.74,2026-01-22,2026-06-22,2026-08-31,4,3,3,10,Potential Loyalists,Offer membership / subscription; personalised follow-up after purchase.
CUST002370,47.0,1,67.46,2026-07-15,2026-07-15,2026-08-31,4,1,2,7,New Customers,Onboard well; send a strong second-purchase incentive within 30 days.
CUST002371,148.0,6,241.76000000000002,2025-08-05,2026-04-05,2026-08-31,3,4,4,11,Loyal Customers,Upsell higher-value products; enrol in loyalty programme.
CUST002372,163.0,4,141.04,2025-08-13,2026-03-21,2026-08-31,3,3,3,9,Need Attention,Limited-time win-back offer; recommend based on past purchases.
CUST002373,35.0,6,486.36,2026-01-27,2026-07-27,2026-08-31,5,4,4,13,Champions,Reward with early access / loyalty perks; ask for referrals & reviews.
CUST002374,55.0,3,148.31,2026-04-05,2026-07-07,2026-08-31,4,3,3,10,Potential Loyalists,Offer membership / subscription; personalised follow-up after purchase.
CUST002375,170.0,3,221.04,2026-01-10,2026-03-14,2026-08-31,3,3,3,9,Need Attention,Limited-time win-back offer; recommend based on past purchases.
CUST002376,56.0,13,931.5600000000001,2024-10-15,2026-07-06,2026-08-31,4,5,5,14,Champions,Reward with early access / loyalty perks; ask for referrals & reviews.
CUST002377,603.0,2,145.99,2024-11-28,2025-01-05,2026-08-31,1,2,3,6,Need Attention,Limited-time win-back offer; recommend based on past purchases.
CUST002378,250.0,1,41.63,2025-12-24,2025-12-24,2026-08-31,2,1,1,4,About To Sleep,Re-engagement email with personalised recommendations before they go cold.
CUST002379,16.0,7,361.78000000000003,2025-06-23,2026-08-15,2026-08-31,5,4,4,13,Champions,Reward with early access / loyalty perks; ask for referrals & reviews.
CUST002380,564.0,1,58.0,2025-02-13,2025-02-13,2026-08-31,1,1,2,4,Lost,Deprioritise spend; include only in broad low-cost re-engagement blasts.
CUST002381,655.0,1,66.34,2024-11-14,2024-11-14,2026-08-31,1,1,2,4,Lost,Deprioritise spend; include only in broad low-cost re-engagement blasts.
CUST002382,139.0,4,266.02,2025-12-11,2026-04-14,2026-08-31,3,3,4,10,Need Attention,Limited-time win-back offer; recommend based on past purchases.
CUST002383,56.0,13,746.94,2024-10-01,2026-07-06,2026-08-31,4,5,5,14,Champions,Reward with early access / loyalty perks; ask for referrals & reviews.
CUST002384,19.0,12,1280.61,2024-09-02,2026-08-12,2026-08-31,5,5,5,15,Champions,Reward with early access / loyalty perks; ask for referrals & reviews.
CUST002385,25.0,11,1348.28,2024-09-07,2026-08-06,2026-08-31,5,5,5,15,Champions,Reward with early access / loyalty perks; ask for referrals & reviews.
CUST002386,482.0,4,107.5,2025-01-28,2025-05-06,2026-08-31,1,3,2,6,Hibernating,Low-cost reactivation campaign; survey to learn why they stopped buying.
CUST002387,1.0,12,8576.04,2024-11-15,2026-08-30,2026-08-31,5,5,5,15,Champions,Reward with early access / loyalty perks; ask for referrals & reviews.
CUST002388,20.0,11,1394.5,2024-09-13,2026-08-11,2026-08-31,5,5,5,15,Champions,Reward with early access / loyalty perks; ask for referrals & reviews.
CUST002389,590.0,1,21.44,2025-01-18,2025-01-18,2026-08-31,1,1,1,3,Lost,Deprioritise spend; include only in broad low-cost re-engagement blasts.
CUST002390,20.0,10,867.27,2025-02-04,2026-08-11,2026-08-31,5,5,5,15,Champions,Reward with early access / loyalty perks; ask for referrals & reviews.
CUST002391,570.0,1,28.75,2025-02-07,2025-02-07,2026-08-31,1,1,1,3,Lost,Deprioritise spend; include only in broad low-cost re-engagement blasts.
CUST002392,486.0,1,20.99,2025-05-02,2025-05-02,2026-08-31,1,1,1,3,Lost,Deprioritise spend; include only in broad low-cost re-engagement blasts.
CUST002393,238.0,6,256.14,2025-05-17,2026-01-05,2026-08-31,2,4,4,10,At Risk,Reach out personally; time-boxed discount to prevent churn.
CUST002394,8.0,14,2490.31,2024-09-13,2026-08-23,2026-08-31,5,5,5,15,Champions,Reward with early access / loyalty perks; ask for referrals & reviews.
CUST002395,26.0,1,89.8,2026-08-05,2026-08-05,2026-08-31,5,1,2,8,New Customers,Onboard well; send a strong second-purchase incentive within 30 days.
CUST002396,16.0,8,6215.21,2025-06-13,2026-08-15,2026-08-31,5,4,5,14,Champions,Reward with early access / loyalty perks; ask for referrals & reviews.
CUST002397,187.0,2,40.54,2026-02-19,2026-02-25,2026-08-31,3,2,1,6,Promising,Nurture with targeted content; small incentive to drive a second order.
CUST002398,49.0,11,1112.96,2024-09-21,2026-07-13,2026-08-31,4,5,5,14,Champions,Reward with early access / loyalty perks; ask for referrals & reviews.
CUST002399,83.0,10,591.74,2025-01-14,2026-06-09,2026-08-31,4,5,4,13,Champions,Reward with early access / loyalty perks; ask for referrals & reviews.
CUST002400,175.0,1,49.7,2026-03-09,2026-03-09,2026-08-31,3,1,2,6,Promising,Nurture with targeted content; small incentive to drive a second order.
CUST002401,591.0,1,13.01,2025-01-17,2025-01-17,2026-08-31,1,1,1,3,Lost,Deprioritise spend; include only in broad low-cost re-engagement blasts.
CUST002402,390.0,1,17.05,2025-08-06,2025-08-06,2026-08-31,2,1,1,4,About To Sleep,Re-engagement email with personalised recommendations before they go cold.
CUST002403,466.0,2,124.32,2025-03-14,2025-05-22,2026-08-31,1,2,3,6,Need Attention,Limited-time win-back offer; recommend based on past purchases.
CUST002404,467.0,2,130.58,2025-03-23,2025-05-21,2026-08-31,1,2,3,6,Need Attention,Limited-time win-back offer; recommend based on past purchases.
CUST002405,686.0,1,56.15,2024-10-14,2024-10-14,2026-08-31,1,1,2,4,Lost,Deprioritise spend; include only in broad low-cost re-engagement blasts.
CUST002406,72.0,3,256.13,2026-03-21,2026-06-20,2026-08-31,4,3,4,11,Potential Loyalists,Offer membership / subscription; personalised follow-up after purchase.
CUST002407,63.0,1,14.08,2026-06-29,2026-06-29,2026-08-31,4,1,1,6,New Customers,Onboard well; send a strong second-purchase incentive within 30 days.
CUST002408,88.0,3,88.35,2025-12-28,2026-06-04,2026-08-31,4,3,2,9,Potential Loyalists,Offer membership / subscription; personalised follow-up after purchase.
CUST002409,198.0,5,211.41,2025-07-12,2026-02-14,2026-08-31,3,4,3,10,Loyal Customers,Upsell higher-value products; enrol in loyalty programme.
CUST002410,510.0,3,126.68,2024-10-29,2025-04-08,2026-08-31,1,3,3,7,At Risk,Reach out personally; time-boxed discount to prevent churn.
CUST002411,545.0,1,39.82,2025-03-04,2025-03-04,2026-08-31,1,1,1,3,Lost,Deprioritise spend; include only in broad low-cost re-engagement blasts.
CUST002412,25.0,5,1978.26,2025-12-14,2026-08-06,2026-08-31,5,4,5,14,Champions,Reward with early access / loyalty perks; ask for referrals & reviews.
CUST002413,84.0,3,196.57,2026-02-09,2026-06-08,2026-08-31,4,3,3,10,Potential Loyalists,Offer membership / subscription; personalised follow-up after purchase.
CUST002414,650.0,1,26.92,2024-11-19,2024-11-19,2026-08-31,1,1,1,3,Lost,Deprioritise spend; include only in broad low-cost re-engagement blasts.
CUST002415,82.0,2,22.29,2026-02-23,2026-06-10,2026-08-31,4,2,1,7,Potential Loyalists,Offer membership / subscription; personalised follow-up after purchase.
CUST002416,80.0,10,654.52,2024-09-27,2026-06-12,2026-08-31,4,5,4,13,Champions,Reward with early access / loyalty perks; ask for referrals & reviews.
CUST002417,161.0,4,207.82999999999998,2025-08-03,2026-03-23,2026-08-31,3,3,3,9,Need Attention,Limited-time win-back offer; recommend based on past purchases.
CUST002418,26.0,1,27.87,2026-08-05,2026-08-05,2026-08-31,5,1,1,7,New Customers,Onboard well; send a strong second-purchase incentive within 30 days.
CUST002419,42.0,13,1378.1,2024-10-06,2026-07-20,2026-08-31,5,5,5,15,Champions,Reward with early access / loyalty perks; ask for referrals & reviews.
CUST002420,336.0,2,31.5,2025-09-20,2025-09-29,2026-08-31,2,2,1,5,About To Sleep,Re-engagement email with personalised recommendations before they go cold.
CUST002421,79.0,10,1089.8899999999999,2024-11-29,2026-06-13,2026-08-31,4,5,5,14,Champions,Reward with early access / loyalty perks; ask for referrals & reviews.
CUST002422,71.0,9,600.65,2024-09-16,2026-06-21,2026-08-31,4,5,4,13,Champions,Reward with early access / loyalty perks; ask for referrals & reviews.
CUST002423,667.0,1,11.56,2024-11-02,2024-11-02,2026-08-31,1,1,1,3,Lost,Deprioritise spend; include only in broad low-cost re-engagement blasts.
CUST002424,19.0,7,562.93,2024-11-25,2026-08-12,2026-08-31,5,4,4,13,Champions,Reward with early access / loyalty perks; ask for referrals & reviews.
CUST002425,349.0,4,111.4,2025-03-26,2025-09-16,2026-08-31,2,3,3,8,At Risk,Reach out personally; time-boxed discount to prevent churn.
CUST002426,613.0,1,97.75,2024-12-26,2024-12-26,2026-08-31,1,1,2,4,Lost,Deprioritise spend; include only in broad low-cost re-engagement blasts.
CUST002427,91.0,11,949.76,2024-09-16,2026-06-01,2026-08-31,4,5,5,14,Champions,Reward with early access / loyalty perks; ask for referrals & reviews.
CUST002428,345.0,1,93.95,2025-09-20,2025-09-20,2026-08-31,2,1,2,5,About To Sleep,Re-engagement email with personalised recommendations before they go cold.
CUST002429,73.0,1,14.61,2026-06-19,2026-06-19,2026-08-31,4,1,1,6,New Customers,Onboard well; send a strong second-purchase incentive within 30 days.
CUST002430,565.0,2,113.36,2025-01-24,2025-02-12,2026-08-31,1,2,3,6,Need Attention,Limited-time win-back offer; recommend based on past purchases.
CUST002431,681.0,1,7.02,2024-10-19,2024-10-19,2026-08-31,1,1,1,3,Lost,Deprioritise spend; include only in broad low-cost re-engagement blasts.
CUST002432,488.0,1,62.03,2025-04-30,2025-04-30,2026-08-31,1,1,2,4,Lost,Deprioritise spend; include only in broad low-cost re-engagement blasts.
CUST002433,212.0,1,4.87,2026-01-31,2026-01-31,2026-08-31,3,1,1,5,Promising,Nurture with targeted content; small incentive to drive a second order.
CUST002434,61.0,3,95.61,2026-03-27,2026-07-01,2026-08-31,4,3,2,9,Potential Loyalists,Offer membership / subscription; personalised follow-up after purchase.
CUST002435,590.0,1,31.18,2025-01-18,2025-01-18,2026-08-31,1,1,1,3,Lost,Deprioritise spend; include only in broad low-cost re-engagement blasts.
CUST002436,21.0,7,5217.54,2025-05-28,2026-08-10,2026-08-31,5,4,5,14,Champions,Reward with early access / loyalty perks; ask for referrals & reviews.
CUST002437,251.0,1,8.53,2025-12-23,2025-12-23,2026-08-31,2,1,1,4,About To Sleep,Re-engagement email with personalised recommendations before they go cold.
CUST002438,430.0,1,56.47,2025-06-27,2025-06-27,2026-08-31,2,1,2,5,About To Sleep,Re-engagement email with personalised recommendations before they go cold.
CUST002439,104.0,2,69.37,2026-03-30,2026-05-19,2026-08-31,4,2,2,8,Potential Loyalists,Offer membership / subscription; personalised follow-up after purchase.
CUST002440,613.0,1,15.83,2024-12-26,2024-12-26,2026-08-31,1,1,1,3,Lost,Deprioritise spend; include only in broad low-cost re-engagement blasts.
CUST002441,1.0,13,7738.28,2024-11-13,2026-08-30,2026-08-31,5,5,5,15,Champions,Reward with early access / loyalty perks; ask for referrals & reviews.
CUST002442,180.0,9,581.88,2024-10-09,2026-03-04,2026-08-31,3,5,4,12,Loyal Customers,Upsell higher-value products; enrol in loyalty programme.
CUST002443,78.0,3,130.47,2026-02-18,2026-06-14,2026-08-31,4,3,3,10,Potential Loyalists,Offer membership / subscription; personalised follow-up after purchase.
CUST002444,701.0,1,63.41,2024-09-29,2024-09-29,2026-08-31,1,1,2,4,Lost,Deprioritise spend; include only in broad low-cost re-engagement blasts.
CUST002445,220.0,4,319.35,2025-05-23,2026-01-23,2026-08-31,3,3,4,10,Need Attention,Limited-time win-back offer; recommend based on past purchases.
CUST002446,176.0,1,52.29,2026-03-08,2026-03-08,2026-08-31,3,1,2,6,Promising,Nurture with targeted content; small incentive to drive a second order.
CUST002447,33.0,13,2189.29,2024-09-24,2026-07-29,2026-08-31,5,5,5,15,Champions,Reward with early access / loyalty perks; ask for referrals & reviews.
CUST002448,83.0,3,115.34,2026-01-30,2026-06-09,2026-08-31,4,3,3,10,Potential Loyalists,Offer membership / subscription; personalised follow-up after purchase.
CUST002449,478.0,1,50.54,2025-05-10,2025-05-10,2026-08-31,1,1,2,4,Lost,Deprioritise spend; include only in broad low-cost re-engagement blasts.
CUST002450,236.0,1,28.98,2026-01-07,2026-01-07,2026-08-31,2,1,1,4,About To Sleep,Re-engagement email with personalised recommendations before they go cold.
CUST002451,548.0,1,87.74,2025-03-01,2025-03-01,2026-08-31,1,1,2,4,Lost,Deprioritise spend; include only in broad low-cost re-engagement blasts.
CUST002452,295.0,1,29.19,2025-11-09,2025-11-09,2026-08-31,2,1,1,4,About To Sleep,Re-engagement email with personalised recommendations before they go cold.
CUST002453,643.0,1,35.1,2024-11-26,2024-11-26,2026-08-31,1,1,1,3,Lost,Deprioritise spend; include only in broad low-cost re-engagement blasts.
CUST002454,649.0,1,27.52,2024-11-20,2024-11-20,2026-08-31,1,1,1,3,Lost,Deprioritise spend; include only in broad low-cost re-engagement blasts.
CUST002455,636.0,1,13.02,2024-12-03,2024-12-03,2026-08-31,1,1,1,3,Lost,Deprioritise spend; include only in broad low-cost re-engagement blasts.
CUST002456,628.0,1,37.8,2024-12-11,2024-12-11,2026-08-31,1,1,1,3,Lost,Deprioritise spend; include only in broad low-cost re-engagement blasts.
CUST002457,228.0,1,118.21,2026-01-15,2026-01-15,2026-08-31,2,1,3,6,About To Sleep,Re-engagement email with personalised recommendations before they go cold.
CUST002458,50.0,10,816.66,2025-02-19,2026-07-12,2026-08-31,4,5,5,14,Champions,Reward with early access / loyalty perks; ask for referrals & reviews.
CUST002459,130.0,4,262.23,2025-12-30,2026-04-23,2026-08-31,3,3,4,10,Need Attention,Limited-time win-back offer; recommend based on past purchases.
CUST002460,640.0,1,55.21,2024-11-29,2024-11-29,2026-08-31,1,1,2,4,Lost,Deprioritise spend; include only in broad low-cost re-engagement blasts.
CUST002461,595.0,3,203.06,2024-09-03,2025-01-13,2026-08-31,1,3,3,7,At Risk,Reach out personally; time-boxed discount to prevent churn.
CUST002462,446.0,1,78.92,2025-06-11,2025-06-11,2026-08-31,2,1,2,5,About To Sleep,Re-engagement email with personalised recommendations before they go cold.
CUST002463,86.0,10,1104.75,2024-10-22,2026-06-06,2026-08-31,4,5,5,14,Champions,Reward with early access / loyalty perks; ask for referrals & reviews.
CUST002464,563.0,1,26.46,2025-02-14,2025-02-14,2026-08-31,1,1,1,3,Lost,Deprioritise spend; include only in broad low-cost re-engagement blasts.
CUST002465,211.0,4,226.17000000000002,2025-06-22,2026-02-01,2026-08-31,3,3,4,10,Need Attention,Limited-time win-back offer; recommend based on past purchases.
CUST002466,215.0,1,59.99,2026-01-28,2026-01-28,2026-08-31,3,1,2,6,Promising,Nurture with targeted content; small incentive to drive a second order.
CUST002467,604.0,2,160.53,2024-11-23,2025-01-04,2026-08-31,1,2,3,6,Need Attention,Limited-time win-back offer; recommend based on past purchases.
CUST002468,609.0,1,22.42,2024-12-30,2024-12-30,2026-08-31,1,1,1,3,Lost,Deprioritise spend; include only in broad low-cost re-engagement blasts.
CUST002469,45.0,1,44.78,2026-07-17,2026-07-17,2026-08-31,5,1,1,7,New Customers,Onboard well; send a strong second-purchase incentive within 30 days.
CUST002470,49.0,4,230.52,2025-12-06,2026-07-13,2026-08-31,4,3,4,11,Potential Loyalists,Offer membership / subscription; personalised follow-up after purchase.
CUST002471,222.0,4,138.99,2025-09-03,2026-01-21,2026-08-31,2,3,3,8,At Risk,Reach out personally; time-boxed discount to prevent churn.
CUST002472,382.0,1,29.71,2025-08-14,2025-08-14,2026-08-31,2,1,1,4,About To Sleep,Re-engagement email with personalised recommendations before they go cold.
CUST002473,659.0,1,81.11,2024-11-10,2024-11-10,2026-08-31,1,1,2,4,Lost,Deprioritise spend; include only in broad low-cost re-engagement blasts.
CUST002474,490.0,1,28.29,2025-04-28,2025-04-28,2026-08-31,1,1,1,3,Lost,Deprioritise spend; include only in broad low-cost re-engagement blasts.
CUST002475,176.0,5,316.59,2025-05-21,2026-03-08,2026-08-31,3,4,4,11,Loyal Customers,Upsell higher-value products; enrol in loyalty programme.
CUST002476,28.0,10,1585.45,2024-12-12,2026-08-03,2026-08-31,5,5,5,15,Champions,Reward with early access / loyalty perks; ask for referrals & reviews.
CUST002477,74.0,9,746.5,2024-10-19,2026-06-18,2026-08-31,4,5,4,13,Champions,Reward with early access / loyalty perks; ask for referrals & reviews.
CUST002478,50.0,12,1121.68,2024-09-19,2026-07-12,2026-08-31,4,5,5,14,Champions,Reward with early access / loyalty perks; ask for referrals & reviews.
CUST002479,221.0,4,262.53,2025-09-19,2026-01-22,2026-08-31,2,3,4,9,At Risk,Reach out personally; time-boxed discount to prevent churn.
CUST002480,603.0,3,65.83,2024-10-08,2025-01-05,2026-08-31,1,3,2,6,Hibernating,Low-cost reactivation campaign; survey to learn why they stopped buying.
CUST002481,594.0,1,24.03,2025-01-14,2025-01-14,2026-08-31,1,1,1,3,Lost,Deprioritise spend; include only in broad low-cost re-engagement blasts.
CUST002482,121.0,3,121.35,2025-12-17,2026-05-02,2026-08-31,3,3,3,9,Need Attention,Limited-time win-back offer; recommend based on past purchases.
CUST002483,31.0,11,823.19,2024-09-08,2026-07-31,2026-08-31,5,5,5,15,Champions,Reward with early access / loyalty perks; ask for referrals & reviews.
CUST002484,103.0,4,514.7,2025-08-21,2026-05-20,2026-08-31,4,3,4,11,Potential Loyalists,Offer membership / subscription; personalised follow-up after purchase.
CUST002485,696.0,1,52.13,2024-10-04,2024-10-04,2026-08-31,1,1,2,4,Lost,Deprioritise spend; include only in broad low-cost re-engagement blasts.
CUST002486,84.0,6,358.92,2026-01-21,2026-06-08,2026-08-31,4,4,4,12,Champions,Reward with early access / loyalty perks; ask for referrals & reviews.
CUST002487,370.0,2,74.43,2025-07-12,2025-08-26,2026-08-31,2,2,2,6,About To Sleep,Re-engagement email with personalised recommendations before they go cold.
CUST002488,681.0,1,27.79,2024-10-19,2024-10-19,2026-08-31,1,1,1,3,Lost,Deprioritise spend; include only in broad low-cost re-engagement blasts.
CUST002489,46.0,11,913.41,2024-09-16,2026-07-16,2026-08-31,4,5,5,14,Champions,Reward with early access / loyalty perks; ask for referrals & reviews.
CUST002490,284.0,1,91.82,2025-11-20,2025-11-20,2026-08-31,2,1,2,5,About To Sleep,Re-engagement email with personalised recommendations before they go cold.
CUST002491,44.0,7,5797.04,2025-10-23,2026-07-18,2026-08-31,5,4,5,14,Champions,Reward with early access / loyalty perks; ask for referrals & reviews.
CUST002492,128.0,2,178.74,2026-03-24,2026-04-25,2026-08-31,3,2,3,8,Promising,Nurture with targeted content; small incentive to drive a second order.
CUST002493,36.0,10,1437.34,2024-11-01,2026-07-26,2026-08-31,5,5,5,15,Champions,Reward with early access / loyalty perks; ask for referrals & reviews.
CUST002494,653.0,1,68.35,2024-11-16,2024-11-16,2026-08-31,1,1,2,4,Lost,Deprioritise spend; include only in broad low-cost re-engagement blasts.
CUST002495,315.0,3,159.9,2025-07-04,2025-10-20,2026-08-31,2,3,3,8,At Risk,Reach out personally; time-boxed discount to prevent churn.
CUST002496,75.0,1,72.33,2026-06-17,2026-06-17,2026-08-31,4,1,2,7,New Customers,Onboard well; send a strong second-purchase incentive within 30 days.
CUST002497,172.0,1,34.3,2026-03-12,2026-03-12,2026-08-31,3,1,1,5,Promising,Nurture with targeted content; small incentive to drive a second order.
CUST002498,141.0,6,199.68,2025-04-02,2026-04-12,2026-08-31,3,4,3,10,Loyal Customers,Upsell higher-value products; enrol in loyalty programme.
CUST002499,586.0,2,35.37,2024-10-21,2025-01-22,2026-08-31,1,2,1,4,Hibernating,Low-cost reactivation campaign; survey to learn why they stopped buying.
CUST002500,180.0,6,287.27,2025-03-13,2026-03-04,2026-08-31,3,4,4,11,Loyal Customers,Upsell higher-value products; enrol in loyalty programme.
CUST002501,45.0,13,1607.81,2024-11-29,2026-07-17,2026-08-31,5,5,5,15,Champions,Reward with early access / loyalty perks; ask for referrals & reviews.
CUST002502,20.0,1,26.05,2026-08-11,2026-08-11,2026-08-31,5,1,1,7,New Customers,Onboard well; send a strong second-purchase incentive within 30 days.
CUST002503,23.0,12,7726.9,2024-09-16,2026-08-08,2026-08-31,5,5,5,15,Champions,Reward with early access / loyalty perks; ask for referrals & reviews.
CUST002504,638.0,1,24.51,2024-12-01,2024-12-01,2026-08-31,1,1,1,3,Lost,Deprioritise spend; include only in broad low-cost re-engagement blasts.
CUST002505,48.0,6,321.03999999999996,2025-09-15,2026-07-14,2026-08-31,4,4,4,12,Champions,Reward with early access / loyalty perks; ask for referrals & reviews.
CUST002506,26.0,12,1523.76,2024-10-21,2026-08-05,2026-08-31,5,5,5,15,Champions,Reward with early access / loyalty perks; ask for referrals & reviews.
CUST002507,301.0,1,60.81,2025-11-03,2025-11-03,2026-08-31,2,1,2,5,About To Sleep,Re-engagement email with personalised recommendations before they go cold.
CUST002508,657.0,1,28.73,2024-11-12,2024-11-12,2026-08-31,1,1,1,3,Lost,Deprioritise spend; include only in broad low-cost re-engagement blasts.
CUST002509,589.0,1,24.89,2025-01-19,2025-01-19,2026-08-31,1,1,1,3,Lost,Deprioritise spend; include only in broad low-cost re-engagement blasts.
CUST002510,434.0,1,61.94,2025-06-23,2025-06-23,2026-08-31,2,1,2,5,About To Sleep,Re-engagement email with personalised recommendations before they go cold.
CUST002511,178.0,2,167.35000000000002,2026-01-29,2026-03-06,2026-08-31,3,2,3,8,Promising,Nurture with targeted content; small incentive to drive a second order.
CUST002512,185.0,5,320.44,2025-06-15,2026-02-27,2026-08-31,3,4,4,11,Loyal Customers,Upsell higher-value products; enrol in loyalty programme.
CUST002513,58.0,13,985.28,2024-10-04,2026-07-04,2026-08-31,4,5,5,14,Champions,Reward with early access / loyalty perks; ask for referrals & reviews.
CUST002514,9.0,12,1145.91,2024-09-25,2026-08-22,2026-08-31,5,5,5,15,Champions,Reward with early access / loyalty perks; ask for referrals & reviews.
CUST002515,95.0,2,94.22999999999999,2026-02-02,2026-05-28,2026-08-31,4,2,2,8,Potential Loyalists,Offer membership / subscription; personalised follow-up after purchase.
CUST002516,556.0,3,279.06,2024-09-10,2025-02-21,2026-08-31,1,3,4,8,At Risk,Reach out personally; time-boxed discount to prevent churn.
CUST002517,164.0,10,1144.54,2024-10-06,2026-03-20,2026-08-31,3,5,5,13,Loyal Customers,Upsell higher-value products; enrol in loyalty programme.
CUST002518,92.0,2,118.51,2026-05-15,2026-05-31,2026-08-31,4,2,3,9,Potential Loyalists,Offer membership / subscription; personalised follow-up after purchase.
CUST002519,686.0,1,13.95,2024-10-14,2024-10-14,2026-08-31,1,1,1,3,Lost,Deprioritise spend; include only in broad low-cost re-engagement blasts.
CUST002520,175.0,3,140.66000000000003,2025-09-12,2026-03-09,2026-08-31,3,3,3,9,Need Attention,Limited-time win-back offer; recommend based on past purchases.
CUST002521,38.0,12,929.8399999999999,2024-09-12,2026-07-24,2026-08-31,5,5,5,15,Champions,Reward with early access / loyalty perks; ask for referrals & reviews.
CUST002522,608.0,1,52.05,2024-12-31,2024-12-31,2026-08-31,1,1,2,4,Lost,Deprioritise spend; include only in broad low-cost re-engagement blasts.
CUST002523,195.0,5,460.35,2025-01-29,2026-02-17,2026-08-31,3,4,4,11,Loyal Customers,Upsell higher-value products; enrol in loyalty programme.
CUST002524,400.0,1,155.08,2025-07-27,2025-07-27,2026-08-31,2,1,3,6,About To Sleep,Re-engagement email with personalised recommendations before they go cold.
CUST002525,435.0,2,78.42,2025-06-01,2025-06-22,2026-08-31,2,2,2,6,About To Sleep,Re-engagement email with personalised recommendations before they go cold.
CUST002526,38.0,12,1016.8,2025-01-19,2026-07-24,2026-08-31,5,5,5,15,Champions,Reward with early access / loyalty perks; ask for referrals & reviews.
CUST002527,443.0,2,122.61000000000001,2025-05-27,2025-06-14,2026-08-31,2,2,3,7,About To Sleep,Re-engagement email with personalised recommendations before they go cold.
CUST002528,571.0,2,91.33,2024-12-06,2025-02-06,2026-08-31,1,2,2,5,Hibernating,Low-cost reactivation campaign; survey to learn why they stopped buying.
CUST002529,646.0,2,80.19999999999999,2024-09-04,2024-11-23,2026-08-31,1,2,2,5,Hibernating,Low-cost reactivation campaign; survey to learn why they stopped buying.
CUST002530,700.0,1,43.49,2024-09-30,2024-09-30,2026-08-31,1,1,1,3,Lost,Deprioritise spend; include only in broad low-cost re-engagement blasts.
CUST002531,650.0,1,27.31,2024-11-19,2024-11-19,2026-08-31,1,1,1,3,Lost,Deprioritise spend; include only in broad low-cost re-engagement blasts.
CUST002532,368.0,1,18.6,2025-08-28,2025-08-28,2026-08-31,2,1,1,4,About To Sleep,Re-engagement email with personalised recommendations before they go cold.
CUST002533,70.0,1,18.41,2026-06-22,2026-06-22,2026-08-31,4,1,1,6,New Customers,Onboard well; send a strong second-purchase incentive within 30 days.
CUST002534,2.0,11,1609.82,2024-09-16,2026-08-29,2026-08-31,5,5,5,15,Champions,Reward with early access / loyalty perks; ask for referrals & reviews.
CUST002535,24.0,7,4704.79,2025-05-26,2026-08-07,2026-08-31,5,4,5,14,Champions,Reward with early access / loyalty perks; ask for referrals & reviews.
CUST002536,194.0,1,13.31,2026-02-18,2026-02-18,2026-08-31,3,1,1,5,Promising,Nurture with targeted content; small incentive to drive a second order.
CUST002537,600.0,2,119.84,2024-09-27,2025-01-08,2026-08-31,1,2,3,6,Need Attention,Limited-time win-back offer; recommend based on past purchases.
CUST002538,37.0,5,235.14999999999998,2025-08-06,2026-07-25,2026-08-31,5,4,4,13,Champions,Reward with early access / loyalty perks; ask for referrals & reviews.
CUST002539,5.0,13,1977.94,2024-10-19,2026-08-26,2026-08-31,5,5,5,15,Champions,Reward with early access / loyalty perks; ask for referrals & reviews.
CUST002540,562.0,1,14.33,2025-02-15,2025-02-15,2026-08-31,1,1,1,3,Lost,Deprioritise spend; include only in broad low-cost re-engagement blasts.
CUST002541,675.0,1,79.79,2024-10-25,2024-10-25,2026-08-31,1,1,2,4,Lost,Deprioritise spend; include only in broad low-cost re-engagement blasts.
CUST002542,159.0,3,150.21,2025-12-24,2026-03-25,2026-08-31,3,3,3,9,Need Attention,Limited-time win-back offer; recommend based on past purchases.
CUST002543,169.0,6,439.71,2025-02-24,2026-03-15,2026-08-31,3,4,4,11,Loyal Customers,Upsell higher-value products; enrol in loyalty programme.
CUST002544,94.0,4,212.65,2025-11-25,2026-05-29,2026-08-31,4,3,3,10,Potential Loyalists,Offer membership / subscription; personalised follow-up after purchase.
CUST002545,209.0,1,94.02,2026-02-03,2026-02-03,2026-08-31,3,1,2,6,Promising,Nurture with targeted content; small incentive to drive a second order.
CUST002546,161.0,3,201.21,2025-12-25,2026-03-23,2026-08-31,3,3,3,9,Need Attention,Limited-time win-back offer; recommend based on past purchases.
CUST002547,65.0,9,7090.139999999999,2025-07-14,2026-06-27,2026-08-31,4,5,5,14,Champions,Reward with early access / loyalty perks; ask for referrals & reviews.
CUST002548,72.0,8,656.84,2025-07-23,2026-06-20,2026-08-31,4,4,4,12,Champions,Reward with early access / loyalty perks; ask for referrals & reviews.
CUST002549,162.0,6,341.34,2025-06-03,2026-03-22,2026-08-31,3,4,4,11,Loyal Customers,Upsell higher-value products; enrol in loyalty programme.
CUST002550,207.0,5,299.76,2025-07-06,2026-02-05,2026-08-31,3,4,4,11,Loyal Customers,Upsell higher-value products; enrol in loyalty programme.
CUST002551,265.0,1,23.44,2025-12-09,2025-12-09,2026-08-31,2,1,1,4,About To Sleep,Re-engagement email with personalised recommendations before they go cold.
CUST002552,46.0,4,150.82999999999998,2026-02-18,2026-07-16,2026-08-31,4,3,3,10,Potential Loyalists,Offer membership / subscription; personalised follow-up after purchase.
CUST002553,97.0,1,4.72,2026-05-26,2026-05-26,2026-08-31,4,1,1,6,New Customers,Onboard well; send a strong second-purchase incentive within 30 days.
CUST002554,1.0,4,2529.96,2026-01-17,2026-08-30,2026-08-31,5,3,5,13,Potential Loyalists,Offer membership / subscription; personalised follow-up after purchase.
CUST002555,34.0,4,228.05,2026-01-23,2026-07-28,2026-08-31,5,3,4,12,Potential Loyalists,Offer membership / subscription; personalised follow-up after purchase.
CUST002556,40.0,1,39.41,2026-07-22,2026-07-22,2026-08-31,5,1,1,7,New Customers,Onboard well; send a strong second-purchase incentive within 30 days.
CUST002557,16.0,10,1674.05,2024-12-23,2026-08-15,2026-08-31,5,5,5,15,Champions,Reward with early access / loyalty perks; ask for referrals & reviews.
CUST002558,212.0,3,80.55000000000001,2025-12-22,2026-01-31,2026-08-31,3,3,2,8,Need Attention,Limited-time win-back offer; recommend based on past purchases.
CUST002559,79.0,4,327.59,2025-12-22,2026-06-13,2026-08-31,4,3,4,11,Potential Loyalists,Offer membership / subscription; personalised follow-up after purchase.
CUST002560,24.0,13,1615.19,2024-09-30,2026-08-07,2026-08-31,5,5,5,15,Champions,Reward with early access / loyalty perks; ask for referrals & reviews.
CUST002561,605.0,1,15.66,2025-01-03,2025-01-03,2026-08-31,1,1,1,3,Lost,Deprioritise spend; include only in broad low-cost re-engagement blasts.
CUST002562,126.0,1,49.73,2026-04-27,2026-04-27,2026-08-31,3,1,2,6,Promising,Nurture with targeted content; small incentive to drive a second order.
CUST002563,427.0,1,91.35,2025-06-30,2025-06-30,2026-08-31,2,1,2,5,About To Sleep,Re-engagement email with personalised recommendations before they go cold.
CUST002564,382.0,1,24.5,2025-08-14,2025-08-14,2026-08-31,2,1,1,4,About To Sleep,Re-engagement email with personalised recommendations before they go cold.
CUST002565,563.0,1,54.54,2025-02-14,2025-02-14,2026-08-31,1,1,2,4,Lost,Deprioritise spend; include only in broad low-cost re-engagement blasts.
CUST002566,112.0,2,146.64,2026-03-20,2026-05-11,2026-08-31,3,2,3,8,Promising,Nurture with targeted content; small incentive to drive a second order.
CUST002567,1.0,15,3693.95,2024-10-31,2026-08-30,2026-08-31,5,5,5,15,Champions,Reward with early access / loyalty perks; ask for referrals & reviews.
CUST002568,73.0,14,1326.23,2024-10-02,2026-06-19,2026-08-31,4,5,5,14,Champions,Reward with early access / loyalty perks; ask for referrals & reviews.
CUST002569,395.0,1,86.9,2025-08-01,2025-08-01,2026-08-31,2,1,2,5,About To Sleep,Re-engagement email with personalised recommendations before they go cold.
CUST002570,31.0,8,4793.52,2025-06-24,2026-07-31,2026-08-31,5,4,5,14,Champions,Reward with early access / loyalty perks; ask for referrals & reviews.
CUST002571,20.0,14,1680.57,2024-08-31,2026-08-11,2026-08-31,5,5,5,15,Champions,Reward with early access / loyalty perks; ask for referrals & reviews.
CUST002572,443.0,1,30.62,2025-06-14,2025-06-14,2026-08-31,2,1,1,4,About To Sleep,Re-engagement email with personalised recommendations before they go cold.
CUST002573,629.0,2,55.47,2024-09-10,2024-12-10,2026-08-31,1,2,2,5,Hibernating,Low-cost reactivation campaign; survey to learn why they stopped buying.
CUST002574,687.0,1,58.11,2024-10-13,2024-10-13,2026-08-31,1,1,2,4,Lost,Deprioritise spend; include only in broad low-cost re-engagement blasts.
CUST002575,127.0,1,17.52,2026-04-26,2026-04-26,2026-08-31,3,1,1,5,Promising,Nurture with targeted content; small incentive to drive a second order.
CUST002576,643.0,1,86.91,2024-11-26,2024-11-26,2026-08-31,1,1,2,4,Lost,Deprioritise spend; include only in broad low-cost re-engagement blasts.
CUST002577,79.0,1,39.49,2026-06-13,2026-06-13,2026-08-31,4,1,1,6,New Customers,Onboard well; send a strong second-purchase incentive within 30 days.
CUST002578,520.0,2,119.47,2025-02-07,2025-03-29,2026-08-31,1,2,3,6,Need Attention,Limited-time win-back offer; recommend based on past purchases.
CUST002579,77.0,9,583.99,2024-11-29,2026-06-15,2026-08-31,4,5,4,13,Champions,Reward with early access / loyalty perks; ask for referrals & reviews.
CUST002580,471.0,4,146.35,2024-09-24,2025-05-17,2026-08-31,1,3,3,7,At Risk,Reach out personally; time-boxed discount to prevent churn.
CUST002581,23.0,9,1367.77,2024-08-30,2026-08-08,2026-08-31,5,5,5,15,Champions,Reward with early access / loyalty perks; ask for referrals & reviews.
CUST002582,304.0,3,209.07,2025-06-22,2025-10-31,2026-08-31,2,3,3,8,At Risk,Reach out personally; time-boxed discount to prevent churn.
CUST002583,36.0,9,815.79,2025-07-15,2026-07-26,2026-08-31,5,5,5,15,Champions,Reward with early access / loyalty perks; ask for referrals & reviews.
CUST002584,53.0,11,666.23,2024-09-28,2026-07-09,2026-08-31,4,5,4,13,Champions,Reward with early access / loyalty perks; ask for referrals & reviews.
CUST002585,6.0,11,1116.94,2024-10-23,2026-08-25,2026-08-31,5,5,5,15,Champions,Reward with early access / loyalty perks; ask for referrals & reviews.
CUST002586,186.0,3,117.78,2025-12-07,2026-02-26,2026-08-31,3,3,3,9,Need Attention,Limited-time win-back offer; recommend based on past purchases.
CUST002587,215.0,2,76.53,2026-01-18,2026-01-28,2026-08-31,3,2,2,7,Promising,Nurture with targeted content; small incentive to drive a second order.
CUST002588,71.0,11,841.51,2024-10-28,2026-06-21,2026-08-31,4,5,5,14,Champions,Reward with early access / loyalty perks; ask for referrals & reviews.
CUST002589,225.0,2,39.16,2025-09-30,2026-01-18,2026-08-31,2,2,1,5,About To Sleep,Re-engagement email with personalised recommendations before they go cold.
CUST002590,73.0,4,149.79,2025-11-07,2026-06-19,2026-08-31,4,3,3,10,Potential Loyalists,Offer membership / subscription; personalised follow-up after purchase.
CUST002591,373.0,4,173.7,2024-12-06,2025-08-23,2026-08-31,2,3,3,8,At Risk,Reach out personally; time-boxed discount to prevent churn.
CUST002592,325.0,2,53.46,2025-08-01,2025-10-10,2026-08-31,2,2,2,6,About To Sleep,Re-engagement email with personalised recommendations before they go cold.
CUST002593,416.0,1,19.86,2025-07-11,2025-07-11,2026-08-31,2,1,1,4,About To Sleep,Re-engagement email with personalised recommendations before they go cold.
CUST002594,83.0,8,596.57,2025-01-09,2026-06-09,2026-08-31,4,4,4,12,Champions,Reward with early access / loyalty perks; ask for referrals & reviews.
CUST002595,157.0,2,103.53999999999999,2026-01-29,2026-03-27,2026-08-31,3,2,2,7,Promising,Nurture with targeted content; small incentive to drive a second order.
CUST002596,305.0,4,215.06,2025-03-23,2025-10-30,2026-08-31,2,3,3,8,At Risk,Reach out personally; time-boxed discount to prevent churn.
CUST002597,82.0,13,1062.06,2024-09-06,2026-06-10,2026-08-31,4,5,5,14,Champions,Reward with early access / loyalty perks; ask for referrals & reviews.
CUST002598,129.0,5,261.9,2025-09-26,2026-04-24,2026-08-31,3,4,4,11,Loyal Customers,Upsell higher-value products; enrol in loyalty programme.
CUST002599,336.0,3,109.64,2025-03-28,2025-09-29,2026-08-31,2,3,2,7,Hibernating,Low-cost reactivation campaign; survey to learn why they stopped buying.
CUST002600,46.0,10,7549.87,2025-03-09,2026-07-16,2026-08-31,4,5,5,14,Champions,Reward with early access / loyalty perks; ask for referrals & reviews.
CUST002601,71.0,5,542.21,2025-08-22,2026-06-21,2026-08-31,4,4,4,12,Champions,Reward with early access / loyalty perks; ask for referrals & reviews.
CUST002602,78.0,1,52.65,2026-06-14,2026-06-14,2026-08-31,4,1,2,7,New Customers,Onboard well; send a strong second-purchase incentive within 30 days.
CUST002603,192.0,3,156.72,2025-09-17,2026-02-20,2026-08-31,3,3,3,9,Need Attention,Limited-time win-back offer; recommend based on past purchases.
CUST002604,408.0,2,131.49,2025-04-19,2025-07-19,2026-08-31,2,2,3,7,About To Sleep,Re-engagement email with personalised recommendations before they go cold.
CUST002605,27.0,13,1781.33,2024-09-27,2026-08-04,2026-08-31,5,5,5,15,Champions,Reward with early access / loyalty perks; ask for referrals & reviews.
CUST002606,58.0,11,730.21,2024-12-11,2026-07-04,2026-08-31,4,5,4,13,Champions,Reward with early access / loyalty perks; ask for referrals & reviews.
CUST002607,369.0,1,56.14,2025-08-27,2025-08-27,2026-08-31,2,1,2,5,About To Sleep,Re-engagement email with personalised recommendations before they go cold.
CUST002608,194.0,1,85.43,2026-02-18,2026-02-18,2026-08-31,3,1,2,6,Promising,Nurture with targeted content; small incentive to drive a second order.
CUST002609,493.0,1,119.34,2025-04-25,2025-04-25,2026-08-31,1,1,3,5,Lost,Deprioritise spend; include only in broad low-cost re-engagement blasts.
CUST002610,178.0,2,84.3,2026-01-24,2026-03-06,2026-08-31,3,2,2,7,Promising,Nurture with targeted content; small incentive to drive a second order.
CUST002611,587.0,1,20.06,2025-01-21,2025-01-21,2026-08-31,1,1,1,3,Lost,Deprioritise spend; include only in broad low-cost re-engagement blasts.
CUST002612,538.0,2,44.57,2024-11-27,2025-03-11,2026-08-31,1,2,1,4,Hibernating,Low-cost reactivation campaign; survey to learn why they stopped buying.
CUST002613,210.0,4,318.26000000000005,2025-07-26,2026-02-02,2026-08-31,3,3,4,10,Need Attention,Limited-time win-back offer; recommend based on past purchases.
CUST002614,499.0,2,273.15999999999997,2025-02-03,2025-04-19,2026-08-31,1,2,4,7,Need Attention,Limited-time win-back offer; recommend based on past purchases.
CUST002615,69.0,2,102.78999999999999,2026-05-04,2026-06-23,2026-08-31,4,2,2,8,Potential Loyalists,Offer membership / subscription; personalised follow-up after purchase.
CUST002616,93.0,3,71.19,2026-04-19,2026-05-30,2026-08-31,4,3,2,9,Potential Loyalists,Offer membership / subscription; personalised follow-up after purchase.
CUST002617,49.0,11,674.11,2025-02-17,2026-07-13,2026-08-31,4,5,4,13,Champions,Reward with early access / loyalty perks; ask for referrals & reviews.
CUST002618,669.0,1,86.81,2024-10-31,2024-10-31,2026-08-31,1,1,2,4,Lost,Deprioritise spend; include only in broad low-cost re-engagement blasts.
CUST002619,366.0,2,114.59,2025-05-18,2025-08-30,2026-08-31,2,2,3,7,About To Sleep,Re-engagement email with personalised recommendations before they go cold.
CUST002620,321.0,2,107.72999999999999,2025-06-25,2025-10-14,2026-08-31,2,2,2,6,About To Sleep,Re-engagement email with personalised recommendations before they go cold.
CUST002621,342.0,4,109.12,2025-04-10,2025-09-23,2026-08-31,2,3,2,7,Hibernating,Low-cost reactivation campaign; survey to learn why they stopped buying.
CUST002622,30.0,4,3124.9300000000003,2026-02-10,2026-08-01,2026-08-31,5,3,5,13,Potential Loyalists,Offer membership / subscription; personalised follow-up after purchase.
CUST002623,82.0,5,433.96000000000004,2026-01-21,2026-06-10,2026-08-31,4,4,4,12,Champions,Reward with early access / loyalty perks; ask for referrals & reviews.
CUST002624,366.0,4,453.82,2025-04-02,2025-08-30,2026-08-31,2,3,4,9,At Risk,Reach out personally; time-boxed discount to prevent churn.
CUST002625,292.0,1,7.1,2025-11-12,2025-11-12,2026-08-31,2,1,1,4,About To Sleep,Re-engagement email with personalised recommendations before they go cold.
CUST002626,216.0,3,192.83999999999997,2025-12-13,2026-01-27,2026-08-31,3,3,3,9,Need Attention,Limited-time win-back offer; recommend based on past purchases.
CUST002627,597.0,1,100.73,2025-01-11,2025-01-11,2026-08-31,1,1,2,4,Lost,Deprioritise spend; include only in broad low-cost re-engagement blasts.
CUST002628,31.0,6,369.15999999999997,2025-10-24,2026-07-31,2026-08-31,5,4,4,13,Champions,Reward with early access / loyalty perks; ask for referrals & reviews.
CUST002629,63.0,3,135.98,2026-02-17,2026-06-29,2026-08-31,4,3,3,10,Potential Loyalists,Offer membership / subscription; personalised follow-up after purchase.
CUST002630,169.0,3,134.69,2026-01-19,2026-03-15,2026-08-31,3,3,3,9,Need Attention,Limited-time win-back offer; recommend based on past purchases.
CUST002631,64.0,11,579.66,2024-10-07,2026-06-28,2026-08-31,4,5,4,13,Champions,Reward with early access / loyalty perks; ask for referrals & reviews.
CUST002632,151.0,5,208.67000000000002,2025-08-08,2026-04-02,2026-08-31,3,4,3,10,Loyal Customers,Upsell higher-value products; enrol in loyalty programme.
CUST002633,364.0,1,28.92,2025-09-01,2025-09-01,2026-08-31,2,1,1,4,About To Sleep,Re-engagement email with personalised recommendations before they go cold.
CUST002634,,0,0.0,,,2026-08-31,,,,,No Purchase History,Investigate: no purchase history -- confirm signup funnel / re-engage with welcome offer.
CUST002635,311.0,1,20.36,2025-10-24,2025-10-24,2026-08-31,2,1,1,4,About To Sleep,Re-engagement email with personalised recommendations before they go cold.
CUST002636,238.0,5,413.25,2025-05-07,2026-01-05,2026-08-31,2,4,4,10,At Risk,Reach out personally; time-boxed discount to prevent churn.
CUST002637,216.0,5,262.37,2025-04-22,2026-01-27,2026-08-31,3,4,4,11,Loyal Customers,Upsell higher-value products; enrol in loyalty programme.
CUST002638,35.0,5,304.83000000000004,2025-11-14,2026-07-27,2026-08-31,5,4,4,13,Champions,Reward with early access / loyalty perks; ask for referrals & reviews.
CUST002639,368.0,1,17.79,2025-08-28,2025-08-28,2026-08-31,2,1,1,4,About To Sleep,Re-engagement email with personalised recommendations before they go cold.
CUST002640,53.0,11,544.08,2024-11-03,2026-07-09,2026-08-31,4,5,4,13,Champions,Reward with early access / loyalty perks; ask for referrals & reviews.
CUST002641,505.0,1,96.14,2025-04-13,2025-04-13,2026-08-31,1,1,2,4,Lost,Deprioritise spend; include only in broad low-cost re-engagement blasts.
CUST002642,465.0,1,7.64,2025-05-23,2025-05-23,2026-08-31,1,1,1,3,Lost,Deprioritise spend; include only in broad low-cost re-engagement blasts.
CUST002643,329.0,1,14.11,2025-10-06,2025-10-06,2026-08-31,2,1,1,4,About To Sleep,Re-engagement email with personalised recommendations before they go cold.
CUST002644,490.0,2,85.84,2025-01-24,2025-04-28,2026-08-31,1,2,2,5,Hibernating,Low-cost reactivation campaign; survey to learn why they stopped buying.
CUST002645,203.0,3,154.79,2025-08-10,2026-02-09,2026-08-31,3,3,3,9,Need Attention,Limited-time win-back offer; recommend based on past purchases.
CUST002646,,0,0.0,,,2026-08-31,,,,,No Purchase History,Investigate: no purchase history -- confirm signup funnel / re-engage with welcome offer.
CUST002647,81.0,1,57.88,2026-06-11,2026-06-11,2026-08-31,4,1,2,7,New Customers,Onboard well; send a strong second-purchase incentive within 30 days.
CUST002648,557.0,2,56.05,2024-11-18,2025-02-20,2026-08-31,1,2,2,5,Hibernating,Low-cost reactivation campaign; survey to learn why they stopped buying.
CUST002649,235.0,1,10.83,2026-01-08,2026-01-08,2026-08-31,2,1,1,4,About To Sleep,Re-engagement email with personalised recommendations before they go cold.
CUST002650,587.0,2,134.05,2024-11-07,2025-01-21,2026-08-31,1,2,3,6,Need Attention,Limited-time win-back offer; recommend based on past purchases.
CUST002651,33.0,4,2983.99,2026-02-19,2026-07-29,2026-08-31,5,3,5,13,Potential Loyalists,Offer membership / subscription; personalised follow-up after purchase.
CUST002652,255.0,3,394.69,2025-06-17,2025-12-19,2026-08-31,2,3,4,9,At Risk,Reach out personally; time-boxed discount to prevent churn.
CUST002653,309.0,1,53.82,2025-10-26,2025-10-26,2026-08-31,2,1,2,5,About To Sleep,Re-engagement email with personalised recommendations before they go cold.
CUST002654,61.0,1,4.78,2026-07-01,2026-07-01,2026-08-31,4,1,1,6,New Customers,Onboard well; send a strong second-purchase incentive within 30 days.
CUST002655,116.0,6,323.77,2025-07-18,2026-05-07,2026-08-31,3,4,4,11,Loyal Customers,Upsell higher-value products; enrol in loyalty programme.
CUST002656,420.0,4,327.55,2024-12-25,2025-07-07,2026-08-31,2,3,4,9,At Risk,Reach out personally; time-boxed discount to prevent churn.
CUST002657,115.0,4,184.75,2025-11-16,2026-05-08,2026-08-31,3,3,3,9,Need Attention,Limited-time win-back offer; recommend based on past purchases.
CUST002658,170.0,1,73.25,2026-03-14,2026-03-14,2026-08-31,3,1,2,6,Promising,Nurture with targeted content; small incentive to drive a second order.
CUST002659,63.0,8,569.34,2025-09-10,2026-06-29,2026-08-31,4,4,4,12,Champions,Reward with early access / loyalty perks; ask for referrals & reviews.
CUST002660,91.0,5,489.96999999999997,2025-11-24,2026-06-01,2026-08-31,4,4,4,12,Champions,Reward with early access / loyalty perks; ask for referrals & reviews.
CUST002661,579.0,2,84.35,2024-12-17,2025-01-29,2026-08-31,1,2,2,5,Hibernating,Low-cost reactivation campaign; survey to learn why they stopped buying.
CUST002662,156.0,4,330.53999999999996,2025-08-19,2026-03-28,2026-08-31,3,3,4,10,Need Attention,Limited-time win-back offer; recommend based on past purchases.
CUST002663,187.0,4,381.3,2025-09-10,2026-02-25,2026-08-31,3,3,4,10,Need Attention,Limited-time win-back offer; recommend based on past purchases.
CUST002664,41.0,4,197.36,2026-02-13,2026-07-21,2026-08-31,5,3,3,11,Potential Loyalists,Offer membership / subscription; personalised follow-up after purchase.
CUST002665,31.0,6,203.12,2025-08-15,2026-07-31,2026-08-31,5,4,3,12,Loyal Customers,Upsell higher-value products; enrol in loyalty programme.
CUST002666,493.0,2,75.69999999999999,2025-02-22,2025-04-25,2026-08-31,1,2,2,5,Hibernating,Low-cost reactivation campaign; survey to learn why they stopped buying.
CUST002667,424.0,1,52.04,2025-07-03,2025-07-03,2026-08-31,2,1,2,5,About To Sleep,Re-engagement email with personalised recommendations before they go cold.
CUST002668,65.0,14,1395.86,2024-09-03,2026-06-27,2026-08-31,4,5,5,14,Champions,Reward with early access / loyalty perks; ask for referrals & reviews.
CUST002669,101.0,1,29.43,2026-05-22,2026-05-22,2026-08-31,4,1,1,6,New Customers,Onboard well; send a strong second-purchase incentive within 30 days.
CUST002670,181.0,4,144.8,2025-08-22,2026-03-03,2026-08-31,3,3,3,9,Need Attention,Limited-time win-back offer; recommend based on past purchases.
CUST002671,618.0,1,15.59,2024-12-21,2024-12-21,2026-08-31,1,1,1,3,Lost,Deprioritise spend; include only in broad low-cost re-engagement blasts.
CUST002672,68.0,2,52.47,2026-03-12,2026-06-24,2026-08-31,4,2,2,8,Potential Loyalists,Offer membership / subscription; personalised follow-up after purchase.
CUST002673,81.0,1,61.63,2026-06-11,2026-06-11,2026-08-31,4,1,2,7,New Customers,Onboard well; send a strong second-purchase incentive within 30 days.
CUST002674,185.0,4,205.0,2025-07-04,2026-02-27,2026-08-31,3,3,3,9,Need Attention,Limited-time win-back offer; recommend based on past purchases.
CUST002675,684.0,1,86.76,2024-10-16,2024-10-16,2026-08-31,1,1,2,4,Lost,Deprioritise spend; include only in broad low-cost re-engagement blasts.
CUST002676,680.0,1,79.12,2024-10-20,2024-10-20,2026-08-31,1,1,2,4,Lost,Deprioritise spend; include only in broad low-cost re-engagement blasts.
CUST002677,31.0,2,91.45,2026-05-29,2026-07-31,2026-08-31,5,2,2,9,Potential Loyalists,Offer membership / subscription; personalised follow-up after purchase.
CUST002678,340.0,1,59.46,2025-09-25,2025-09-25,2026-08-31,2,1,2,5,About To Sleep,Re-engagement email with personalised recommendations before they go cold.
CUST002679,375.0,1,58.84,2025-08-21,2025-08-21,2026-08-31,2,1,2,5,About To Sleep,Re-engagement email with personalised recommendations before they go cold.
CUST002680,46.0,4,152.89,2026-02-05,2026-07-16,2026-08-31,4,3,3,10,Potential Loyalists,Offer membership / subscription; personalised follow-up after purchase.
CUST002681,488.0,2,44.629999999999995,2025-01-23,2025-04-30,2026-08-31,1,2,1,4,Hibernating,Low-cost reactivation campaign; survey to learn why they stopped buying.
CUST002682,552.0,2,91.44999999999999,2025-02-17,2025-02-25,2026-08-31,1,2,2,5,Hibernating,Low-cost reactivation campaign; survey to learn why they stopped buying.
CUST002683,6.0,11,723.54,2025-01-29,2026-08-25,2026-08-31,5,5,4,14,Champions,Reward with early access / loyalty perks; ask for referrals & reviews.
CUST002684,430.0,1,29.63,2025-06-27,2025-06-27,2026-08-31,2,1,1,4,About To Sleep,Re-engagement email with personalised recommendations before they go cold.
CUST002685,109.0,6,201.92000000000002,2025-10-01,2026-05-14,2026-08-31,3,4,3,10,Loyal Customers,Upsell higher-value products; enrol in loyalty programme.
CUST002686,380.0,1,7.5,2025-08-16,2025-08-16,2026-08-31,2,1,1,4,About To Sleep,Re-engagement email with personalised recommendations before they go cold.
CUST002687,139.0,3,217.66000000000003,2025-09-24,2026-04-14,2026-08-31,3,3,3,9,Need Attention,Limited-time win-back offer; recommend based on past purchases.
CUST002688,673.0,1,37.27,2024-10-27,2024-10-27,2026-08-31,1,1,1,3,Lost,Deprioritise spend; include only in broad low-cost re-engagement blasts.
CUST002689,189.0,4,173.89,2025-07-27,2026-02-23,2026-08-31,3,3,3,9,Need Attention,Limited-time win-back offer; recommend based on past purchases.
CUST002690,693.0,1,30.88,2024-10-07,2024-10-07,2026-08-31,1,1,1,3,Lost,Deprioritise spend; include only in broad low-cost re-engagement blasts.
CUST002691,602.0,2,38.47,2024-12-06,2025-01-06,2026-08-31,1,2,1,4,Hibernating,Low-cost reactivation campaign; survey to learn why they stopped buying.
CUST002692,212.0,3,135.94,2025-08-12,2026-01-31,2026-08-31,3,3,3,9,Need Attention,Limited-time win-back offer; recommend based on past purchases.
CUST002693,515.0,4,169.13,2024-11-13,2025-04-03,2026-08-31,1,3,3,7,At Risk,Reach out personally; time-boxed discount to prevent churn.
CUST002694,9.0,10,8077.87,2025-01-07,2026-08-22,2026-08-31,5,5,5,15,Champions,Reward with early access / loyalty perks; ask for referrals & reviews.
CUST002695,466.0,1,67.54,2025-05-22,2025-05-22,2026-08-31,1,1,2,4,Lost,Deprioritise spend; include only in broad low-cost re-engagement blasts.
CUST002696,87.0,11,817.78,2024-09-06,2026-06-05,2026-08-31,4,5,5,14,Champions,Reward with early access / loyalty perks; ask for referrals & reviews.
CUST002697,578.0,2,64.45,2024-11-09,2025-01-30,2026-08-31,1,2,2,5,Hibernating,Low-cost reactivation campaign; survey to learn why they stopped buying.
CUST002698,19.0,12,1881.56,2024-10-30,2026-08-12,2026-08-31,5,5,5,15,Champions,Reward with early access / loyalty perks; ask for referrals & reviews.
CUST002699,217.0,2,88.75,2025-10-06,2026-01-26,2026-08-31,3,2,2,7,Promising,Nurture with targeted content; small incentive to drive a second order.
CUST002700,310.0,1,37.96,2025-10-25,2025-10-25,2026-08-31,2,1,1,4,About To Sleep,Re-engagement email with personalised recommendations before they go cold.
CUST002701,235.0,1,21.08,2026-01-08,2026-01-08,2026-08-31,2,1,1,4,About To Sleep,Re-engagement email with personalised recommendations before they go cold.
CUST002702,515.0,1,69.76,2025-04-03,2025-04-03,2026-08-31,1,1,2,4,Lost,Deprioritise spend; include only in broad low-cost re-engagement blasts.
CUST002703,222.0,3,201.19,2025-09-11,2026-01-21,2026-08-31,2,3,3,8,At Risk,Reach out personally; time-boxed discount to prevent churn.
CUST002704,547.0,2,54.599999999999994,2025-02-11,2025-03-02,2026-08-31,1,2,2,5,Hibernating,Low-cost reactivation campaign; survey to learn why they stopped buying.
CUST002705,509.0,1,6.21,2025-04-09,2025-04-09,2026-08-31,1,1,1,3,Lost,Deprioritise spend; include only in broad low-cost re-engagement blasts.
CUST002706,168.0,2,109.69999999999999,2026-03-07,2026-03-16,2026-08-31,3,2,2,7,Promising,Nurture with targeted content; small incentive to drive a second order.
CUST002707,328.0,2,54.629999999999995,2025-08-19,2025-10-07,2026-08-31,2,2,2,6,About To Sleep,Re-engagement email with personalised recommendations before they go cold.
CUST002708,130.0,5,478.43,2025-09-17,2026-04-23,2026-08-31,3,4,4,11,Loyal Customers,Upsell higher-value products; enrol in loyalty programme.
CUST002709,37.0,9,531.9399999999999,2024-10-02,2026-07-25,2026-08-31,5,5,4,14,Champions,Reward with early access / loyalty perks; ask for referrals & reviews.
CUST002710,55.0,1,81.61,2026-07-07,2026-07-07,2026-08-31,4,1,2,7,New Customers,Onboard well; send a strong second-purchase incentive within 30 days.
CUST002711,23.0,8,6290.91,2025-09-20,2026-08-08,2026-08-31,5,4,5,14,Champions,Reward with early access / loyalty perks; ask for referrals & reviews.
CUST002712,139.0,2,155.87,2026-01-06,2026-04-14,2026-08-31,3,2,3,8,Promising,Nurture with targeted content; small incentive to drive a second order.
CUST002713,152.0,5,492.84000000000003,2025-08-05,2026-04-01,2026-08-31,3,4,4,11,Loyal Customers,Upsell higher-value products; enrol in loyalty programme.
CUST002714,84.0,8,689.1,2024-11-28,2026-06-08,2026-08-31,4,4,4,12,Champions,Reward with early access / loyalty perks; ask for referrals & reviews.
CUST002715,661.0,1,36.58,2024-11-08,2024-11-08,2026-08-31,1,1,1,3,Lost,Deprioritise spend; include only in broad low-cost re-engagement blasts.
CUST002716,224.0,2,62.39,2025-10-23,2026-01-19,2026-08-31,2,2,2,6,About To Sleep,Re-engagement email with personalised recommendations before they go cold.
CUST002717,431.0,1,56.53,2025-06-26,2025-06-26,2026-08-31,2,1,2,5,About To Sleep,Re-engagement email with personalised recommendations before they go cold.
CUST002718,24.0,13,8479.28,2024-10-10,2026-08-07,2026-08-31,5,5,5,15,Champions,Reward with early access / loyalty perks; ask for referrals & reviews.
CUST002719,37.0,11,1372.37,2024-10-02,2026-07-25,2026-08-31,5,5,5,15,Champions,Reward with early access / loyalty perks; ask for referrals & reviews.
CUST002720,600.0,1,56.85,2025-01-08,2025-01-08,2026-08-31,1,1,2,4,Lost,Deprioritise spend; include only in broad low-cost re-engagement blasts.
CUST002721,439.0,1,45.39,2025-06-18,2025-06-18,2026-08-31,2,1,1,4,About To Sleep,Re-engagement email with personalised recommendations before they go cold.
CUST002722,651.0,1,22.66,2024-11-18,2024-11-18,2026-08-31,1,1,1,3,Lost,Deprioritise spend; include only in broad low-cost re-engagement blasts.
CUST002723,115.0,4,258.24,2025-10-07,2026-05-08,2026-08-31,3,3,4,10,Need Attention,Limited-time win-back offer; recommend based on past purchases.
CUST002724,140.0,4,237.91,2025-11-04,2026-04-13,2026-08-31,3,3,4,10,Need Attention,Limited-time win-back offer; recommend based on past purchases.
CUST002725,59.0,10,802.04,2025-06-09,2026-07-03,2026-08-31,4,5,5,14,Champions,Reward with early access / loyalty perks; ask for referrals & reviews.
CUST002726,272.0,1,38.82,2025-12-02,2025-12-02,2026-08-31,2,1,1,4,About To Sleep,Re-engagement email with personalised recommendations before they go cold.
CUST002727,367.0,4,454.38000000000005,2025-05-11,2025-08-29,2026-08-31,2,3,4,9,At Risk,Reach out personally; time-boxed discount to prevent churn.
CUST002728,54.0,10,491.31,2025-02-25,2026-07-08,2026-08-31,4,5,4,13,Champions,Reward with early access / loyalty perks; ask for referrals & reviews.
CUST002729,222.0,6,254.87,2025-07-04,2026-01-21,2026-08-31,2,4,4,10,At Risk,Reach out personally; time-boxed discount to prevent churn.
CUST002730,592.0,2,50.56,2024-10-05,2025-01-16,2026-08-31,1,2,2,5,Hibernating,Low-cost reactivation campaign; survey to learn why they stopped buying.
CUST002731,33.0,10,1409.6799999999998,2024-12-07,2026-07-29,2026-08-31,5,5,5,15,Champions,Reward with early access / loyalty perks; ask for referrals & reviews.
CUST002732,214.0,3,120.58,2025-10-27,2026-01-29,2026-08-31,3,3,3,9,Need Attention,Limited-time win-back offer; recommend based on past purchases.
CUST002733,135.0,1,52.45,2026-04-18,2026-04-18,2026-08-31,3,1,2,6,Promising,Nurture with targeted content; small incentive to drive a second order.
CUST002734,204.0,3,155.75,2025-12-17,2026-02-08,2026-08-31,3,3,3,9,Need Attention,Limited-time win-back offer; recommend based on past purchases.
CUST002735,184.0,2,61.790000000000006,2026-01-30,2026-02-28,2026-08-31,3,2,2,7,Promising,Nurture with targeted content; small incentive to drive a second order.
CUST002736,89.0,6,342.23,2025-07-28,2026-06-03,2026-08-31,4,4,4,12,Champions,Reward with early access / loyalty perks; ask for referrals & reviews.
CUST002737,46.0,11,800.61,2024-09-12,2026-07-16,2026-08-31,4,5,5,14,Champions,Reward with early access / loyalty perks; ask for referrals & reviews.
CUST002738,283.0,1,63.06,2025-11-21,2025-11-21,2026-08-31,2,1,2,5,About To Sleep,Re-engagement email with personalised recommendations before they go cold.
CUST002739,546.0,1,23.91,2025-03-03,2025-03-03,2026-08-31,1,1,1,3,Lost,Deprioritise spend; include only in broad low-cost re-engagement blasts.
CUST002740,374.0,1,16.41,2025-08-22,2025-08-22,2026-08-31,2,1,1,4,About To Sleep,Re-engagement email with personalised recommendations before they go cold.
CUST002741,31.0,12,990.36,2024-12-20,2026-07-31,2026-08-31,5,5,5,15,Champions,Reward with early access / loyalty perks; ask for referrals & reviews.
CUST002742,343.0,3,92.47,2025-03-21,2025-09-22,2026-08-31,2,3,2,7,Hibernating,Low-cost reactivation campaign; survey to learn why they stopped buying.
CUST002743,15.0,10,774.38,2024-10-13,2026-08-16,2026-08-31,5,5,5,15,Champions,Reward with early access / loyalty perks; ask for referrals & reviews.
CUST002744,304.0,2,71.57000000000001,2025-07-10,2025-10-31,2026-08-31,2,2,2,6,About To Sleep,Re-engagement email with personalised recommendations before they go cold.
CUST002745,72.0,2,62.46,2026-02-21,2026-06-20,2026-08-31,4,2,2,8,Potential Loyalists,Offer membership / subscription; personalised follow-up after purchase.
CUST002746,596.0,2,99.98,2024-11-26,2025-01-12,2026-08-31,1,2,2,5,Hibernating,Low-cost reactivation campaign; survey to learn why they stopped buying.
CUST002747,186.0,6,240.53,2025-06-04,2026-02-26,2026-08-31,3,4,4,11,Loyal Customers,Upsell higher-value products; enrol in loyalty programme.
CUST002748,57.0,10,754.63,2024-10-02,2026-07-05,2026-08-31,4,5,5,14,Champions,Reward with early access / loyalty perks; ask for referrals & reviews.
CUST002749,38.0,1,35.3,2026-07-24,2026-07-24,2026-08-31,5,1,1,7,New Customers,Onboard well; send a strong second-purchase incentive within 30 days.
CUST002750,28.0,10,1600.46,2024-09-15,2026-08-03,2026-08-31,5,5,5,15,Champions,Reward with early access / loyalty perks; ask for referrals & reviews.
CUST002751,238.0,5,250.68,2025-03-12,2026-01-05,2026-08-31,2,4,4,10,At Risk,Reach out personally; time-boxed discount to prevent churn.
CUST002752,239.0,1,135.31,2026-01-04,2026-01-04,2026-08-31,2,1,3,6,About To Sleep,Re-engagement email with personalised recommendations before they go cold.
CUST002753,421.0,3,143.86,2024-12-05,2025-07-06,2026-08-31,2,3,3,8,At Risk,Reach out personally; time-boxed discount to prevent churn.
CUST002754,46.0,10,842.1099999999999,2024-11-20,2026-07-16,2026-08-31,4,5,5,14,Champions,Reward with early access / loyalty perks; ask for referrals & reviews.
CUST002755,388.0,4,135.59,2025-05-16,2025-08-08,2026-08-31,2,3,3,8,At Risk,Reach out personally; time-boxed discount to prevent churn.
CUST002756,438.0,3,128.76999999999998,2025-03-21,2025-06-19,2026-08-31,2,3,3,8,At Risk,Reach out personally; time-boxed discount to prevent churn.
CUST002757,384.0,1,21.06,2025-08-12,2025-08-12,2026-08-31,2,1,1,4,About To Sleep,Re-engagement email with personalised recommendations before they go cold.
CUST002758,301.0,1,71.07,2025-11-03,2025-11-03,2026-08-31,2,1,2,5,About To Sleep,Re-engagement email with personalised recommendations before they go cold.
CUST002759,151.0,1,9.99,2026-04-02,2026-04-02,2026-08-31,3,1,1,5,Promising,Nurture with targeted content; small incentive to drive a second order.
CUST002760,269.0,1,22.28,2025-12-05,2025-12-05,2026-08-31,2,1,1,4,About To Sleep,Re-engagement email with personalised recommendations before they go cold.
CUST002761,134.0,1,47.02,2026-04-19,2026-04-19,2026-08-31,3,1,1,5,Promising,Nurture with targeted content; small incentive to drive a second order.
CUST002762,634.0,2,101.28,2024-09-27,2024-12-05,2026-08-31,1,2,2,5,Hibernating,Low-cost reactivation campaign; survey to learn why they stopped buying.
CUST002763,42.0,13,1025.23,2024-12-29,2026-07-20,2026-08-31,5,5,5,15,Champions,Reward with early access / loyalty perks; ask for referrals & reviews.
CUST002764,36.0,4,222.65,2025-09-14,2026-07-26,2026-08-31,5,3,3,11,Potential Loyalists,Offer membership / subscription; personalised follow-up after purchase.
CUST002765,35.0,13,892.99,2024-10-29,2026-07-27,2026-08-31,5,5,5,15,Champions,Reward with early access / loyalty perks; ask for referrals & reviews.
CUST002766,517.0,2,99.41999999999999,2024-12-19,2025-04-01,2026-08-31,1,2,2,5,Hibernating,Low-cost reactivation campaign; survey to learn why they stopped buying.
CUST002767,241.0,3,103.85,2025-08-13,2026-01-02,2026-08-31,2,3,2,7,Hibernating,Low-cost reactivation campaign; survey to learn why they stopped buying.
CUST002768,513.0,1,127.89,2025-04-05,2025-04-05,2026-08-31,1,1,3,5,Lost,Deprioritise spend; include only in broad low-cost re-engagement blasts.
CUST002769,566.0,1,33.94,2025-02-11,2025-02-11,2026-08-31,1,1,1,3,Lost,Deprioritise spend; include only in broad low-cost re-engagement blasts.
CUST002770,44.0,11,6969.71,2024-09-07,2026-07-18,2026-08-31,5,5,5,15,Champions,Reward with early access / loyalty perks; ask for referrals & reviews.
CUST002771,22.0,10,515.47,2024-12-07,2026-08-09,2026-08-31,5,5,4,14,Champions,Reward with early access / loyalty perks; ask for referrals & reviews.
CUST002772,380.0,3,85.69999999999999,2025-06-23,2025-08-16,2026-08-31,2,3,2,7,Hibernating,Low-cost reactivation campaign; survey to learn why they stopped buying.
CUST002773,660.0,1,37.76,2024-11-09,2024-11-09,2026-08-31,1,1,1,3,Lost,Deprioritise spend; include only in broad low-cost re-engagement blasts.
CUST002774,35.0,11,1736.66,2024-09-03,2026-07-27,2026-08-31,5,5,5,15,Champions,Reward with early access / loyalty perks; ask for referrals & reviews.
CUST002775,482.0,3,101.53999999999999,2024-10-27,2025-05-06,2026-08-31,1,3,2,6,Hibernating,Low-cost reactivation campaign; survey to learn why they stopped buying.
CUST002776,52.0,4,283.46,2025-11-15,2026-07-10,2026-08-31,4,3,4,11,Potential Loyalists,Offer membership / subscription; personalised follow-up after purchase.
CUST002777,227.0,1,17.85,2026-01-16,2026-01-16,2026-08-31,2,1,1,4,About To Sleep,Re-engagement email with personalised recommendations before they go cold.
CUST002778,431.0,1,31.76,2025-06-26,2025-06-26,2026-08-31,2,1,1,4,About To Sleep,Re-engagement email with personalised recommendations before they go cold.
CUST002779,170.0,2,91.98,2026-02-03,2026-03-14,2026-08-31,3,2,2,7,Promising,Nurture with targeted content; small incentive to drive a second order.
CUST002780,37.0,11,978.0699999999999,2024-09-23,2026-07-25,2026-08-31,5,5,5,15,Champions,Reward with early access / loyalty perks; ask for referrals & reviews.
CUST002781,74.0,10,1046.56,2025-03-09,2026-06-18,2026-08-31,4,5,5,14,Champions,Reward with early access / loyalty perks; ask for referrals & reviews.
CUST002782,86.0,10,635.98,2024-11-08,2026-06-06,2026-08-31,4,5,4,13,Champions,Reward with early access / loyalty perks; ask for referrals & reviews.
CUST002783,17.0,1,29.34,2026-08-14,2026-08-14,2026-08-31,5,1,1,7,New Customers,Onboard well; send a strong second-purchase incentive within 30 days.
CUST002784,88.0,4,176.03,2025-11-25,2026-06-04,2026-08-31,4,3,3,10,Potential Loyalists,Offer membership / subscription; personalised follow-up after purchase.
CUST002785,113.0,6,231.06,2025-09-25,2026-05-10,2026-08-31,3,4,4,11,Loyal Customers,Upsell higher-value products; enrol in loyalty programme.
CUST002786,221.0,1,98.57,2026-01-22,2026-01-22,2026-08-31,2,1,2,5,About To Sleep,Re-engagement email with personalised recommendations before they go cold.
CUST002787,407.0,1,77.61,2025-07-20,2025-07-20,2026-08-31,2,1,2,5,About To Sleep,Re-engagement email with personalised recommendations before they go cold.
CUST002788,213.0,1,126.82,2026-01-30,2026-01-30,2026-08-31,3,1,3,7,Promising,Nurture with targeted content; small incentive to drive a second order.
CUST002789,571.0,3,211.82999999999998,2024-09-16,2025-02-06,2026-08-31,1,3,3,7,At Risk,Reach out personally; time-boxed discount to prevent churn.
CUST002790,88.0,3,92.06,2025-12-06,2026-06-04,2026-08-31,4,3,2,9,Potential Loyalists,Offer membership / subscription; personalised follow-up after purchase.
CUST002791,561.0,2,106.53,2024-12-03,2025-02-16,2026-08-31,1,2,2,5,Hibernating,Low-cost reactivation campaign; survey to learn why they stopped buying.
CUST002792,71.0,8,637.9,2024-09-25,2026-06-21,2026-08-31,4,4,4,12,Champions,Reward with early access / loyalty perks; ask for referrals & reviews.
CUST002793,59.0,1,16.88,2026-07-03,2026-07-03,2026-08-31,4,1,1,6,New Customers,Onboard well; send a strong second-purchase incentive within 30 days.
CUST002794,44.0,12,10978.5,2024-10-02,2026-07-18,2026-08-31,5,5,5,15,Champions,Reward with early access / loyalty perks; ask for referrals & reviews.
CUST002795,689.0,1,30.53,2024-10-11,2024-10-11,2026-08-31,1,1,1,3,Lost,Deprioritise spend; include only in broad low-cost re-engagement blasts.
CUST002796,356.0,1,12.66,2025-09-09,2025-09-09,2026-08-31,2,1,1,4,About To Sleep,Re-engagement email with personalised recommendations before they go cold.
CUST002797,688.0,1,77.85,2024-10-12,2024-10-12,2026-08-31,1,1,2,4,Lost,Deprioritise spend; include only in broad low-cost re-engagement blasts.
CUST002798,323.0,5,301.9,2025-02-14,2025-10-12,2026-08-31,2,4,4,10,At Risk,Reach out personally; time-boxed discount to prevent churn.
CUST002799,641.0,1,68.5,2024-11-28,2024-11-28,2026-08-31,1,1,2,4,Lost,Deprioritise spend; include only in broad low-cost re-engagement blasts.
CUST002800,404.0,3,92.83,2025-02-20,2025-07-23,2026-08-31,2,3,2,7,Hibernating,Low-cost reactivation campaign; survey to learn why they stopped buying.
CUST002801,28.0,12,7691.900000000001,2024-10-25,2026-08-03,2026-08-31,5,5,5,15,Champions,Reward with early access / loyalty perks; ask for referrals & reviews.
CUST002802,42.0,5,279.15,2025-12-30,2026-07-20,2026-08-31,5,4,4,13,Champions,Reward with early access / loyalty perks; ask for referrals & reviews.
CUST002803,85.0,11,817.9,2024-11-10,2026-06-07,2026-08-31,4,5,5,14,Champions,Reward with early access / loyalty perks; ask for referrals & reviews.
CUST002804,616.0,1,27.81,2024-12-23,2024-12-23,2026-08-31,1,1,1,3,Lost,Deprioritise spend; include only in broad low-cost re-engagement blasts.
CUST002805,38.0,11,639.1,2024-10-08,2026-07-24,2026-08-31,5,5,4,14,Champions,Reward with early access / loyalty perks; ask for referrals & reviews.
CUST002806,220.0,5,221.27999999999997,2025-06-11,2026-01-23,2026-08-31,3,4,3,10,Loyal Customers,Upsell higher-value products; enrol in loyalty programme.
CUST002807,198.0,4,182.07999999999998,2025-10-07,2026-02-14,2026-08-31,3,3,3,9,Need Attention,Limited-time win-back offer; recommend based on past purchases.
CUST002808,264.0,1,83.5,2025-12-10,2025-12-10,2026-08-31,2,1,2,5,About To Sleep,Re-engagement email with personalised recommendations before they go cold.
CUST002809,91.0,14,1311.21,2024-09-26,2026-06-01,2026-08-31,4,5,5,14,Champions,Reward with early access / loyalty perks; ask for referrals & reviews.
CUST002810,34.0,11,852.77,2024-12-11,2026-07-28,2026-08-31,5,5,5,15,Champions,Reward with early access / loyalty perks; ask for referrals & reviews.
CUST002811,14.0,9,1363.9099999999999,2024-10-08,2026-08-17,2026-08-31,5,5,5,15,Champions,Reward with early access / loyalty perks; ask for referrals & reviews.
CUST002812,541.0,2,101.21000000000001,2024-11-13,2025-03-08,2026-08-31,1,2,2,5,Hibernating,Low-cost reactivation campaign; survey to learn why they stopped buying.
CUST002813,395.0,1,16.24,2025-08-01,2025-08-01,2026-08-31,2,1,1,4,About To Sleep,Re-engagement email with personalised recommendations before they go cold.
CUST002814,22.0,14,1660.7,2024-10-17,2026-08-09,2026-08-31,5,5,5,15,Champions,Reward with early access / loyalty perks; ask for referrals & reviews.
CUST002815,13.0,13,1940.82,2024-10-15,2026-08-18,2026-08-31,5,5,5,15,Champions,Reward with early access / loyalty perks; ask for referrals & reviews.
CUST002816,634.0,1,129.5,2024-12-05,2024-12-05,2026-08-31,1,1,3,5,Lost,Deprioritise spend; include only in broad low-cost re-engagement blasts.
CUST002817,139.0,3,173.36,2025-08-13,2026-04-14,2026-08-31,3,3,3,9,Need Attention,Limited-time win-back offer; recommend based on past purchases.
CUST002818,564.0,1,114.12,2025-02-13,2025-02-13,2026-08-31,1,1,3,5,Lost,Deprioritise spend; include only in broad low-cost re-engagement blasts.
CUST002819,201.0,6,207.97,2025-02-07,2026-02-11,2026-08-31,3,4,3,10,Loyal Customers,Upsell higher-value products; enrol in loyalty programme.
CUST002820,324.0,2,87.37,2025-07-03,2025-10-11,2026-08-31,2,2,2,6,About To Sleep,Re-engagement email with personalised recommendations before they go cold.
CUST002821,233.0,6,283.45,2024-12-18,2026-01-10,2026-08-31,2,4,4,10,At Risk,Reach out personally; time-boxed discount to prevent churn.
CUST002822,578.0,1,12.68,2025-01-30,2025-01-30,2026-08-31,1,1,1,3,Lost,Deprioritise spend; include only in broad low-cost re-engagement blasts.
CUST002823,32.0,11,1620.94,2024-10-06,2026-07-30,2026-08-31,5,5,5,15,Champions,Reward with early access / loyalty perks; ask for referrals & reviews.
CUST002824,19.0,5,3874.42,2025-11-13,2026-08-12,2026-08-31,5,4,5,14,Champions,Reward with early access / loyalty perks; ask for referrals & reviews.
CUST002825,22.0,11,8128.7699999999995,2024-09-08,2026-08-09,2026-08-31,5,5,5,15,Champions,Reward with early access / loyalty perks; ask for referrals & reviews.
CUST002826,314.0,1,142.25,2025-10-21,2025-10-21,2026-08-31,2,1,3,6,About To Sleep,Re-engagement email with personalised recommendations before they go cold.
CUST002827,297.0,5,236.16,2025-03-31,2025-11-07,2026-08-31,2,4,4,10,At Risk,Reach out personally; time-boxed discount to prevent churn.
CUST002828,203.0,3,96.47,2025-06-26,2026-02-09,2026-08-31,3,3,2,8,Need Attention,Limited-time win-back offer; recommend based on past purchases.
CUST002829,566.0,2,95.14,2024-12-08,2025-02-11,2026-08-31,1,2,2,5,Hibernating,Low-cost reactivation campaign; survey to learn why they stopped buying.
CUST002830,334.0,1,70.43,2025-10-01,2025-10-01,2026-08-31,2,1,2,5,About To Sleep,Re-engagement email with personalised recommendations before they go cold.
CUST002831,85.0,1,43.93,2026-06-07,2026-06-07,2026-08-31,4,1,1,6,New Customers,Onboard well; send a strong second-purchase incentive within 30 days.
CUST002832,328.0,1,23.23,2025-10-07,2025-10-07,2026-08-31,2,1,1,4,About To Sleep,Re-engagement email with personalised recommendations before they go cold.
CUST002833,47.0,6,174.81,2025-10-17,2026-07-15,2026-08-31,4,4,3,11,Loyal Customers,Upsell higher-value products; enrol in loyalty programme.
CUST002834,452.0,3,85.8,2024-11-17,2025-06-05,2026-08-31,2,3,2,7,Hibernating,Low-cost reactivation campaign; survey to learn why they stopped buying.
CUST002835,520.0,1,28.06,2025-03-29,2025-03-29,2026-08-31,1,1,1,3,Lost,Deprioritise spend; include only in broad low-cost re-engagement blasts.
CUST002836,,0,0.0,,,2026-08-31,,,,,No Purchase History,Investigate: no purchase history -- confirm signup funnel / re-engage with welcome offer.
CUST002837,552.0,1,39.54,2025-02-25,2025-02-25,2026-08-31,1,1,1,3,Lost,Deprioritise spend; include only in broad low-cost re-engagement blasts.
CUST002838,211.0,2,167.98,2025-12-13,2026-02-01,2026-08-31,3,2,3,8,Promising,Nurture with targeted content; small incentive to drive a second order.
CUST002839,65.0,5,252.51,2026-01-23,2026-06-27,2026-08-31,4,4,4,12,Champions,Reward with early access / loyalty perks; ask for referrals & reviews.
CUST002840,14.0,13,1886.08,2024-09-15,2026-08-17,2026-08-31,5,5,5,15,Champions,Reward with early access / loyalty perks; ask for referrals & reviews.
CUST002841,,0,0.0,,,2026-08-31,,,,,No Purchase History,Investigate: no purchase history -- confirm signup funnel / re-engage with welcome offer.
CUST002842,106.0,4,385.62,2025-11-21,2026-05-17,2026-08-31,4,3,4,11,Potential Loyalists,Offer membership / subscription; personalised follow-up after purchase.
CUST002843,35.0,4,201.98999999999998,2026-01-19,2026-07-27,2026-08-31,5,3,3,11,Potential Loyalists,Offer membership / subscription; personalised follow-up after purchase.
CUST002844,109.0,2,79.24,2026-03-22,2026-05-14,2026-08-31,3,2,2,7,Promising,Nurture with targeted content; small incentive to drive a second order.
CUST002845,121.0,4,273.94,2025-07-08,2026-05-02,2026-08-31,3,3,4,10,Need Attention,Limited-time win-back offer; recommend based on past purchases.
CUST002846,295.0,1,13.62,2025-11-09,2025-11-09,2026-08-31,2,1,1,4,About To Sleep,Re-engagement email with personalised recommendations before they go cold.
CUST002847,92.0,3,100.42,2026-03-15,2026-05-31,2026-08-31,4,3,2,9,Potential Loyalists,Offer membership / subscription; personalised follow-up after purchase.
CUST002848,18.0,11,905.48,2024-11-27,2026-08-13,2026-08-31,5,5,5,15,Champions,Reward with early access / loyalty perks; ask for referrals & reviews.
CUST002849,492.0,4,272.87,2024-12-22,2025-04-26,2026-08-31,1,3,4,8,At Risk,Reach out personally; time-boxed discount to prevent churn.
CUST002850,123.0,5,197.19,2025-07-27,2026-04-30,2026-08-31,3,4,3,10,Loyal Customers,Upsell higher-value products; enrol in loyalty programme.
CUST002851,74.0,4,240.84,2025-12-03,2026-06-18,2026-08-31,4,3,4,11,Potential Loyalists,Offer membership / subscription; personalised follow-up after purchase.
CUST002852,44.0,4,369.96,2026-01-12,2026-07-18,2026-08-31,5,3,4,12,Potential Loyalists,Offer membership / subscription; personalised follow-up after purchase.
CUST002853,584.0,2,49.22,2024-10-03,2025-01-24,2026-08-31,1,2,2,5,Hibernating,Low-cost reactivation campaign; survey to learn why they stopped buying.
CUST002854,77.0,3,91.38,2026-05-11,2026-06-15,2026-08-31,4,3,2,9,Potential Loyalists,Offer membership / subscription; personalised follow-up after purchase.
CUST002855,614.0,2,97.34,2024-09-16,2024-12-25,2026-08-31,1,2,2,5,Hibernating,Low-cost reactivation campaign; survey to learn why they stopped buying.
CUST002856,431.0,2,162.66,2025-06-01,2025-06-26,2026-08-31,2,2,3,7,About To Sleep,Re-engagement email with personalised recommendations before they go cold.
CUST002857,,0,0.0,,,2026-08-31,,,,,No Purchase History,Investigate: no purchase history -- confirm signup funnel / re-engage with welcome offer.
CUST002858,140.0,3,176.47000000000003,2026-01-09,2026-04-13,2026-08-31,3,3,3,9,Need Attention,Limited-time win-back offer; recommend based on past purchases.
CUST002859,53.0,1,41.56,2026-07-09,2026-07-09,2026-08-31,4,1,1,6,New Customers,Onboard well; send a strong second-purchase incentive within 30 days.
CUST002860,83.0,3,145.68,2026-01-28,2026-06-09,2026-08-31,4,3,3,10,Potential Loyalists,Offer membership / subscription; personalised follow-up after purchase.
CUST002861,140.0,5,638.8199999999999,2025-04-26,2026-04-13,2026-08-31,3,4,4,11,Loyal Customers,Upsell higher-value products; enrol in loyalty programme.
CUST002862,640.0,1,111.67,2024-11-29,2024-11-29,2026-08-31,1,1,3,5,Lost,Deprioritise spend; include only in broad low-cost re-engagement blasts.
CUST002863,110.0,4,480.20000000000005,2025-12-31,2026-05-13,2026-08-31,3,3,4,10,Need Attention,Limited-time win-back offer; recommend based on past purchases.
CUST002864,79.0,11,765.95,2024-08-30,2026-06-13,2026-08-31,4,5,5,14,Champions,Reward with early access / loyalty perks; ask for referrals & reviews.
CUST002865,209.0,4,289.96,2025-07-30,2026-02-03,2026-08-31,3,3,4,10,Need Attention,Limited-time win-back offer; recommend based on past purchases.
CUST002866,26.0,11,927.5,2024-11-16,2026-08-05,2026-08-31,5,5,5,15,Champions,Reward with early access / loyalty perks; ask for referrals & reviews.
CUST002867,328.0,4,194.41,2025-04-13,2025-10-07,2026-08-31,2,3,3,8,At Risk,Reach out personally; time-boxed discount to prevent churn.
CUST002868,665.0,1,109.93,2024-11-04,2024-11-04,2026-08-31,1,1,3,5,Lost,Deprioritise spend; include only in broad low-cost re-engagement blasts.
CUST002869,434.0,1,32.87,2025-06-23,2025-06-23,2026-08-31,2,1,1,4,About To Sleep,Re-engagement email with personalised recommendations before they go cold.
CUST002870,65.0,12,1565.5700000000002,2024-09-11,2026-06-27,2026-08-31,4,5,5,14,Champions,Reward with early access / loyalty perks; ask for referrals & reviews.
CUST002871,67.0,1,21.14,2026-06-25,2026-06-25,2026-08-31,4,1,1,6,New Customers,Onboard well; send a strong second-purchase incentive within 30 days.
CUST002872,215.0,5,265.24,2025-09-23,2026-01-28,2026-08-31,3,4,4,11,Loyal Customers,Upsell higher-value products; enrol in loyalty programme.
CUST002873,39.0,10,1913.87,2024-10-10,2026-07-23,2026-08-31,5,5,5,15,Champions,Reward with early access / loyalty perks; ask for referrals & reviews.
CUST002874,125.0,3,276.83000000000004,2026-03-16,2026-04-28,2026-08-31,3,3,4,10,Need Attention,Limited-time win-back offer; recommend based on past purchases.
CUST002875,31.0,12,706.93,2024-09-05,2026-07-31,2026-08-31,5,5,4,14,Champions,Reward with early access / loyalty perks; ask for referrals & reviews.
CUST002876,204.0,5,279.78,2025-05-30,2026-02-08,2026-08-31,3,4,4,11,Loyal Customers,Upsell higher-value products; enrol in loyalty programme.
CUST002877,125.0,3,349.71000000000004,2025-12-20,2026-04-28,2026-08-31,3,3,4,10,Need Attention,Limited-time win-back offer; recommend based on past purchases.
CUST002878,51.0,4,113.78,2025-11-09,2026-07-11,2026-08-31,4,3,3,10,Potential Loyalists,Offer membership / subscription; personalised follow-up after purchase.
CUST002879,375.0,1,19.93,2025-08-21,2025-08-21,2026-08-31,2,1,1,4,About To Sleep,Re-engagement email with personalised recommendations before they go cold.
CUST002880,44.0,9,1720.51,2024-10-04,2026-07-18,2026-08-31,5,5,5,15,Champions,Reward with early access / loyalty perks; ask for referrals & reviews.
CUST002881,77.0,8,653.2099999999999,2025-02-02,2026-06-15,2026-08-31,4,4,4,12,Champions,Reward with early access / loyalty perks; ask for referrals & reviews.
CUST002882,80.0,7,485.7,2025-05-12,2026-06-12,2026-08-31,4,4,4,12,Champions,Reward with early access / loyalty perks; ask for referrals & reviews.
CUST002883,51.0,1,27.94,2026-07-11,2026-07-11,2026-08-31,4,1,1,6,New Customers,Onboard well; send a strong second-purchase incentive within 30 days.
CUST002884,121.0,4,352.76,2026-01-19,2026-05-02,2026-08-31,3,3,4,10,Need Attention,Limited-time win-back offer; recommend based on past purchases.
CUST002885,426.0,1,68.45,2025-07-01,2025-07-01,2026-08-31,2,1,2,5,About To Sleep,Re-engagement email with personalised recommendations before they go cold.
CUST002886,213.0,2,124.0,2025-11-05,2026-01-30,2026-08-31,3,2,3,8,Promising,Nurture with targeted content; small incentive to drive a second order.
CUST002887,14.0,11,1634.05,2024-09-19,2026-08-17,2026-08-31,5,5,5,15,Champions,Reward with early access / loyalty perks; ask for referrals & reviews.
CUST002888,482.0,3,104.16,2025-01-08,2025-05-06,2026-08-31,1,3,2,6,Hibernating,Low-cost reactivation campaign; survey to learn why they stopped buying.
CUST002889,58.0,11,1015.27,2024-10-01,2026-07-04,2026-08-31,4,5,5,14,Champions,Reward with early access / loyalty perks; ask for referrals & reviews.
CUST002890,90.0,8,613.16,2025-05-10,2026-06-02,2026-08-31,4,4,4,12,Champions,Reward with early access / loyalty perks; ask for referrals & reviews.
CUST002891,23.0,14,1309.47,2024-09-02,2026-08-08,2026-08-31,5,5,5,15,Champions,Reward with early access / loyalty perks; ask for referrals & reviews.
CUST002892,33.0,6,4564.44,2026-01-17,2026-07-29,2026-08-31,5,4,5,14,Champions,Reward with early access / loyalty perks; ask for referrals & reviews.
CUST002893,497.0,1,8.38,2025-04-21,2025-04-21,2026-08-31,1,1,1,3,Lost,Deprioritise spend; include only in broad low-cost re-engagement blasts.
CUST002894,194.0,1,16.76,2026-02-18,2026-02-18,2026-08-31,3,1,1,5,Promising,Nurture with targeted content; small incentive to drive a second order.
CUST002895,20.0,11,7386.67,2025-02-09,2026-08-11,2026-08-31,5,5,5,15,Champions,Reward with early access / loyalty perks; ask for referrals & reviews.
CUST002896,32.0,10,599.44,2024-09-03,2026-07-30,2026-08-31,5,5,4,14,Champions,Reward with early access / loyalty perks; ask for referrals & reviews.
CUST002897,36.0,6,4068.4300000000003,2025-11-01,2026-07-26,2026-08-31,5,4,5,14,Champions,Reward with early access / loyalty perks; ask for referrals & reviews.
CUST002898,37.0,4,211.77,2026-02-23,2026-07-25,2026-08-31,5,3,3,11,Potential Loyalists,Offer membership / subscription; personalised follow-up after purchase.
CUST002899,175.0,1,35.38,2026-03-09,2026-03-09,2026-08-31,3,1,1,5,Promising,Nurture with targeted content; small incentive to drive a second order.
CUST002900,187.0,3,205.42000000000002,2025-12-11,2026-02-25,2026-08-31,3,3,3,9,Need Attention,Limited-time win-back offer; recommend based on past purchases.
CUST002901,111.0,3,313.38,2025-12-13,2026-05-12,2026-08-31,3,3,4,10,Need Attention,Limited-time win-back offer; recommend based on past purchases.
CUST002902,657.0,1,66.17,2024-11-12,2024-11-12,2026-08-31,1,1,2,4,Lost,Deprioritise spend; include only in broad low-cost re-engagement blasts.
CUST002903,67.0,10,858.27,2024-09-30,2026-06-25,2026-08-31,4,5,5,14,Champions,Reward with early access / loyalty perks; ask for referrals & reviews.
CUST002904,14.0,14,10199.17,2024-09-10,2026-08-17,2026-08-31,5,5,5,15,Champions,Reward with early access / loyalty perks; ask for referrals & reviews.
CUST002905,38.0,3,303.41999999999996,2026-01-29,2026-07-24,2026-08-31,5,3,4,12,Potential Loyalists,Offer membership / subscription; personalised follow-up after purchase.
CUST002906,312.0,1,23.61,2025-10-23,2025-10-23,2026-08-31,2,1,1,4,About To Sleep,Re-engagement email with personalised recommendations before they go cold.
CUST002907,26.0,6,3760.83,2025-02-04,2026-08-05,2026-08-31,5,4,5,14,Champions,Reward with early access / loyalty perks; ask for referrals & reviews.
CUST002908,11.0,12,1760.47,2024-09-13,2026-08-20,2026-08-31,5,5,5,15,Champions,Reward with early access / loyalty perks; ask for referrals & reviews.
CUST002909,600.0,2,128.96,2025-01-02,2025-01-08,2026-08-31,1,2,3,6,Need Attention,Limited-time win-back offer; recommend based on past purchases.
CUST002910,444.0,1,41.84,2025-06-13,2025-06-13,2026-08-31,2,1,1,4,About To Sleep,Re-engagement email with personalised recommendations before they go cold.
CUST002911,507.0,1,37.93,2025-04-11,2025-04-11,2026-08-31,1,1,1,3,Lost,Deprioritise spend; include only in broad low-cost re-engagement blasts.
CUST002912,37.0,11,985.73,2024-10-20,2026-07-25,2026-08-31,5,5,5,15,Champions,Reward with early access / loyalty perks; ask for referrals & reviews.
CUST002913,690.0,1,45.34,2024-10-10,2024-10-10,2026-08-31,1,1,1,3,Lost,Deprioritise spend; include only in broad low-cost re-engagement blasts.
CUST002914,204.0,1,35.29,2026-02-08,2026-02-08,2026-08-31,3,1,1,5,Promising,Nurture with targeted content; small incentive to drive a second order.
CUST002915,221.0,4,198.79999999999998,2025-11-15,2026-01-22,2026-08-31,2,3,3,8,At Risk,Reach out personally; time-boxed discount to prevent churn.
CUST002916,72.0,8,564.23,2025-01-05,2026-06-20,2026-08-31,4,4,4,12,Champions,Reward with early access / loyalty perks; ask for referrals & reviews.
CUST002917,241.0,5,386.19,2025-02-27,2026-01-02,2026-08-31,2,4,4,10,At Risk,Reach out personally; time-boxed discount to prevent churn.
CUST002918,643.0,1,24.06,2024-11-26,2024-11-26,2026-08-31,1,1,1,3,Lost,Deprioritise spend; include only in broad low-cost re-engagement blasts.
CUST002919,37.0,12,1674.6,2024-12-13,2026-07-25,2026-08-31,5,5,5,15,Champions,Reward with early access / loyalty perks; ask for referrals & reviews.
CUST002920,160.0,1,29.17,2026-03-24,2026-03-24,2026-08-31,3,1,1,5,Promising,Nurture with targeted content; small incentive to drive a second order.
CUST002921,33.0,6,3556.61,2025-09-11,2026-07-29,2026-08-31,5,4,5,14,Champions,Reward with early access / loyalty perks; ask for referrals & reviews.
CUST002922,31.0,10,1413.75,2024-10-20,2026-07-31,2026-08-31,5,5,5,15,Champions,Reward with early access / loyalty perks; ask for referrals & reviews.
CUST002923,73.0,12,779.31,2024-08-31,2026-06-19,2026-08-31,4,5,5,14,Champions,Reward with early access / loyalty perks; ask for referrals & reviews.
CUST002924,185.0,1,17.9,2026-02-27,2026-02-27,2026-08-31,3,1,1,5,Promising,Nurture with targeted content; small incentive to drive a second order.
CUST002925,35.0,9,1415.8,2024-10-12,2026-07-27,2026-08-31,5,5,5,15,Champions,Reward with early access / loyalty perks; ask for referrals & reviews.
CUST002926,312.0,1,11.64,2025-10-23,2025-10-23,2026-08-31,2,1,1,4,About To Sleep,Re-engagement email with personalised recommendations before they go cold.
CUST002927,,0,0.0,,,2026-08-31,,,,,No Purchase History,Investigate: no purchase history -- confirm signup funnel / re-engage with welcome offer.
CUST002928,135.0,1,43.91,2026-04-18,2026-04-18,2026-08-31,3,1,1,5,Promising,Nurture with targeted content; small incentive to drive a second order.
CUST002929,95.0,3,151.96,2026-03-31,2026-05-28,2026-08-31,4,3,3,10,Potential Loyalists,Offer membership / subscription; personalised follow-up after purchase.
CUST002930,164.0,1,29.97,2026-03-20,2026-03-20,2026-08-31,3,1,1,5,Promising,Nurture with targeted content; small incentive to drive a second order.
CUST002931,105.0,1,21.2,2026-05-18,2026-05-18,2026-08-31,4,1,1,6,New Customers,Onboard well; send a strong second-purchase incentive within 30 days.
CUST002932,175.0,3,106.92,2026-01-13,2026-03-09,2026-08-31,3,3,2,8,Need Attention,Limited-time win-back offer; recommend based on past purchases.
CUST002933,65.0,1,14.14,2026-06-27,2026-06-27,2026-08-31,4,1,1,6,New Customers,Onboard well; send a strong second-purchase incentive within 30 days.
CUST002934,341.0,1,194.85,2025-09-24,2025-09-24,2026-08-31,2,1,3,6,About To Sleep,Re-engagement email with personalised recommendations before they go cold.
CUST002935,52.0,1,78.08,2026-07-10,2026-07-10,2026-08-31,4,1,2,7,New Customers,Onboard well; send a strong second-purchase incentive within 30 days.
CUST002936,235.0,2,123.13,2025-10-15,2026-01-08,2026-08-31,2,2,3,7,About To Sleep,Re-engagement email with personalised recommendations before they go cold.
CUST002937,93.0,6,248.82,2025-11-04,2026-05-30,2026-08-31,4,4,4,12,Champions,Reward with early access / loyalty perks; ask for referrals & reviews.
CUST002938,39.0,11,960.11,2024-12-08,2026-07-23,2026-08-31,5,5,5,15,Champions,Reward with early access / loyalty perks; ask for referrals & reviews.
CUST002939,127.0,4,187.4,2025-11-24,2026-04-26,2026-08-31,3,3,3,9,Need Attention,Limited-time win-back offer; recommend based on past purchases.
CUST002940,32.0,13,1962.67,2024-09-04,2026-07-30,2026-08-31,5,5,5,15,Champions,Reward with early access / loyalty perks; ask for referrals & reviews.
CUST002941,19.0,12,6654.12,2024-11-30,2026-08-12,2026-08-31,5,5,5,15,Champions,Reward with early access / loyalty perks; ask for referrals & reviews.
CUST002942,76.0,6,282.08,2025-09-06,2026-06-16,2026-08-31,4,4,4,12,Champions,Reward with early access / loyalty perks; ask for referrals & reviews.
CUST002943,536.0,2,60.21,2025-01-09,2025-03-13,2026-08-31,1,2,2,5,Hibernating,Low-cost reactivation campaign; survey to learn why they stopped buying.
CUST002944,12.0,10,869.8199999999999,2025-04-19,2026-08-19,2026-08-31,5,5,5,15,Champions,Reward with early access / loyalty perks; ask for referrals & reviews.
CUST002945,154.0,2,179.43,2026-02-05,2026-03-30,2026-08-31,3,2,3,8,Promising,Nurture with targeted content; small incentive to drive a second order.
CUST002946,176.0,2,64.52,2025-11-10,2026-03-08,2026-08-31,3,2,2,7,Promising,Nurture with targeted content; small incentive to drive a second order.
CUST002947,121.0,6,357.68,2025-12-07,2026-05-02,2026-08-31,3,4,4,11,Loyal Customers,Upsell higher-value products; enrol in loyalty programme.
CUST002948,419.0,3,99.31,2024-12-29,2025-07-08,2026-08-31,2,3,2,7,Hibernating,Low-cost reactivation campaign; survey to learn why they stopped buying.
CUST002949,5.0,11,6868.98,2024-11-16,2026-08-26,2026-08-31,5,5,5,15,Champions,Reward with early access / loyalty perks; ask for referrals & reviews.
CUST002950,644.0,2,176.26999999999998,2024-10-04,2024-11-25,2026-08-31,1,2,3,6,Need Attention,Limited-time win-back offer; recommend based on past purchases.
CUST002951,63.0,9,704.03,2024-10-27,2026-06-29,2026-08-31,4,5,4,13,Champions,Reward with early access / loyalty perks; ask for referrals & reviews.
CUST002952,648.0,1,84.33,2024-11-21,2024-11-21,2026-08-31,1,1,2,4,Lost,Deprioritise spend; include only in broad low-cost re-engagement blasts.
CUST002953,86.0,8,466.35,2025-05-07,2026-06-06,2026-08-31,4,4,4,12,Champions,Reward with early access / loyalty perks; ask for referrals & reviews.
CUST002954,435.0,4,127.65,2024-11-08,2025-06-22,2026-08-31,2,3,3,8,At Risk,Reach out personally; time-boxed discount to prevent churn.
CUST002955,585.0,1,52.18,2025-01-23,2025-01-23,2026-08-31,1,1,2,4,Lost,Deprioritise spend; include only in broad low-cost re-engagement blasts.
CUST002956,134.0,1,57.03,2026-04-19,2026-04-19,2026-08-31,3,1,2,6,Promising,Nurture with targeted content; small incentive to drive a second order.
CUST002957,27.0,12,763.62,2024-09-21,2026-08-04,2026-08-31,5,5,5,15,Champions,Reward with early access / loyalty perks; ask for referrals & reviews.
CUST002958,8.0,10,1631.47,2024-10-08,2026-08-23,2026-08-31,5,5,5,15,Champions,Reward with early access / loyalty perks; ask for referrals & reviews.
CUST002959,36.0,3,86.17999999999999,2026-06-10,2026-07-26,2026-08-31,5,3,2,10,Potential Loyalists,Offer membership / subscription; personalised follow-up after purchase.
CUST002960,393.0,3,89.12,2025-03-03,2025-08-03,2026-08-31,2,3,2,7,Hibernating,Low-cost reactivation campaign; survey to learn why they stopped buying.
CUST002961,490.0,3,260.78,2024-11-14,2025-04-28,2026-08-31,1,3,4,8,At Risk,Reach out personally; time-boxed discount to prevent churn.
CUST002962,30.0,5,2953.44,2025-09-02,2026-08-01,2026-08-31,5,4,5,14,Champions,Reward with early access / loyalty perks; ask for referrals & reviews.
CUST002963,15.0,11,711.5500000000001,2024-10-14,2026-08-16,2026-08-31,5,5,4,14,Champions,Reward with early access / loyalty perks; ask for referrals & reviews.
CUST002964,53.0,1,33.62,2026-07-09,2026-07-09,2026-08-31,4,1,1,6,New Customers,Onboard well; send a strong second-purchase incentive within 30 days.
CUST002965,198.0,6,304.78,2025-06-24,2026-02-14,2026-08-31,3,4,4,11,Loyal Customers,Upsell higher-value products; enrol in loyalty programme.
CUST002966,122.0,1,43.6,2026-05-01,2026-05-01,2026-08-31,3,1,1,5,Promising,Nurture with targeted content; small incentive to drive a second order.
CUST002967,216.0,2,60.900000000000006,2025-11-20,2026-01-27,2026-08-31,3,2,2,7,Promising,Nurture with targeted content; small incentive to drive a second order.
CUST002968,41.0,3,150.57999999999998,2026-02-03,2026-07-21,2026-08-31,5,3,3,11,Potential Loyalists,Offer membership / subscription; personalised follow-up after purchase.
CUST002969,,0,0.0,,,2026-08-31,,,,,No Purchase History,Investigate: no purchase history -- confirm signup funnel / re-engage with welcome offer.
CUST002970,72.0,8,409.98,2024-11-30,2026-06-20,2026-08-31,4,4,4,12,Champions,Reward with early access / loyalty perks; ask for referrals & reviews.
CUST002971,166.0,6,246.45,2025-06-23,2026-03-18,2026-08-31,3,4,4,11,Loyal Customers,Upsell higher-value products; enrol in loyalty programme.
CUST002972,433.0,1,133.29,2025-06-24,2025-06-24,2026-08-31,2,1,3,6,About To Sleep,Re-engagement email with personalised recommendations before they go cold.
CUST002973,71.0,10,790.53,2024-09-05,2026-06-21,2026-08-31,4,5,5,14,Champions,Reward with early access / loyalty perks; ask for referrals & reviews.
CUST002974,360.0,2,69.49000000000001,2025-07-09,2025-09-05,2026-08-31,2,2,2,6,About To Sleep,Re-engagement email with personalised recommendations before they go cold.
CUST002975,440.0,1,59.94,2025-06-17,2025-06-17,2026-08-31,2,1,2,5,About To Sleep,Re-engagement email with personalised recommendations before they go cold.
CUST002976,609.0,4,324.73,2024-09-09,2024-12-30,2026-08-31,1,3,4,8,At Risk,Reach out personally; time-boxed discount to prevent churn.
CUST002977,,0,0.0,,,2026-08-31,,,,,No Purchase History,Investigate: no purchase history -- confirm signup funnel / re-engage with welcome offer.
CUST002978,565.0,1,136.51,2025-02-12,2025-02-12,2026-08-31,1,1,3,5,Lost,Deprioritise spend; include only in broad low-cost re-engagement blasts.
CUST002979,630.0,1,89.44,2024-12-09,2024-12-09,2026-08-31,1,1,2,4,Lost,Deprioritise spend; include only in broad low-cost re-engagement blasts.
CUST002980,419.0,4,83.6,2025-04-07,2025-07-08,2026-08-31,2,3,2,7,Hibernating,Low-cost reactivation campaign; survey to learn why they stopped buying.
CUST002981,291.0,1,14.63,2025-11-13,2025-11-13,2026-08-31,2,1,1,4,About To Sleep,Re-engagement email with personalised recommendations before they go cold.
CUST002982,119.0,3,344.75,2026-01-02,2026-05-04,2026-08-31,3,3,4,10,Need Attention,Limited-time win-back offer; recommend based on past purchases.
CUST002983,45.0,10,929.28,2025-04-09,2026-07-17,2026-08-31,5,5,5,15,Champions,Reward with early access / loyalty perks; ask for referrals & reviews.
CUST002984,562.0,1,27.77,2025-02-15,2025-02-15,2026-08-31,1,1,1,3,Lost,Deprioritise spend; include only in broad low-cost re-engagement blasts.
CUST002985,105.0,10,809.45,2024-10-26,2026-05-18,2026-08-31,4,5,5,14,Champions,Reward with early access / loyalty perks; ask for referrals & reviews.
CUST002986,93.0,4,441.02,2026-03-18,2026-05-30,2026-08-31,4,3,4,11,Potential Loyalists,Offer membership / subscription; personalised follow-up after purchase.
CUST002987,60.0,11,1115.27,2024-11-16,2026-07-02,2026-08-31,4,5,5,14,Champions,Reward with early access / loyalty perks; ask for referrals & reviews.
CUST002988,607.0,1,117.5,2025-01-01,2025-01-01,2026-08-31,1,1,3,5,Lost,Deprioritise spend; include only in broad low-cost re-engagement blasts.
CUST002989,52.0,9,1022.94,2024-09-27,2026-07-10,2026-08-31,4,5,5,14,Champions,Reward with early access / loyalty perks; ask for referrals & reviews.
CUST002990,700.0,1,10.93,2024-09-30,2024-09-30,2026-08-31,1,1,1,3,Lost,Deprioritise spend; include only in broad low-cost re-engagement blasts.
CUST002991,354.0,2,65.77,2025-05-30,2025-09-11,2026-08-31,2,2,2,6,About To Sleep,Re-engagement email with personalised recommendations before they go cold.
CUST002992,701.0,1,76.37,2024-09-29,2024-09-29,2026-08-31,1,1,2,4,Lost,Deprioritise spend; include only in broad low-cost re-engagement blasts.
CUST002993,112.0,3,131.07,2026-02-25,2026-05-11,2026-08-31,3,3,3,9,Need Attention,Limited-time win-back offer; recommend based on past purchases.
CUST002994,275.0,1,19.77,2025-11-29,2025-11-29,2026-08-31,2,1,1,4,About To Sleep,Re-engagement email with personalised recommendations before they go cold.
CUST002995,665.0,1,28.16,2024-11-04,2024-11-04,2026-08-31,1,1,1,3,Lost,Deprioritise spend; include only in broad low-cost re-engagement blasts.
CUST002996,222.0,5,405.87,2025-08-06,2026-01-21,2026-08-31,2,4,4,10,At Risk,Reach out personally; time-boxed discount to prevent churn.
CUST002997,31.0,1,186.22,2026-07-31,2026-07-31,2026-08-31,5,1,3,9,New Customers,Onboard well; send a strong second-purchase incentive within 30 days.
CUST002998,32.0,6,467.88,2025-09-02,2026-07-30,2026-08-31,5,4,4,13,Champions,Reward with early access / loyalty perks; ask for referrals & reviews.
CUST002999,20.0,9,8096.0199999999995,2025-06-15,2026-08-11,2026-08-31,5,5,5,15,Champions,Reward with early access / loyalty perks; ask for referrals & reviews.
CUST003000,4.0,13,1048.69,2024-09-19,2026-08-27,2026-08-31,5,5,5,15,Champions,Reward with early access / loyalty perks; ask for referrals & reviews.
CUST003001,538.0,1,91.08,2025-03-11,2025-03-11,2026-08-31,1,1,2,4,Lost,Deprioritise spend; include only in broad low-cost re-engagement blasts.
CUST003002,93.0,1,90.97,2026-05-30,2026-05-30,2026-08-31,4,1,2,7,New Customers,Onboard well; send a strong second-purchase incentive within 30 days.
CUST003003,210.0,2,39.65,2025-12-17,2026-02-02,2026-08-31,3,2,1,6,Promising,Nurture with targeted content; small incentive to drive a second order.
CUST003004,406.0,1,58.41,2025-07-21,2025-07-21,2026-08-31,2,1,2,5,About To Sleep,Re-engagement email with personalised recommendations before they go cold.
CUST003005,45.0,10,653.27,2024-09-16,2026-07-17,2026-08-31,5,5,4,14,Champions,Reward with early access / loyalty perks; ask for referrals & reviews.
CUST003006,469.0,3,176.78,2025-02-25,2025-05-19,2026-08-31,1,3,3,7,At Risk,Reach out personally; time-boxed discount to prevent churn.
CUST003007,87.0,1,25.63,2026-06-05,2026-06-05,2026-08-31,4,1,1,6,New Customers,Onboard well; send a strong second-purchase incentive within 30 days.
CUST003008,4.0,11,906.41,2024-10-01,2026-08-27,2026-08-31,5,5,5,15,Champions,Reward with early access / loyalty perks; ask for referrals & reviews.
CUST003009,62.0,12,1103.96,2024-08-30,2026-06-30,2026-08-31,4,5,5,14,Champions,Reward with early access / loyalty perks; ask for referrals & reviews.
CUST003010,633.0,2,133.31,2024-10-25,2024-12-06,2026-08-31,1,2,3,6,Need Attention,Limited-time win-back offer; recommend based on past purchases.
CUST003011,106.0,2,103.28999999999999,2026-01-27,2026-05-17,2026-08-31,4,2,2,8,Potential Loyalists,Offer membership / subscription; personalised follow-up after purchase.
CUST003012,345.0,2,106.00999999999999,2025-07-22,2025-09-20,2026-08-31,2,2,2,6,About To Sleep,Re-engagement email with personalised recommendations before they go cold.
CUST003013,676.0,1,11.7,2024-10-24,2024-10-24,2026-08-31,1,1,1,3,Lost,Deprioritise spend; include only in broad low-cost re-engagement blasts.
CUST003014,20.0,1,10.09,2026-08-11,2026-08-11,2026-08-31,5,1,1,7,New Customers,Onboard well; send a strong second-purchase incentive within 30 days.
CUST003015,226.0,3,101.28,2025-09-19,2026-01-17,2026-08-31,2,3,2,7,Hibernating,Low-cost reactivation campaign; survey to learn why they stopped buying.
CUST003016,530.0,1,25.38,2025-03-19,2025-03-19,2026-08-31,1,1,1,3,Lost,Deprioritise spend; include only in broad low-cost re-engagement blasts.
CUST003017,407.0,3,144.72,2025-04-04,2025-07-20,2026-08-31,2,3,3,8,At Risk,Reach out personally; time-boxed discount to prevent churn.
CUST003018,82.0,9,857.89,2024-09-06,2026-06-10,2026-08-31,4,5,5,14,Champions,Reward with early access / loyalty perks; ask for referrals & reviews.
CUST003019,162.0,2,118.16,2026-02-20,2026-03-22,2026-08-31,3,2,3,8,Promising,Nurture with targeted content; small incentive to drive a second order.
CUST003020,136.0,4,182.95,2025-07-17,2026-04-17,2026-08-31,3,3,3,9,Need Attention,Limited-time win-back offer; recommend based on past purchases.
CUST003021,77.0,3,174.29,2026-01-08,2026-06-15,2026-08-31,4,3,3,10,Potential Loyalists,Offer membership / subscription; personalised follow-up after purchase.
CUST003022,87.0,1,23.88,2026-06-05,2026-06-05,2026-08-31,4,1,1,6,New Customers,Onboard well; send a strong second-purchase incentive within 30 days.
CUST003023,165.0,2,43.19,2026-01-14,2026-03-19,2026-08-31,3,2,1,6,Promising,Nurture with targeted content; small incentive to drive a second order.
CUST003024,394.0,1,44.21,2025-08-02,2025-08-02,2026-08-31,2,1,1,4,About To Sleep,Re-engagement email with personalised recommendations before they go cold.
CUST003025,56.0,5,345.56,2025-09-27,2026-07-06,2026-08-31,4,4,4,12,Champions,Reward with early access / loyalty perks; ask for referrals & reviews.
CUST003026,1.0,11,697.89,2024-12-12,2026-08-30,2026-08-31,5,5,4,14,Champions,Reward with early access / loyalty perks; ask for referrals & reviews.
CUST003027,196.0,6,453.93,2025-04-21,2026-02-16,2026-08-31,3,4,4,11,Loyal Customers,Upsell higher-value products; enrol in loyalty programme.
CUST003028,423.0,3,177.08,2024-11-18,2025-07-04,2026-08-31,2,3,3,8,At Risk,Reach out personally; time-boxed discount to prevent churn.
CUST003029,210.0,1,205.59,2026-02-02,2026-02-02,2026-08-31,3,1,3,7,Promising,Nurture with targeted content; small incentive to drive a second order.
CUST003030,234.0,2,58.06,2026-01-03,2026-01-09,2026-08-31,2,2,2,6,About To Sleep,Re-engagement email with personalised recommendations before they go cold.
CUST003031,569.0,3,88.17,2024-11-27,2025-02-08,2026-08-31,1,3,2,6,Hibernating,Low-cost reactivation campaign; survey to learn why they stopped buying.
CUST003032,10.0,10,854.43,2024-11-19,2026-08-21,2026-08-31,5,5,5,15,Champions,Reward with early access / loyalty perks; ask for referrals & reviews.
CUST003033,113.0,6,182.0,2025-10-31,2026-05-10,2026-08-31,3,4,3,10,Loyal Customers,Upsell higher-value products; enrol in loyalty programme.
CUST003034,219.0,6,228.12,2025-06-21,2026-01-24,2026-08-31,3,4,4,11,Loyal Customers,Upsell higher-value products; enrol in loyalty programme.
CUST003035,76.0,6,4243.73,2025-05-28,2026-06-16,2026-08-31,4,4,5,13,Champions,Reward with early access / loyalty perks; ask for referrals & reviews.
CUST003036,475.0,1,17.05,2025-05-13,2025-05-13,2026-08-31,1,1,1,3,Lost,Deprioritise spend; include only in broad low-cost re-engagement blasts.
CUST003037,97.0,1,15.15,2026-05-26,2026-05-26,2026-08-31,4,1,1,6,New Customers,Onboard well; send a strong second-purchase incentive within 30 days.
CUST003038,26.0,12,1777.96,2024-10-26,2026-08-05,2026-08-31,5,5,5,15,Champions,Reward with early access / loyalty perks; ask for referrals & reviews.
CUST003039,1.0,11,1060.79,2024-10-16,2026-08-30,2026-08-31,5,5,5,15,Champions,Reward with early access / loyalty perks; ask for referrals & reviews.
CUST003040,,0,0.0,,,2026-08-31,,,,,No Purchase History,Investigate: no purchase history -- confirm signup funnel / re-engage with welcome offer.
CUST003041,59.0,4,259.62,2025-09-09,2026-07-03,2026-08-31,4,3,4,11,Potential Loyalists,Offer membership / subscription; personalised follow-up after purchase.
CUST003042,469.0,4,303.17,2024-09-01,2025-05-19,2026-08-31,1,3,4,8,At Risk,Reach out personally; time-boxed discount to prevent churn.
CUST003043,348.0,3,64.57000000000001,2025-05-22,2025-09-17,2026-08-31,2,3,2,7,Hibernating,Low-cost reactivation campaign; survey to learn why they stopped buying.
CUST003044,270.0,1,102.32,2025-12-04,2025-12-04,2026-08-31,2,1,2,5,About To Sleep,Re-engagement email with personalised recommendations before they go cold.
CUST003045,552.0,1,59.84,2025-02-25,2025-02-25,2026-08-31,1,1,2,4,Lost,Deprioritise spend; include only in broad low-cost re-engagement blasts.
CUST003046,27.0,5,4023.0,2025-10-02,2026-08-04,2026-08-31,5,4,5,14,Champions,Reward with early access / loyalty perks; ask for referrals & reviews.
CUST003047,234.0,5,160.07,2025-04-25,2026-01-09,2026-08-31,2,4,3,9,At Risk,Reach out personally; time-boxed discount to prevent churn.
CUST003048,39.0,1,135.0,2026-07-23,2026-07-23,2026-08-31,5,1,3,9,New Customers,Onboard well; send a strong second-purchase incentive within 30 days.
CUST003049,453.0,1,10.34,2025-06-04,2025-06-04,2026-08-31,2,1,1,4,About To Sleep,Re-engagement email with personalised recommendations before they go cold.
CUST003050,44.0,2,126.89,2026-07-03,2026-07-18,2026-08-31,5,2,3,10,Potential Loyalists,Offer membership / subscription; personalised follow-up after purchase.
CUST003051,622.0,1,17.2,2024-12-17,2024-12-17,2026-08-31,1,1,1,3,Lost,Deprioritise spend; include only in broad low-cost re-engagement blasts.
CUST003052,68.0,7,534.11,2025-08-19,2026-06-24,2026-08-31,4,4,4,12,Champions,Reward with early access / loyalty perks; ask for referrals & reviews.
CUST003053,155.0,1,74.81,2026-03-29,2026-03-29,2026-08-31,3,1,2,6,Promising,Nurture with targeted content; small incentive to drive a second order.
CUST003054,459.0,3,125.77,2025-04-15,2025-05-29,2026-08-31,1,3,3,7,At Risk,Reach out personally; time-boxed discount to prevent churn.
CUST003055,259.0,1,13.35,2025-12-15,2025-12-15,2026-08-31,2,1,1,4,About To Sleep,Re-engagement email with personalised recommendations before they go cold.
CUST003056,208.0,2,150.26999999999998,2026-01-21,2026-02-04,2026-08-31,3,2,3,8,Promising,Nurture with targeted content; small incentive to drive a second order.
CUST003057,288.0,1,21.63,2025-11-16,2025-11-16,2026-08-31,2,1,1,4,About To Sleep,Re-engagement email with personalised recommendations before they go cold.
CUST003058,26.0,12,943.36,2024-11-27,2026-08-05,2026-08-31,5,5,5,15,Champions,Reward with early access / loyalty perks; ask for referrals & reviews.
CUST003059,121.0,2,110.45,2026-01-26,2026-05-02,2026-08-31,3,2,3,8,Promising,Nurture with targeted content; small incentive to drive a second order.
CUST003060,32.0,2,79.88,2026-05-17,2026-07-30,2026-08-31,5,2,2,9,Potential Loyalists,Offer membership / subscription; personalised follow-up after purchase.
CUST003061,454.0,1,53.71,2025-06-03,2025-06-03,2026-08-31,2,1,2,5,About To Sleep,Re-engagement email with personalised recommendations before they go cold.
CUST003062,69.0,4,289.08,2025-11-07,2026-06-23,2026-08-31,4,3,4,11,Potential Loyalists,Offer membership / subscription; personalised follow-up after purchase.
CUST003063,88.0,4,260.85,2025-09-19,2026-06-04,2026-08-31,4,3,4,11,Potential Loyalists,Offer membership / subscription; personalised follow-up after purchase.
CUST003064,318.0,4,137.36,2025-05-10,2025-10-17,2026-08-31,2,3,3,8,At Risk,Reach out personally; time-boxed discount to prevent churn.
CUST003065,142.0,3,225.11,2025-11-10,2026-04-11,2026-08-31,3,3,4,10,Need Attention,Limited-time win-back offer; recommend based on past purchases.
CUST003066,301.0,2,59.42999999999999,2025-09-13,2025-11-03,2026-08-31,2,2,2,6,About To Sleep,Re-engagement email with personalised recommendations before they go cold.
CUST003067,108.0,3,99.89,2025-12-19,2026-05-15,2026-08-31,4,3,2,9,Potential Loyalists,Offer membership / subscription; personalised follow-up after purchase.
CUST003068,11.0,11,669.51,2024-10-22,2026-08-20,2026-08-31,5,5,4,14,Champions,Reward with early access / loyalty perks; ask for referrals & reviews.
CUST003069,16.0,1,103.66,2026-08-15,2026-08-15,2026-08-31,5,1,2,8,New Customers,Onboard well; send a strong second-purchase incentive within 30 days.
CUST003070,142.0,4,357.57,2025-10-15,2026-04-11,2026-08-31,3,3,4,10,Need Attention,Limited-time win-back offer; recommend based on past purchases.
CUST003071,31.0,15,3207.76,2024-09-16,2026-07-31,2026-08-31,5,5,5,15,Champions,Reward with early access / loyalty perks; ask for referrals & reviews.
CUST003072,41.0,8,4256.89,2025-08-20,2026-07-21,2026-08-31,5,4,5,14,Champions,Reward with early access / loyalty perks; ask for referrals & reviews.
CUST003073,333.0,2,103.13,2025-09-06,2025-10-02,2026-08-31,2,2,2,6,About To Sleep,Re-engagement email with personalised recommendations before they go cold.
CUST003074,436.0,1,81.39,2025-06-21,2025-06-21,2026-08-31,2,1,2,5,About To Sleep,Re-engagement email with personalised recommendations before they go cold.
CUST003075,556.0,2,32.82,2025-02-05,2025-02-21,2026-08-31,1,2,1,4,Hibernating,Low-cost reactivation campaign; survey to learn why they stopped buying.
CUST003076,466.0,1,36.59,2025-05-22,2025-05-22,2026-08-31,1,1,1,3,Lost,Deprioritise spend; include only in broad low-cost re-engagement blasts.
CUST003077,39.0,3,141.11,2026-04-21,2026-07-23,2026-08-31,5,3,3,11,Potential Loyalists,Offer membership / subscription; personalised follow-up after purchase.
CUST003078,618.0,1,9.89,2024-12-21,2024-12-21,2026-08-31,1,1,1,3,Lost,Deprioritise spend; include only in broad low-cost re-engagement blasts.
CUST003079,526.0,1,135.4,2025-03-23,2025-03-23,2026-08-31,1,1,3,5,Lost,Deprioritise spend; include only in broad low-cost re-engagement blasts.
CUST003080,219.0,5,228.67999999999998,2025-03-27,2026-01-24,2026-08-31,3,4,4,11,Loyal Customers,Upsell higher-value products; enrol in loyalty programme.
CUST003081,183.0,4,148.64999999999998,2026-01-12,2026-03-01,2026-08-31,3,3,3,9,Need Attention,Limited-time win-back offer; recommend based on past purchases.
CUST003082,11.0,12,1220.32,2024-09-12,2026-08-20,2026-08-31,5,5,5,15,Champions,Reward with early access / loyalty perks; ask for referrals & reviews.
CUST003083,458.0,1,24.78,2025-05-30,2025-05-30,2026-08-31,2,1,1,4,About To Sleep,Re-engagement email with personalised recommendations before they go cold.
CUST003084,328.0,1,36.3,2025-10-07,2025-10-07,2026-08-31,2,1,1,4,About To Sleep,Re-engagement email with personalised recommendations before they go cold.
CUST003085,306.0,1,45.9,2025-10-29,2025-10-29,2026-08-31,2,1,1,4,About To Sleep,Re-engagement email with personalised recommendations before they go cold.
CUST003086,174.0,4,245.96,2025-07-23,2026-03-10,2026-08-31,3,3,4,10,Need Attention,Limited-time win-back offer; recommend based on past purchases.
CUST003087,198.0,5,356.77,2025-06-05,2026-02-14,2026-08-31,3,4,4,11,Loyal Customers,Upsell higher-value products; enrol in loyalty programme.
CUST003088,95.0,3,133.96,2025-11-18,2026-05-28,2026-08-31,4,3,3,10,Potential Loyalists,Offer membership / subscription; personalised follow-up after purchase.
CUST003089,121.0,1,57.05,2026-05-02,2026-05-02,2026-08-31,3,1,2,6,Promising,Nurture with targeted content; small incentive to drive a second order.
CUST003090,505.0,1,35.03,2025-04-13,2025-04-13,2026-08-31,1,1,1,3,Lost,Deprioritise spend; include only in broad low-cost re-engagement blasts.
CUST003091,653.0,2,152.05,2024-09-01,2024-11-16,2026-08-31,1,2,3,6,Need Attention,Limited-time win-back offer; recommend based on past purchases.
CUST003092,514.0,3,222.0,2025-01-28,2025-04-04,2026-08-31,1,3,3,7,At Risk,Reach out personally; time-boxed discount to prevent churn.
CUST003093,660.0,2,69.56,2024-11-02,2024-11-09,2026-08-31,1,2,2,5,Hibernating,Low-cost reactivation campaign; survey to learn why they stopped buying.
CUST003094,21.0,11,6623.78,2024-12-06,2026-08-10,2026-08-31,5,5,5,15,Champions,Reward with early access / loyalty perks; ask for referrals & reviews.
CUST003095,153.0,4,310.36,2025-12-09,2026-03-31,2026-08-31,3,3,4,10,Need Attention,Limited-time win-back offer; recommend based on past purchases.
CUST003096,17.0,15,3659.37,2024-09-29,2026-08-14,2026-08-31,5,5,5,15,Champions,Reward with early access / loyalty perks; ask for referrals & reviews.
CUST003097,18.0,11,796.49,2024-09-29,2026-08-13,2026-08-31,5,5,5,15,Champions,Reward with early access / loyalty perks; ask for referrals & reviews.
CUST003098,143.0,2,65.12,2026-03-12,2026-04-10,2026-08-31,3,2,2,7,Promising,Nurture with targeted content; small incentive to drive a second order.
CUST003099,42.0,4,196.92000000000002,2026-03-27,2026-07-20,2026-08-31,5,3,3,11,Potential Loyalists,Offer membership / subscription; personalised follow-up after purchase.
CUST003100,77.0,10,571.26,2024-09-12,2026-06-15,2026-08-31,4,5,4,13,Champions,Reward with early access / loyalty perks; ask for referrals & reviews.
CUST003101,31.0,12,10334.47,2024-10-31,2026-07-31,2026-08-31,5,5,5,15,Champions,Reward with early access / loyalty perks; ask for referrals & reviews.
CUST003102,75.0,12,1046.05,2024-09-28,2026-06-17,2026-08-31,4,5,5,14,Champions,Reward with early access / loyalty perks; ask for referrals & reviews.
CUST003103,20.0,12,6296.89,2024-09-15,2026-08-11,2026-08-31,5,5,5,15,Champions,Reward with early access / loyalty perks; ask for referrals & reviews.
CUST003104,507.0,2,59.46,2025-03-08,2025-04-11,2026-08-31,1,2,2,5,Hibernating,Low-cost reactivation campaign; survey to learn why they stopped buying.
CUST003105,365.0,1,77.93,2025-08-31,2025-08-31,2026-08-31,2,1,2,5,About To Sleep,Re-engagement email with personalised recommendations before they go cold.
CUST003106,252.0,1,39.96,2025-12-22,2025-12-22,2026-08-31,2,1,1,4,About To Sleep,Re-engagement email with personalised recommendations before they go cold.
CUST003107,81.0,1,70.28,2026-06-11,2026-06-11,2026-08-31,4,1,2,7,New Customers,Onboard well; send a strong second-purchase incentive within 30 days.
CUST003108,406.0,1,10.68,2025-07-21,2025-07-21,2026-08-31,2,1,1,4,About To Sleep,Re-engagement email with personalised recommendations before they go cold.
CUST003109,63.0,8,592.39,2025-07-09,2026-06-29,2026-08-31,4,4,4,12,Champions,Reward with early access / loyalty perks; ask for referrals & reviews.
CUST003110,611.0,2,56.59,2024-11-25,2024-12-28,2026-08-31,1,2,2,5,Hibernating,Low-cost reactivation campaign; survey to learn why they stopped buying.
CUST003111,145.0,5,147.61,2025-07-18,2026-04-08,2026-08-31,3,4,3,10,Loyal Customers,Upsell higher-value products; enrol in loyalty programme.
CUST003112,82.0,4,260.86,2026-03-15,2026-06-10,2026-08-31,4,3,4,11,Potential Loyalists,Offer membership / subscription; personalised follow-up after purchase.
CUST003113,84.0,1,180.5,2026-06-08,2026-06-08,2026-08-31,4,1,3,8,New Customers,Onboard well; send a strong second-purchase incentive within 30 days.
CUST003114,391.0,1,64.19,2025-08-05,2025-08-05,2026-08-31,2,1,2,5,About To Sleep,Re-engagement email with personalised recommendations before they go cold.
CUST003115,126.0,4,285.66999999999996,2025-07-09,2026-04-27,2026-08-31,3,3,4,10,Need Attention,Limited-time win-back offer; recommend based on past purchases.
CUST003116,187.0,1,55.18,2026-02-25,2026-02-25,2026-08-31,3,1,2,6,Promising,Nurture with targeted content; small incentive to drive a second order.
CUST003117,90.0,8,581.39,2024-11-23,2026-06-02,2026-08-31,4,4,4,12,Champions,Reward with early access / loyalty perks; ask for referrals & reviews.
CUST003118,239.0,1,31.51,2026-01-04,2026-01-04,2026-08-31,2,1,1,4,About To Sleep,Re-engagement email with personalised recommendations before they go cold.
CUST003119,202.0,5,367.09000000000003,2025-07-15,2026-02-10,2026-08-31,3,4,4,11,Loyal Customers,Upsell higher-value products; enrol in loyalty programme.
CUST003120,188.0,5,245.0,2025-08-23,2026-02-24,2026-08-31,3,4,4,11,Loyal Customers,Upsell higher-value products; enrol in loyalty programme.
CUST003121,60.0,10,601.9100000000001,2024-09-15,2026-07-02,2026-08-31,4,5,4,13,Champions,Reward with early access / loyalty perks; ask for referrals & reviews.
CUST003122,129.0,5,306.41999999999996,2025-05-07,2026-04-24,2026-08-31,3,4,4,11,Loyal Customers,Upsell higher-value products; enrol in loyalty programme.
CUST003123,164.0,4,223.76,2025-08-31,2026-03-20,2026-08-31,3,3,3,9,Need Attention,Limited-time win-back offer; recommend based on past purchases.
CUST003124,148.0,5,550.89,2025-06-17,2026-04-05,2026-08-31,3,4,4,11,Loyal Customers,Upsell higher-value products; enrol in loyalty programme.
CUST003125,70.0,10,764.57,2024-11-13,2026-06-22,2026-08-31,4,5,5,14,Champions,Reward with early access / loyalty perks; ask for referrals & reviews.
CUST003126,112.0,8,812.8199999999999,2024-08-31,2026-05-11,2026-08-31,3,4,5,12,Loyal Customers,Upsell higher-value products; enrol in loyalty programme.
CUST003127,440.0,1,23.25,2025-06-17,2025-06-17,2026-08-31,2,1,1,4,About To Sleep,Re-engagement email with personalised recommendations before they go cold.
CUST003128,7.0,10,720.7,2024-09-12,2026-08-24,2026-08-31,5,5,4,14,Champions,Reward with early access / loyalty perks; ask for referrals & reviews.
CUST003129,331.0,1,102.05,2025-10-04,2025-10-04,2026-08-31,2,1,2,5,About To Sleep,Re-engagement email with personalised recommendations before they go cold.
CUST003130,355.0,1,37.71,2025-09-10,2025-09-10,2026-08-31,2,1,1,4,About To Sleep,Re-engagement email with personalised recommendations before they go cold.
CUST003131,107.0,3,117.62,2025-11-25,2026-05-16,2026-08-31,4,3,3,10,Potential Loyalists,Offer membership / subscription; personalised follow-up after purchase.
CUST003132,628.0,3,67.02,2024-09-16,2024-12-11,2026-08-31,1,3,2,6,Hibernating,Low-cost reactivation campaign; survey to learn why they stopped buying.
CUST003133,84.0,9,805.26,2024-10-15,2026-06-08,2026-08-31,4,5,5,14,Champions,Reward with early access / loyalty perks; ask for referrals & reviews.
CUST003134,28.0,11,1720.21,2024-11-22,2026-08-03,2026-08-31,5,5,5,15,Champions,Reward with early access / loyalty perks; ask for referrals & reviews.
CUST003135,,0,0.0,,,2026-08-31,,,,,No Purchase History,Investigate: no purchase history -- confirm signup funnel / re-engage with welcome offer.
CUST003136,591.0,1,13.75,2025-01-17,2025-01-17,2026-08-31,1,1,1,3,Lost,Deprioritise spend; include only in broad low-cost re-engagement blasts.
CUST003137,451.0,3,64.12,2024-11-21,2025-06-06,2026-08-31,2,3,2,7,Hibernating,Low-cost reactivation campaign; survey to learn why they stopped buying.
CUST003138,122.0,11,1217.92,2024-10-27,2026-05-01,2026-08-31,3,5,5,13,Loyal Customers,Upsell higher-value products; enrol in loyalty programme.
CUST003139,425.0,2,70.4,2025-04-16,2025-07-02,2026-08-31,2,2,2,6,About To Sleep,Re-engagement email with personalised recommendations before they go cold.
CUST003140,200.0,5,112.36,2025-05-26,2026-02-12,2026-08-31,3,4,3,10,Loyal Customers,Upsell higher-value products; enrol in loyalty programme.
CUST003141,82.0,3,236.82,2025-09-08,2026-06-10,2026-08-31,4,3,4,11,Potential Loyalists,Offer membership / subscription; personalised follow-up after purchase.
CUST003142,39.0,11,895.44,2024-10-13,2026-07-23,2026-08-31,5,5,5,15,Champions,Reward with early access / loyalty perks; ask for referrals & reviews.
CUST003143,45.0,10,6264.83,2024-10-20,2026-07-17,2026-08-31,5,5,5,15,Champions,Reward with early access / loyalty perks; ask for referrals & reviews.
CUST003144,33.0,10,752.23,2025-03-29,2026-07-29,2026-08-31,5,5,5,15,Champions,Reward with early access / loyalty perks; ask for referrals & reviews.
CUST003145,315.0,4,147.98,2025-03-12,2025-10-20,2026-08-31,2,3,3,8,At Risk,Reach out personally; time-boxed discount to prevent churn.
CUST003146,48.0,1,24.31,2026-07-14,2026-07-14,2026-08-31,4,1,1,6,New Customers,Onboard well; send a strong second-purchase incentive within 30 days.
CUST003147,253.0,1,34.24,2025-12-21,2025-12-21,2026-08-31,2,1,1,4,About To Sleep,Re-engagement email with personalised recommendations before they go cold.
CUST003148,665.0,1,143.78,2024-11-04,2024-11-04,2026-08-31,1,1,3,5,Lost,Deprioritise spend; include only in broad low-cost re-engagement blasts.
CUST003149,683.0,1,53.61,2024-10-17,2024-10-17,2026-08-31,1,1,2,4,Lost,Deprioritise spend; include only in broad low-cost re-engagement blasts.
CUST003150,6.0,8,530.28,2025-09-01,2026-08-25,2026-08-31,5,4,4,13,Champions,Reward with early access / loyalty perks; ask for referrals & reviews.
CUST003151,18.0,10,1565.05,2024-11-23,2026-08-13,2026-08-31,5,5,5,15,Champions,Reward with early access / loyalty perks; ask for referrals & reviews.
CUST003152,49.0,1,64.91,2026-07-13,2026-07-13,2026-08-31,4,1,2,7,New Customers,Onboard well; send a strong second-purchase incentive within 30 days.
CUST003153,211.0,2,45.58,2025-11-19,2026-02-01,2026-08-31,3,2,1,6,Promising,Nurture with targeted content; small incentive to drive a second order.
CUST003154,41.0,14,1128.18,2024-09-24,2026-07-21,2026-08-31,5,5,5,15,Champions,Reward with early access / loyalty perks; ask for referrals & reviews.
CUST003155,30.0,8,696.51,2025-04-20,2026-08-01,2026-08-31,5,4,4,13,Champions,Reward with early access / loyalty perks; ask for referrals & reviews.
CUST003156,138.0,4,149.57,2025-08-20,2026-04-15,2026-08-31,3,3,3,9,Need Attention,Limited-time win-back offer; recommend based on past purchases.
CUST003157,62.0,12,714.47,2025-02-26,2026-06-30,2026-08-31,4,5,4,13,Champions,Reward with early access / loyalty perks; ask for referrals & reviews.
CUST003158,17.0,14,2095.9,2024-11-17,2026-08-14,2026-08-31,5,5,5,15,Champions,Reward with early access / loyalty perks; ask for referrals & reviews.
CUST003159,558.0,2,59.6,2024-10-26,2025-02-19,2026-08-31,1,2,2,5,Hibernating,Low-cost reactivation campaign; survey to learn why they stopped buying.
CUST003160,130.0,6,235.76,2025-01-03,2026-04-23,2026-08-31,3,4,4,11,Loyal Customers,Upsell higher-value products; enrol in loyalty programme.
CUST003161,8.0,9,6538.1900000000005,2024-11-02,2026-08-23,2026-08-31,5,5,5,15,Champions,Reward with early access / loyalty perks; ask for referrals & reviews.
CUST003162,37.0,6,4853.46,2025-07-03,2026-07-25,2026-08-31,5,4,5,14,Champions,Reward with early access / loyalty perks; ask for referrals & reviews.
CUST003163,165.0,8,971.3100000000001,2024-10-30,2026-03-19,2026-08-31,3,4,5,12,Loyal Customers,Upsell higher-value products; enrol in loyalty programme.
CUST003164,686.0,1,61.84,2024-10-14,2024-10-14,2026-08-31,1,1,2,4,Lost,Deprioritise spend; include only in broad low-cost re-engagement blasts.
CUST003165,321.0,1,353.89,2025-10-14,2025-10-14,2026-08-31,2,1,4,7,About To Sleep,Re-engagement email with personalised recommendations before they go cold.
CUST003166,595.0,1,13.09,2025-01-13,2025-01-13,2026-08-31,1,1,1,3,Lost,Deprioritise spend; include only in broad low-cost re-engagement blasts.
CUST003167,4.0,14,1357.66,2024-09-09,2026-08-27,2026-08-31,5,5,5,15,Champions,Reward with early access / loyalty perks; ask for referrals & reviews.
CUST003168,49.0,10,959.75,2024-09-11,2026-07-13,2026-08-31,4,5,5,14,Champions,Reward with early access / loyalty perks; ask for referrals & reviews.
CUST003169,59.0,9,660.84,2025-03-27,2026-07-03,2026-08-31,4,5,4,13,Champions,Reward with early access / loyalty perks; ask for referrals & reviews.
CUST003170,254.0,1,42.62,2025-12-20,2025-12-20,2026-08-31,2,1,1,4,About To Sleep,Re-engagement email with personalised recommendations before they go cold.
CUST003171,27.0,11,7412.51,2024-09-19,2026-08-04,2026-08-31,5,5,5,15,Champions,Reward with early access / loyalty perks; ask for referrals & reviews.
CUST003172,523.0,1,11.66,2025-03-26,2025-03-26,2026-08-31,1,1,1,3,Lost,Deprioritise spend; include only in broad low-cost re-engagement blasts.
CUST003173,414.0,1,47.79,2025-07-13,2025-07-13,2026-08-31,2,1,2,5,About To Sleep,Re-engagement email with personalised recommendations before they go cold.
CUST003174,115.0,7,4768.360000000001,2025-06-24,2026-05-08,2026-08-31,3,4,5,12,Loyal Customers,Upsell higher-value products; enrol in loyalty programme.
CUST003175,222.0,1,56.84,2026-01-21,2026-01-21,2026-08-31,2,1,2,5,About To Sleep,Re-engagement email with personalised recommendations before they go cold.
CUST003176,45.0,11,1221.87,2024-10-24,2026-07-17,2026-08-31,5,5,5,15,Champions,Reward with early access / loyalty perks; ask for referrals & reviews.
CUST003177,682.0,2,64.67,2024-09-17,2024-10-18,2026-08-31,1,2,2,5,Hibernating,Low-cost reactivation campaign; survey to learn why they stopped buying.
CUST003178,82.0,6,266.32,2025-09-30,2026-06-10,2026-08-31,4,4,4,12,Champions,Reward with early access / loyalty perks; ask for referrals & reviews.
CUST003179,28.0,10,1146.27,2024-09-22,2026-08-03,2026-08-31,5,5,5,15,Champions,Reward with early access / loyalty perks; ask for referrals & reviews.
CUST003180,517.0,1,31.33,2025-04-01,2025-04-01,2026-08-31,1,1,1,3,Lost,Deprioritise spend; include only in broad low-cost re-engagement blasts.
CUST003181,302.0,3,319.22,2025-06-03,2025-11-02,2026-08-31,2,3,4,9,At Risk,Reach out personally; time-boxed discount to prevent churn.
CUST003182,133.0,5,297.54,2025-10-09,2026-04-20,2026-08-31,3,4,4,11,Loyal Customers,Upsell higher-value products; enrol in loyalty programme.
CUST003183,102.0,1,23.74,2026-05-21,2026-05-21,2026-08-31,4,1,1,6,New Customers,Onboard well; send a strong second-purchase incentive within 30 days.
CUST003184,77.0,7,655.98,2024-11-20,2026-06-15,2026-08-31,4,4,4,12,Champions,Reward with early access / loyalty perks; ask for referrals & reviews.
CUST003185,37.0,10,2040.5800000000002,2024-09-24,2026-07-25,2026-08-31,5,5,5,15,Champions,Reward with early access / loyalty perks; ask for referrals & reviews.
CUST003186,59.0,8,627.72,2025-05-13,2026-07-03,2026-08-31,4,4,4,12,Champions,Reward with early access / loyalty perks; ask for referrals & reviews.
CUST003187,444.0,1,87.38,2025-06-13,2025-06-13,2026-08-31,2,1,2,5,About To Sleep,Re-engagement email with personalised recommendations before they go cold.
CUST003188,383.0,3,152.83,2025-03-16,2025-08-13,2026-08-31,2,3,3,8,At Risk,Reach out personally; time-boxed discount to prevent churn.
CUST003189,58.0,13,864.36,2024-10-31,2026-07-04,2026-08-31,4,5,5,14,Champions,Reward with early access / loyalty perks; ask for referrals & reviews.
CUST003190,126.0,3,156.13,2026-02-28,2026-04-27,2026-08-31,3,3,3,9,Need Attention,Limited-time win-back offer; recommend based on past purchases.
CUST003191,5.0,12,990.3299999999999,2024-09-25,2026-08-26,2026-08-31,5,5,5,15,Champions,Reward with early access / loyalty perks; ask for referrals & reviews.
CUST003192,28.0,13,1894.73,2024-11-24,2026-08-03,2026-08-31,5,5,5,15,Champions,Reward with early access / loyalty perks; ask for referrals & reviews.
CUST003193,60.0,1,110.9,2026-07-02,2026-07-02,2026-08-31,4,1,3,8,New Customers,Onboard well; send a strong second-purchase incentive within 30 days.
CUST003194,248.0,1,20.45,2025-12-26,2025-12-26,2026-08-31,2,1,1,4,About To Sleep,Re-engagement email with personalised recommendations before they go cold.
CUST003195,297.0,1,57.86,2025-11-07,2025-11-07,2026-08-31,2,1,2,5,About To Sleep,Re-engagement email with personalised recommendations before they go cold.
CUST003196,234.0,3,83.45,2025-10-07,2026-01-09,2026-08-31,2,3,2,7,Hibernating,Low-cost reactivation campaign; survey to learn why they stopped buying.
CUST003197,329.0,1,34.1,2025-10-06,2025-10-06,2026-08-31,2,1,1,4,About To Sleep,Re-engagement email with personalised recommendations before they go cold.
CUST003198,1.0,16,1825.66,2024-09-04,2026-08-30,2026-08-31,5,5,5,15,Champions,Reward with early access / loyalty perks; ask for referrals & reviews.
CUST003199,14.0,14,969.2,2024-09-18,2026-08-17,2026-08-31,5,5,5,15,Champions,Reward with early access / loyalty perks; ask for referrals & reviews.
CUST003200,424.0,2,96.72999999999999,2025-04-28,2025-07-03,2026-08-31,2,2,2,6,About To Sleep,Re-engagement email with personalised recommendations before they go cold.
CUST003201,318.0,4,175.26999999999998,2025-05-16,2025-10-17,2026-08-31,2,3,3,8,At Risk,Reach out personally; time-boxed discount to prevent churn.
CUST003202,314.0,1,28.38,2025-10-21,2025-10-21,2026-08-31,2,1,1,4,About To Sleep,Re-engagement email with personalised recommendations before they go cold.
CUST003203,651.0,1,141.25,2024-11-18,2024-11-18,2026-08-31,1,1,3,5,Lost,Deprioritise spend; include only in broad low-cost re-engagement blasts.
CUST003204,19.0,1,44.81,2026-08-12,2026-08-12,2026-08-31,5,1,1,7,New Customers,Onboard well; send a strong second-purchase incentive within 30 days.
CUST003205,595.0,2,81.74,2024-10-10,2025-01-13,2026-08-31,1,2,2,5,Hibernating,Low-cost reactivation campaign; survey to learn why they stopped buying.
CUST003206,126.0,5,277.58,2025-06-11,2026-04-27,2026-08-31,3,4,4,11,Loyal Customers,Upsell higher-value products; enrol in loyalty programme.
CUST003207,32.0,12,1747.89,2024-09-11,2026-07-30,2026-08-31,5,5,5,15,Champions,Reward with early access / loyalty perks; ask for referrals & reviews.
CUST003208,1.0,9,570.18,2024-11-12,2026-08-30,2026-08-31,5,5,4,14,Champions,Reward with early access / loyalty perks; ask for referrals & reviews.
CUST003209,6.0,10,742.6899999999999,2024-11-22,2026-08-25,2026-08-31,5,5,4,14,Champions,Reward with early access / loyalty perks; ask for referrals & reviews.
CUST003210,7.0,7,545.24,2025-02-27,2026-08-24,2026-08-31,5,4,4,13,Champions,Reward with early access / loyalty perks; ask for referrals & reviews.
CUST003211,33.0,2,167.23,2026-05-15,2026-07-29,2026-08-31,5,2,3,10,Potential Loyalists,Offer membership / subscription; personalised follow-up after purchase.
CUST003212,542.0,1,17.92,2025-03-07,2025-03-07,2026-08-31,1,1,1,3,Lost,Deprioritise spend; include only in broad low-cost re-engagement blasts.
CUST003213,563.0,2,38.85,2024-11-14,2025-02-14,2026-08-31,1,2,1,4,Hibernating,Low-cost reactivation campaign; survey to learn why they stopped buying.
CUST003214,315.0,1,52.78,2025-10-20,2025-10-20,2026-08-31,2,1,2,5,About To Sleep,Re-engagement email with personalised recommendations before they go cold.
CUST003215,11.0,14,808.51,2024-09-20,2026-08-20,2026-08-31,5,5,5,15,Champions,Reward with early access / loyalty perks; ask for referrals & reviews.
CUST003216,263.0,1,27.17,2025-12-11,2025-12-11,2026-08-31,2,1,1,4,About To Sleep,Re-engagement email with personalised recommendations before they go cold.
CUST003217,124.0,6,215.94,2025-05-18,2026-04-29,2026-08-31,3,4,3,10,Loyal Customers,Upsell higher-value products; enrol in loyalty programme.
CUST003218,33.0,12,2222.13,2024-09-08,2026-07-29,2026-08-31,5,5,5,15,Champions,Reward with early access / loyalty perks; ask for referrals & reviews.
CUST003219,227.0,3,194.47,2025-07-14,2026-01-16,2026-08-31,2,3,3,8,At Risk,Reach out personally; time-boxed discount to prevent churn.
CUST003220,161.0,5,180.74,2025-07-15,2026-03-23,2026-08-31,3,4,3,10,Loyal Customers,Upsell higher-value products; enrol in loyalty programme.
CUST003221,179.0,2,114.66,2025-11-27,2026-03-05,2026-08-31,3,2,3,8,Promising,Nurture with targeted content; small incentive to drive a second order.
CUST003222,405.0,3,197.51000000000002,2025-02-19,2025-07-22,2026-08-31,2,3,3,8,At Risk,Reach out personally; time-boxed discount to prevent churn.
CUST003223,358.0,2,35.0,2025-07-22,2025-09-07,2026-08-31,2,2,1,5,About To Sleep,Re-engagement email with personalised recommendations before they go cold.
CUST003224,246.0,1,128.27,2025-12-28,2025-12-28,2026-08-31,2,1,3,6,About To Sleep,Re-engagement email with personalised recommendations before they go cold.
CUST003225,1.0,10,772.7800000000001,2024-11-08,2026-08-30,2026-08-31,5,5,5,15,Champions,Reward with early access / loyalty perks; ask for referrals & reviews.
CUST003226,408.0,2,106.98,2025-04-07,2025-07-19,2026-08-31,2,2,2,6,About To Sleep,Re-engagement email with personalised recommendations before they go cold.
CUST003227,400.0,1,16.05,2025-07-27,2025-07-27,2026-08-31,2,1,1,4,About To Sleep,Re-engagement email with personalised recommendations before they go cold.
CUST003228,49.0,10,800.64,2025-01-08,2026-07-13,2026-08-31,4,5,5,14,Champions,Reward with early access / loyalty perks; ask for referrals & reviews.
CUST003229,37.0,1,66.77,2026-07-25,2026-07-25,2026-08-31,5,1,2,8,New Customers,Onboard well; send a strong second-purchase incentive within 30 days.
CUST003230,151.0,3,112.04,2025-10-10,2026-04-02,2026-08-31,3,3,3,9,Need Attention,Limited-time win-back offer; recommend based on past purchases.
CUST003231,38.0,5,258.09,2025-10-19,2026-07-24,2026-08-31,5,4,4,13,Champions,Reward with early access / loyalty perks; ask for referrals & reviews.
CUST003232,56.0,12,940.75,2024-12-02,2026-07-06,2026-08-31,4,5,5,14,Champions,Reward with early access / loyalty perks; ask for referrals & reviews.
CUST003233,239.0,1,73.11,2026-01-04,2026-01-04,2026-08-31,2,1,2,5,About To Sleep,Re-engagement email with personalised recommendations before they go cold.
CUST003234,89.0,9,896.13,2025-02-05,2026-06-03,2026-08-31,4,5,5,14,Champions,Reward with early access / loyalty perks; ask for referrals & reviews.
CUST003235,179.0,9,618.07,2024-09-08,2026-03-05,2026-08-31,3,5,4,12,Loyal Customers,Upsell higher-value products; enrol in loyalty programme.
CUST003236,62.0,13,1203.54,2024-09-10,2026-06-30,2026-08-31,4,5,5,14,Champions,Reward with early access / loyalty perks; ask for referrals & reviews.
CUST003237,12.0,6,3865.68,2025-10-25,2026-08-19,2026-08-31,5,4,5,14,Champions,Reward with early access / loyalty perks; ask for referrals & reviews.
CUST003238,210.0,2,74.11,2026-01-18,2026-02-02,2026-08-31,3,2,2,7,Promising,Nurture with targeted content; small incentive to drive a second order.
CUST003239,139.0,2,115.28999999999999,2026-03-21,2026-04-14,2026-08-31,3,2,3,8,Promising,Nurture with targeted content; small incentive to drive a second order.
CUST003240,140.0,5,455.62,2025-08-19,2026-04-13,2026-08-31,3,4,4,11,Loyal Customers,Upsell higher-value products; enrol in loyalty programme.
CUST003241,481.0,2,74.83,2025-04-27,2025-05-07,2026-08-31,1,2,2,5,Hibernating,Low-cost reactivation campaign; survey to learn why they stopped buying.
CUST003242,590.0,1,29.4,2025-01-18,2025-01-18,2026-08-31,1,1,1,3,Lost,Deprioritise spend; include only in broad low-cost re-engagement blasts.
CUST003243,353.0,2,41.69,2025-07-07,2025-09-12,2026-08-31,2,2,1,5,About To Sleep,Re-engagement email with personalised recommendations before they go cold.
CUST003244,48.0,5,155.9,2025-08-25,2026-07-14,2026-08-31,4,4,3,11,Loyal Customers,Upsell higher-value products; enrol in loyalty programme.
CUST003245,27.0,8,512.11,2024-11-21,2026-08-04,2026-08-31,5,4,4,13,Champions,Reward with early access / loyalty perks; ask for referrals & reviews.
CUST003246,388.0,1,33.99,2025-08-08,2025-08-08,2026-08-31,2,1,1,4,About To Sleep,Re-engagement email with personalised recommendations before they go cold.
CUST003247,184.0,6,296.27,2025-05-07,2026-02-28,2026-08-31,3,4,4,11,Loyal Customers,Upsell higher-value products; enrol in loyalty programme.
CUST003248,606.0,3,97.83,2024-10-30,2025-01-02,2026-08-31,1,3,2,6,Hibernating,Low-cost reactivation campaign; survey to learn why they stopped buying.
CUST003249,639.0,2,96.4,2024-11-22,2024-11-30,2026-08-31,1,2,2,5,Hibernating,Low-cost reactivation campaign; survey to learn why they stopped buying.
CUST003250,328.0,5,226.78,2025-02-18,2025-10-07,2026-08-31,2,4,4,10,At Risk,Reach out personally; time-boxed discount to prevent churn.
CUST003251,34.0,12,7601.8099999999995,2024-11-25,2026-07-28,2026-08-31,5,5,5,15,Champions,Reward with early access / loyalty perks; ask for referrals & reviews.
CUST003252,488.0,1,15.09,2025-04-30,2025-04-30,2026-08-31,1,1,1,3,Lost,Deprioritise spend; include only in broad low-cost re-engagement blasts.
CUST003253,132.0,3,195.03,2026-02-26,2026-04-21,2026-08-31,3,3,3,9,Need Attention,Limited-time win-back offer; recommend based on past purchases.
CUST003254,90.0,5,175.81,2025-11-28,2026-06-02,2026-08-31,4,4,3,11,Loyal Customers,Upsell higher-value products; enrol in loyalty programme.
CUST003255,40.0,11,1432.24,2024-09-24,2026-07-22,2026-08-31,5,5,5,15,Champions,Reward with early access / loyalty perks; ask for referrals & reviews.
CUST003256,597.0,2,73.64,2024-09-21,2025-01-11,2026-08-31,1,2,2,5,Hibernating,Low-cost reactivation campaign; survey to learn why they stopped buying.
CUST003257,84.0,11,1022.59,2024-12-31,2026-06-08,2026-08-31,4,5,5,14,Champions,Reward with early access / loyalty perks; ask for referrals & reviews.
CUST003258,66.0,6,265.01,2025-06-22,2026-06-26,2026-08-31,4,4,4,12,Champions,Reward with early access / loyalty perks; ask for referrals & reviews.
CUST003259,318.0,1,41.83,2025-10-17,2025-10-17,2026-08-31,2,1,1,4,About To Sleep,Re-engagement email with personalised recommendations before they go cold.
CUST003260,12.0,15,2317.84,2025-01-25,2026-08-19,2026-08-31,5,5,5,15,Champions,Reward with early access / loyalty perks; ask for referrals & reviews.
CUST003261,6.0,11,584.27,2024-11-18,2026-08-25,2026-08-31,5,5,4,14,Champions,Reward with early access / loyalty perks; ask for referrals & reviews.
CUST003262,534.0,1,61.28,2025-03-15,2025-03-15,2026-08-31,1,1,2,4,Lost,Deprioritise spend; include only in broad low-cost re-engagement blasts.
CUST003263,68.0,12,1175.61,2024-12-07,2026-06-24,2026-08-31,4,5,5,14,Champions,Reward with early access / loyalty perks; ask for referrals & reviews.
CUST003264,83.0,6,321.03,2025-06-06,2026-06-09,2026-08-31,4,4,4,12,Champions,Reward with early access / loyalty perks; ask for referrals & reviews.
CUST003265,264.0,4,327.28999999999996,2025-05-19,2025-12-10,2026-08-31,2,3,4,9,At Risk,Reach out personally; time-boxed discount to prevent churn.
CUST003266,58.0,5,155.1,2025-10-01,2026-07-04,2026-08-31,4,4,3,11,Loyal Customers,Upsell higher-value products; enrol in loyalty programme.
CUST003267,6.0,8,322.34999999999997,2025-07-27,2026-08-25,2026-08-31,5,4,4,13,Champions,Reward with early access / loyalty perks; ask for referrals & reviews.
CUST003268,,0,0.0,,,2026-08-31,,,,,No Purchase History,Investigate: no purchase history -- confirm signup funnel / re-engage with welcome offer.
CUST003269,42.0,10,9337.36,2024-11-12,2026-07-20,2026-08-31,5,5,5,15,Champions,Reward with early access / loyalty perks; ask for referrals & reviews.
CUST003270,113.0,13,898.6800000000001,2024-10-12,2026-05-10,2026-08-31,3,5,5,13,Loyal Customers,Upsell higher-value products; enrol in loyalty programme.
CUST003271,54.0,9,7357.43,2025-02-05,2026-07-08,2026-08-31,4,5,5,14,Champions,Reward with early access / loyalty perks; ask for referrals & reviews.
CUST003272,282.0,1,110.63,2025-11-22,2025-11-22,2026-08-31,2,1,3,6,About To Sleep,Re-engagement email with personalised recommendations before they go cold.
CUST003273,35.0,1,25.56,2026-07-27,2026-07-27,2026-08-31,5,1,1,7,New Customers,Onboard well; send a strong second-purchase incentive within 30 days.
CUST003274,244.0,1,25.45,2025-12-30,2025-12-30,2026-08-31,2,1,1,4,About To Sleep,Re-engagement email with personalised recommendations before they go cold.
CUST003275,23.0,1,82.89,2026-08-08,2026-08-08,2026-08-31,5,1,2,8,New Customers,Onboard well; send a strong second-purchase incentive within 30 days.
CUST003276,590.0,3,90.55,2024-11-04,2025-01-18,2026-08-31,1,3,2,6,Hibernating,Low-cost reactivation campaign; survey to learn why they stopped buying.
CUST003277,180.0,3,75.94,2025-09-07,2026-03-04,2026-08-31,3,3,2,8,Need Attention,Limited-time win-back offer; recommend based on past purchases.
CUST003278,615.0,1,90.56,2024-12-24,2024-12-24,2026-08-31,1,1,2,4,Lost,Deprioritise spend; include only in broad low-cost re-engagement blasts.
CUST003279,174.0,3,136.56,2025-08-19,2026-03-10,2026-08-31,3,3,3,9,Need Attention,Limited-time win-back offer; recommend based on past purchases.
CUST003280,62.0,12,1042.78,2024-10-04,2026-06-30,2026-08-31,4,5,5,14,Champions,Reward with early access / loyalty perks; ask for referrals & reviews.
CUST003281,416.0,1,14.08,2025-07-11,2025-07-11,2026-08-31,2,1,1,4,About To Sleep,Re-engagement email with personalised recommendations before they go cold.
CUST003282,137.0,14,2254.8599999999997,2024-11-03,2026-04-16,2026-08-31,3,5,5,13,Loyal Customers,Upsell higher-value products; enrol in loyalty programme.
CUST003283,160.0,6,287.12,2025-02-10,2026-03-24,2026-08-31,3,4,4,11,Loyal Customers,Upsell higher-value products; enrol in loyalty programme.
CUST003284,46.0,7,567.85,2025-03-10,2026-07-16,2026-08-31,4,4,4,12,Champions,Reward with early access / loyalty perks; ask for referrals & reviews.
CUST003285,57.0,13,923.72,2024-11-11,2026-07-05,2026-08-31,4,5,5,14,Champions,Reward with early access / loyalty perks; ask for referrals & reviews.
CUST003286,481.0,1,33.23,2025-05-07,2025-05-07,2026-08-31,1,1,1,3,Lost,Deprioritise spend; include only in broad low-cost re-engagement blasts.
CUST003287,585.0,1,89.45,2025-01-23,2025-01-23,2026-08-31,1,1,2,4,Lost,Deprioritise spend; include only in broad low-cost re-engagement blasts.
CUST003288,47.0,4,437.01,2025-12-20,2026-07-15,2026-08-31,4,3,4,11,Potential Loyalists,Offer membership / subscription; personalised follow-up after purchase.
CUST003289,27.0,10,707.56,2025-10-20,2026-08-04,2026-08-31,5,5,4,14,Champions,Reward with early access / loyalty perks; ask for referrals & reviews.
CUST003290,220.0,5,311.90999999999997,2025-02-18,2026-01-23,2026-08-31,3,4,4,11,Loyal Customers,Upsell higher-value products; enrol in loyalty programme.
CUST003291,169.0,4,127.45,2025-11-16,2026-03-15,2026-08-31,3,3,3,9,Need Attention,Limited-time win-back offer; recommend based on past purchases.
CUST003292,303.0,1,73.3,2025-11-01,2025-11-01,2026-08-31,2,1,2,5,About To Sleep,Re-engagement email with personalised recommendations before they go cold.
CUST003293,512.0,1,31.06,2025-04-06,2025-04-06,2026-08-31,1,1,1,3,Lost,Deprioritise spend; include only in broad low-cost re-engagement blasts.
CUST003294,169.0,6,204.01,2025-06-15,2026-03-15,2026-08-31,3,4,3,10,Loyal Customers,Upsell higher-value products; enrol in loyalty programme.
CUST003295,143.0,4,192.5,2025-11-28,2026-04-10,2026-08-31,3,3,3,9,Need Attention,Limited-time win-back offer; recommend based on past purchases.
CUST003296,19.0,14,9141.91,2025-01-10,2026-08-12,2026-08-31,5,5,5,15,Champions,Reward with early access / loyalty perks; ask for referrals & reviews.
CUST003297,473.0,3,197.99,2025-02-02,2025-05-15,2026-08-31,1,3,3,7,At Risk,Reach out personally; time-boxed discount to prevent churn.
CUST003298,106.0,5,213.82,2025-07-26,2026-05-17,2026-08-31,4,4,3,11,Loyal Customers,Upsell higher-value products; enrol in loyalty programme.
CUST003299,191.0,3,114.19999999999999,2025-11-13,2026-02-21,2026-08-31,3,3,3,9,Need Attention,Limited-time win-back offer; recommend based on past purchases.
CUST003300,14.0,10,1779.9,2024-10-29,2026-08-17,2026-08-31,5,5,5,15,Champions,Reward with early access / loyalty perks; ask for referrals & reviews.
CUST003301,551.0,1,50.76,2025-02-26,2025-02-26,2026-08-31,1,1,2,4,Lost,Deprioritise spend; include only in broad low-cost re-engagement blasts.
CUST003302,234.0,5,142.98000000000002,2025-09-15,2026-01-09,2026-08-31,2,4,3,9,At Risk,Reach out personally; time-boxed discount to prevent churn.
CUST003303,226.0,4,250.0,2025-08-17,2026-01-17,2026-08-31,2,3,4,9,At Risk,Reach out personally; time-boxed discount to prevent churn.
CUST003304,33.0,5,3888.73,2025-09-24,2026-07-29,2026-08-31,5,4,5,14,Champions,Reward with early access / loyalty perks; ask for referrals & reviews.
CUST003305,261.0,1,52.79,2025-12-13,2025-12-13,2026-08-31,2,1,2,5,About To Sleep,Re-engagement email with personalised recommendations before they go cold.
CUST003306,121.0,15,1707.3,2024-09-13,2026-05-02,2026-08-31,3,5,5,13,Loyal Customers,Upsell higher-value products; enrol in loyalty programme.
CUST003307,13.0,10,828.5799999999999,2025-02-09,2026-08-18,2026-08-31,5,5,5,15,Champions,Reward with early access / loyalty perks; ask for referrals & reviews.
CUST003308,2.0,14,1691.44,2024-09-03,2026-08-29,2026-08-31,5,5,5,15,Champions,Reward with early access / loyalty perks; ask for referrals & reviews.
CUST003309,,0,0.0,,,2026-08-31,,,,,No Purchase History,Investigate: no purchase history -- confirm signup funnel / re-engage with welcome offer.
CUST003310,34.0,10,802.45,2024-10-10,2026-07-28,2026-08-31,5,5,5,15,Champions,Reward with early access / loyalty perks; ask for referrals & reviews.
CUST003311,458.0,1,82.42,2025-05-30,2025-05-30,2026-08-31,2,1,2,5,About To Sleep,Re-engagement email with personalised recommendations before they go cold.
CUST003312,672.0,2,152.72,2024-10-10,2024-10-28,2026-08-31,1,2,3,6,Need Attention,Limited-time win-back offer; recommend based on past purchases.
CUST003313,116.0,1,44.27,2026-05-07,2026-05-07,2026-08-31,3,1,1,5,Promising,Nurture with targeted content; small incentive to drive a second order.
CUST003314,565.0,1,48.56,2025-02-12,2025-02-12,2026-08-31,1,1,2,4,Lost,Deprioritise spend; include only in broad low-cost re-engagement blasts.
CUST003315,212.0,4,165.76,2025-07-12,2026-01-31,2026-08-31,3,3,3,9,Need Attention,Limited-time win-back offer; recommend based on past purchases.
CUST003316,88.0,8,644.12,2025-05-27,2026-06-04,2026-08-31,4,4,4,12,Champions,Reward with early access / loyalty perks; ask for referrals & reviews.
CUST003317,583.0,1,49.5,2025-01-25,2025-01-25,2026-08-31,1,1,2,4,Lost,Deprioritise spend; include only in broad low-cost re-engagement blasts.
CUST003318,11.0,12,754.84,2024-12-09,2026-08-20,2026-08-31,5,5,5,15,Champions,Reward with early access / loyalty perks; ask for referrals & reviews.
CUST003319,73.0,9,799.03,2024-10-27,2026-06-19,2026-08-31,4,5,5,14,Champions,Reward with early access / loyalty perks; ask for referrals & reviews.
CUST003320,216.0,2,79.44,2026-01-08,2026-01-27,2026-08-31,3,2,2,7,Promising,Nurture with targeted content; small incentive to drive a second order.
CUST003321,13.0,11,2049.35,2024-10-10,2026-08-18,2026-08-31,5,5,5,15,Champions,Reward with early access / loyalty perks; ask for referrals & reviews.
CUST003322,211.0,6,335.15,2025-06-06,2026-02-01,2026-08-31,3,4,4,11,Loyal Customers,Upsell higher-value products; enrol in loyalty programme.
CUST003323,135.0,1,27.6,2026-04-18,2026-04-18,2026-08-31,3,1,1,5,Promising,Nurture with targeted content; small incentive to drive a second order.
CUST003324,553.0,4,256.43,2024-09-24,2025-02-24,2026-08-31,1,3,4,8,At Risk,Reach out personally; time-boxed discount to prevent churn.
CUST003325,238.0,1,15.5,2026-01-05,2026-01-05,2026-08-31,2,1,1,4,About To Sleep,Re-engagement email with personalised recommendations before they go cold.
CUST003326,311.0,2,143.51,2025-08-06,2025-10-24,2026-08-31,2,2,3,7,About To Sleep,Re-engagement email with personalised recommendations before they go cold.
CUST003327,36.0,3,188.22,2025-11-08,2026-07-26,2026-08-31,5,3,3,11,Potential Loyalists,Offer membership / subscription; personalised follow-up after purchase.
CUST003328,371.0,1,51.87,2025-08-25,2025-08-25,2026-08-31,2,1,2,5,About To Sleep,Re-engagement email with personalised recommendations before they go cold.
CUST003329,138.0,1,33.4,2026-04-15,2026-04-15,2026-08-31,3,1,1,5,Promising,Nurture with targeted content; small incentive to drive a second order.
CUST003330,87.0,2,103.82000000000001,2026-03-05,2026-06-05,2026-08-31,4,2,2,8,Potential Loyalists,Offer membership / subscription; personalised follow-up after purchase.
CUST003331,314.0,3,120.5,2025-08-06,2025-10-21,2026-08-31,2,3,3,8,At Risk,Reach out personally; time-boxed discount to prevent churn.
CUST003332,146.0,4,161.3,2025-09-11,2026-04-07,2026-08-31,3,3,3,9,Need Attention,Limited-time win-back offer; recommend based on past purchases.
CUST003333,35.0,9,1493.52,2024-11-21,2026-07-27,2026-08-31,5,5,5,15,Champions,Reward with early access / loyalty perks; ask for referrals & reviews.
CUST003334,108.0,2,32.0,2026-04-02,2026-05-15,2026-08-31,4,2,1,7,Potential Loyalists,Offer membership / subscription; personalised follow-up after purchase.
CUST003335,81.0,2,30.15,2026-04-21,2026-06-11,2026-08-31,4,2,1,7,Potential Loyalists,Offer membership / subscription; personalised follow-up after purchase.
CUST003336,226.0,4,170.84,2025-09-07,2026-01-17,2026-08-31,2,3,3,8,At Risk,Reach out personally; time-boxed discount to prevent churn.
CUST003337,301.0,1,21.69,2025-11-03,2025-11-03,2026-08-31,2,1,1,4,About To Sleep,Re-engagement email with personalised recommendations before they go cold.
CUST003338,579.0,1,13.59,2025-01-29,2025-01-29,2026-08-31,1,1,1,3,Lost,Deprioritise spend; include only in broad low-cost re-engagement blasts.
CUST003339,140.0,5,264.85,2025-06-10,2026-04-13,2026-08-31,3,4,4,11,Loyal Customers,Upsell higher-value products; enrol in loyalty programme.
CUST003340,560.0,1,12.34,2025-02-17,2025-02-17,2026-08-31,1,1,1,3,Lost,Deprioritise spend; include only in broad low-cost re-engagement blasts.
CUST003341,77.0,3,118.88999999999999,2026-04-07,2026-06-15,2026-08-31,4,3,3,10,Potential Loyalists,Offer membership / subscription; personalised follow-up after purchase.
CUST003342,308.0,2,86.4,2025-10-08,2025-10-27,2026-08-31,2,2,2,6,About To Sleep,Re-engagement email with personalised recommendations before they go cold.
CUST003343,15.0,10,700.38,2024-09-03,2026-08-16,2026-08-31,5,5,4,14,Champions,Reward with early access / loyalty perks; ask for referrals & reviews.
CUST003344,44.0,9,758.39,2025-05-23,2026-07-18,2026-08-31,5,5,5,15,Champions,Reward with early access / loyalty perks; ask for referrals & reviews.
CUST003345,562.0,1,11.73,2025-02-15,2025-02-15,2026-08-31,1,1,1,3,Lost,Deprioritise spend; include only in broad low-cost re-engagement blasts.
CUST003346,244.0,1,15.49,2025-12-30,2025-12-30,2026-08-31,2,1,1,4,About To Sleep,Re-engagement email with personalised recommendations before they go cold.
CUST003347,418.0,3,239.81,2025-01-12,2025-07-09,2026-08-31,2,3,4,9,At Risk,Reach out personally; time-boxed discount to prevent churn.
CUST003348,539.0,1,44.58,2025-03-10,2025-03-10,2026-08-31,1,1,1,3,Lost,Deprioritise spend; include only in broad low-cost re-engagement blasts.
CUST003349,343.0,2,43.58,2025-07-31,2025-09-22,2026-08-31,2,2,1,5,About To Sleep,Re-engagement email with personalised recommendations before they go cold.
CUST003350,165.0,6,248.97,2025-02-26,2026-03-19,2026-08-31,3,4,4,11,Loyal Customers,Upsell higher-value products; enrol in loyalty programme.
CUST003351,5.0,15,2019.6,2024-10-20,2026-08-26,2026-08-31,5,5,5,15,Champions,Reward with early access / loyalty perks; ask for referrals & reviews.
CUST003352,27.0,11,680.53,2024-10-11,2026-08-04,2026-08-31,5,5,4,14,Champions,Reward with early access / loyalty perks; ask for referrals & reviews.
CUST003353,14.0,11,1185.64,2024-09-12,2026-08-17,2026-08-31,5,5,5,15,Champions,Reward with early access / loyalty perks; ask for referrals & reviews.
CUST003354,50.0,4,142.47,2025-12-18,2026-07-12,2026-08-31,4,3,3,10,Potential Loyalists,Offer membership / subscription; personalised follow-up after purchase.
CUST003355,133.0,3,73.38,2025-09-01,2026-04-20,2026-08-31,3,3,2,8,Need Attention,Limited-time win-back offer; recommend based on past purchases.
CUST003356,134.0,6,249.8,2025-05-28,2026-04-19,2026-08-31,3,4,4,11,Loyal Customers,Upsell higher-value products; enrol in loyalty programme.
CUST003357,570.0,1,88.07,2025-02-07,2025-02-07,2026-08-31,1,1,2,4,Lost,Deprioritise spend; include only in broad low-cost re-engagement blasts.
CUST003358,115.0,3,93.43,2025-12-12,2026-05-08,2026-08-31,3,3,2,8,Need Attention,Limited-time win-back offer; recommend based on past purchases.
CUST003359,599.0,1,20.65,2025-01-09,2025-01-09,2026-08-31,1,1,1,3,Lost,Deprioritise spend; include only in broad low-cost re-engagement blasts.
CUST003360,428.0,1,27.2,2025-06-29,2025-06-29,2026-08-31,2,1,1,4,About To Sleep,Re-engagement email with personalised recommendations before they go cold.
CUST003361,163.0,2,66.72,2025-12-22,2026-03-21,2026-08-31,3,2,2,7,Promising,Nurture with targeted content; small incentive to drive a second order.
CUST003362,47.0,2,96.35,2026-04-16,2026-07-15,2026-08-31,4,2,2,8,Potential Loyalists,Offer membership / subscription; personalised follow-up after purchase.
CUST003363,564.0,1,22.85,2025-02-13,2025-02-13,2026-08-31,1,1,1,3,Lost,Deprioritise spend; include only in broad low-cost re-engagement blasts.
CUST003364,468.0,1,24.28,2025-05-20,2025-05-20,2026-08-31,1,1,1,3,Lost,Deprioritise spend; include only in broad low-cost re-engagement blasts.
CUST003365,239.0,4,212.89000000000001,2025-07-28,2026-01-04,2026-08-31,2,3,3,8,At Risk,Reach out personally; time-boxed discount to prevent churn.
CUST003366,184.0,2,55.94,2025-12-24,2026-02-28,2026-08-31,3,2,2,7,Promising,Nurture with targeted content; small incentive to drive a second order.
CUST003367,681.0,1,9.93,2024-10-19,2024-10-19,2026-08-31,1,1,1,3,Lost,Deprioritise spend; include only in broad low-cost re-engagement blasts.
CUST003368,43.0,1,14.65,2026-07-19,2026-07-19,2026-08-31,5,1,1,7,New Customers,Onboard well; send a strong second-purchase incentive within 30 days.
CUST003369,90.0,13,716.33,2024-11-19,2026-06-02,2026-08-31,4,5,4,13,Champions,Reward with early access / loyalty perks; ask for referrals & reviews.
CUST003370,38.0,5,207.19,2026-03-12,2026-07-24,2026-08-31,5,4,3,12,Loyal Customers,Upsell higher-value products; enrol in loyalty programme.
CUST003371,557.0,2,101.19,2024-12-21,2025-02-20,2026-08-31,1,2,2,5,Hibernating,Low-cost reactivation campaign; survey to learn why they stopped buying.
CUST003372,31.0,10,1130.6,2024-10-23,2026-07-31,2026-08-31,5,5,5,15,Champions,Reward with early access / loyalty perks; ask for referrals & reviews.
CUST003373,351.0,3,323.41,2025-01-26,2025-09-14,2026-08-31,2,3,4,9,At Risk,Reach out personally; time-boxed discount to prevent churn.
CUST003374,53.0,9,827.68,2024-09-15,2026-07-09,2026-08-31,4,5,5,14,Champions,Reward with early access / loyalty perks; ask for referrals & reviews.
CUST003375,229.0,1,30.29,2026-01-14,2026-01-14,2026-08-31,2,1,1,4,About To Sleep,Re-engagement email with personalised recommendations before they go cold.
CUST003376,167.0,2,126.0,2026-01-22,2026-03-17,2026-08-31,3,2,3,8,Promising,Nurture with targeted content; small incentive to drive a second order.
CUST003377,35.0,12,1458.67,2024-12-01,2026-07-27,2026-08-31,5,5,5,15,Champions,Reward with early access / loyalty perks; ask for referrals & reviews.
CUST003378,355.0,4,289.5,2025-02-03,2025-09-10,2026-08-31,2,3,4,9,At Risk,Reach out personally; time-boxed discount to prevent churn.
CUST003379,34.0,2,174.64,2026-04-04,2026-07-28,2026-08-31,5,2,3,10,Potential Loyalists,Offer membership / subscription; personalised follow-up after purchase.
CUST003380,39.0,7,5826.58,2025-06-18,2026-07-23,2026-08-31,5,4,5,14,Champions,Reward with early access / loyalty perks; ask for referrals & reviews.
CUST003381,184.0,2,146.74,2026-01-29,2026-02-28,2026-08-31,3,2,3,8,Promising,Nurture with targeted content; small incentive to drive a second order.
CUST003382,574.0,1,85.65,2025-02-03,2025-02-03,2026-08-31,1,1,2,4,Lost,Deprioritise spend; include only in broad low-cost re-engagement blasts.
CUST003383,673.0,1,32.62,2024-10-27,2024-10-27,2026-08-31,1,1,1,3,Lost,Deprioritise spend; include only in broad low-cost re-engagement blasts.
CUST003384,301.0,1,21.3,2025-11-03,2025-11-03,2026-08-31,2,1,1,4,About To Sleep,Re-engagement email with personalised recommendations before they go cold.
CUST003385,186.0,3,133.86,2025-11-26,2026-02-26,2026-08-31,3,3,3,9,Need Attention,Limited-time win-back offer; recommend based on past purchases.
CUST003386,458.0,1,193.12,2025-05-30,2025-05-30,2026-08-31,2,1,3,6,About To Sleep,Re-engagement email with personalised recommendations before they go cold.
CUST003387,648.0,1,49.46,2024-11-21,2024-11-21,2026-08-31,1,1,2,4,Lost,Deprioritise spend; include only in broad low-cost re-engagement blasts.
CUST003388,691.0,1,52.69,2024-10-09,2024-10-09,2026-08-31,1,1,2,4,Lost,Deprioritise spend; include only in broad low-cost re-engagement blasts.
CUST003389,38.0,2,66.39,2026-06-18,2026-07-24,2026-08-31,5,2,2,9,Potential Loyalists,Offer membership / subscription; personalised follow-up after purchase.
CUST003390,111.0,3,167.22,2026-04-13,2026-05-12,2026-08-31,3,3,3,9,Need Attention,Limited-time win-back offer; recommend based on past purchases.
CUST003391,57.0,12,631.48,2024-09-14,2026-07-05,2026-08-31,4,5,4,13,Champions,Reward with early access / loyalty perks; ask for referrals & reviews.
CUST003392,282.0,1,95.59,2025-11-22,2025-11-22,2026-08-31,2,1,2,5,About To Sleep,Re-engagement email with personalised recommendations before they go cold.
CUST003393,14.0,13,10095.88,2024-09-07,2026-08-17,2026-08-31,5,5,5,15,Champions,Reward with early access / loyalty perks; ask for referrals & reviews.
CUST003394,19.0,12,1292.0,2024-11-27,2026-08-12,2026-08-31,5,5,5,15,Champions,Reward with early access / loyalty perks; ask for referrals & reviews.
CUST003395,103.0,1,74.42,2026-05-20,2026-05-20,2026-08-31,4,1,2,7,New Customers,Onboard well; send a strong second-purchase incentive within 30 days.
CUST003396,699.0,2,45.120000000000005,2024-08-31,2024-10-01,2026-08-31,1,2,1,4,Hibernating,Low-cost reactivation campaign; survey to learn why they stopped buying.
CUST003397,72.0,10,612.67,2025-01-13,2026-06-20,2026-08-31,4,5,4,13,Champions,Reward with early access / loyalty perks; ask for referrals & reviews.
CUST003398,26.0,10,710.19,2024-10-23,2026-08-05,2026-08-31,5,5,4,14,Champions,Reward with early access / loyalty perks; ask for referrals & reviews.
CUST003399,236.0,1,11.68,2026-01-07,2026-01-07,2026-08-31,2,1,1,4,About To Sleep,Re-engagement email with personalised recommendations before they go cold.
CUST003400,256.0,1,48.57,2025-12-18,2025-12-18,2026-08-31,2,1,2,5,About To Sleep,Re-engagement email with personalised recommendations before they go cold.
CUST003401,39.0,13,797.41,2024-10-18,2026-07-23,2026-08-31,5,5,5,15,Champions,Reward with early access / loyalty perks; ask for referrals & reviews.
CUST003402,499.0,1,29.48,2025-04-19,2025-04-19,2026-08-31,1,1,1,3,Lost,Deprioritise spend; include only in broad low-cost re-engagement blasts.
CUST003403,553.0,1,23.3,2025-02-24,2025-02-24,2026-08-31,1,1,1,3,Lost,Deprioritise spend; include only in broad low-cost re-engagement blasts.
CUST003404,675.0,1,81.25,2024-10-25,2024-10-25,2026-08-31,1,1,2,4,Lost,Deprioritise spend; include only in broad low-cost re-engagement blasts.
CUST003405,425.0,3,227.02,2025-02-09,2025-07-02,2026-08-31,2,3,4,9,At Risk,Reach out personally; time-boxed discount to prevent churn.
CUST003406,370.0,2,95.76,2025-06-26,2025-08-26,2026-08-31,2,2,2,6,About To Sleep,Re-engagement email with personalised recommendations before they go cold.
CUST003407,402.0,1,29.04,2025-07-25,2025-07-25,2026-08-31,2,1,1,4,About To Sleep,Re-engagement email with personalised recommendations before they go cold.
CUST003408,154.0,6,270.2,2025-07-23,2026-03-30,2026-08-31,3,4,4,11,Loyal Customers,Upsell higher-value products; enrol in loyalty programme.
CUST003409,450.0,1,62.24,2025-06-07,2025-06-07,2026-08-31,2,1,2,5,About To Sleep,Re-engagement email with personalised recommendations before they go cold.
CUST003410,19.0,8,561.6,2024-11-15,2026-08-12,2026-08-31,5,4,4,13,Champions,Reward with early access / loyalty perks; ask for referrals & reviews.
CUST003411,293.0,1,83.13,2025-11-11,2025-11-11,2026-08-31,2,1,2,5,About To Sleep,Re-engagement email with personalised recommendations before they go cold.
CUST003412,56.0,7,494.40999999999997,2024-12-01,2026-07-06,2026-08-31,4,4,4,12,Champions,Reward with early access / loyalty perks; ask for referrals & reviews.
CUST003413,515.0,1,36.61,2025-04-03,2025-04-03,2026-08-31,1,1,1,3,Lost,Deprioritise spend; include only in broad low-cost re-engagement blasts.
CUST003414,42.0,16,1818.75,2024-09-29,2026-07-20,2026-08-31,5,5,5,15,Champions,Reward with early access / loyalty perks; ask for referrals & reviews.
CUST003415,107.0,3,217.44,2026-04-18,2026-05-16,2026-08-31,4,3,3,10,Potential Loyalists,Offer membership / subscription; personalised follow-up after purchase.
CUST003416,180.0,3,164.66,2025-11-24,2026-03-04,2026-08-31,3,3,3,9,Need Attention,Limited-time win-back offer; recommend based on past purchases.
CUST003417,491.0,1,130.24,2025-04-27,2025-04-27,2026-08-31,1,1,3,5,Lost,Deprioritise spend; include only in broad low-cost re-engagement blasts.
CUST003418,324.0,2,45.95,2025-08-08,2025-10-11,2026-08-31,2,2,1,5,About To Sleep,Re-engagement email with personalised recommendations before they go cold.
CUST003419,36.0,15,1816.04,2024-09-19,2026-07-26,2026-08-31,5,5,5,15,Champions,Reward with early access / loyalty perks; ask for referrals & reviews.
CUST003420,432.0,2,56.6,2025-04-14,2025-06-25,2026-08-31,2,2,2,6,About To Sleep,Re-engagement email with personalised recommendations before they go cold.
CUST003421,397.0,4,229.35000000000002,2024-12-20,2025-07-30,2026-08-31,2,3,4,9,At Risk,Reach out personally; time-boxed discount to prevent churn.
CUST003422,138.0,3,272.75,2025-10-17,2026-04-15,2026-08-31,3,3,4,10,Need Attention,Limited-time win-back offer; recommend based on past purchases.
CUST003423,622.0,1,31.32,2024-12-17,2024-12-17,2026-08-31,1,1,1,3,Lost,Deprioritise spend; include only in broad low-cost re-engagement blasts.
CUST003424,258.0,5,209.35,2025-04-21,2025-12-16,2026-08-31,2,4,3,9,At Risk,Reach out personally; time-boxed discount to prevent churn.
CUST003425,28.0,9,575.69,2025-04-27,2026-08-03,2026-08-31,5,5,4,14,Champions,Reward with early access / loyalty perks; ask for referrals & reviews.
CUST003426,38.0,1,40.51,2026-07-24,2026-07-24,2026-08-31,5,1,1,7,New Customers,Onboard well; send a strong second-purchase incentive within 30 days.
CUST003427,16.0,12,709.1600000000001,2024-10-23,2026-08-15,2026-08-31,5,5,4,14,Champions,Reward with early access / loyalty perks; ask for referrals & reviews.
CUST003428,328.0,4,117.41,2025-02-23,2025-10-07,2026-08-31,2,3,3,8,At Risk,Reach out personally; time-boxed discount to prevent churn.
CUST003429,500.0,2,111.47999999999999,2025-01-22,2025-04-18,2026-08-31,1,2,3,6,Need Attention,Limited-time win-back offer; recommend based on past purchases.
CUST003430,565.0,2,89.27,2024-12-03,2025-02-12,2026-08-31,1,2,2,5,Hibernating,Low-cost reactivation campaign; survey to learn why they stopped buying.
CUST003431,83.0,1,58.5,2026-06-09,2026-06-09,2026-08-31,4,1,2,7,New Customers,Onboard well; send a strong second-purchase incentive within 30 days.
CUST003432,397.0,1,70.05,2025-07-30,2025-07-30,2026-08-31,2,1,2,5,About To Sleep,Re-engagement email with personalised recommendations before they go cold.
CUST003433,13.0,14,10973.539999999999,2024-09-29,2026-08-18,2026-08-31,5,5,5,15,Champions,Reward with early access / loyalty perks; ask for referrals & reviews.
CUST003434,176.0,6,363.03,2025-04-01,2026-03-08,2026-08-31,3,4,4,11,Loyal Customers,Upsell higher-value products; enrol in loyalty programme.
CUST003435,65.0,11,972.49,2024-09-14,2026-06-27,2026-08-31,4,5,5,14,Champions,Reward with early access / loyalty perks; ask for referrals & reviews.
CUST003436,666.0,1,15.04,2024-11-03,2024-11-03,2026-08-31,1,1,1,3,Lost,Deprioritise spend; include only in broad low-cost re-engagement blasts.
CUST003437,129.0,1,20.55,2026-04-24,2026-04-24,2026-08-31,3,1,1,5,Promising,Nurture with targeted content; small incentive to drive a second order.
CUST003438,119.0,2,100.46000000000001,2026-03-22,2026-05-04,2026-08-31,3,2,2,7,Promising,Nurture with targeted content; small incentive to drive a second order.
CUST003439,27.0,13,1489.37,2024-09-21,2026-08-04,2026-08-31,5,5,5,15,Champions,Reward with early access / loyalty perks; ask for referrals & reviews.
CUST003440,173.0,1,85.8,2026-03-11,2026-03-11,2026-08-31,3,1,2,6,Promising,Nurture with targeted content; small incentive to drive a second order.
CUST003441,226.0,3,173.61,2025-09-18,2026-01-17,2026-08-31,2,3,3,8,At Risk,Reach out personally; time-boxed discount to prevent churn.
CUST003442,48.0,10,872.8000000000001,2024-12-23,2026-07-14,2026-08-31,4,5,5,14,Champions,Reward with early access / loyalty perks; ask for referrals & reviews.
CUST003443,37.0,14,1532.77,2024-11-03,2026-07-25,2026-08-31,5,5,5,15,Champions,Reward with early access / loyalty perks; ask for referrals & reviews.
CUST003444,33.0,4,136.63,2026-01-12,2026-07-29,2026-08-31,5,3,3,11,Potential Loyalists,Offer membership / subscription; personalised follow-up after purchase.
CUST003445,397.0,4,238.35000000000002,2024-10-01,2025-07-30,2026-08-31,2,3,4,9,At Risk,Reach out personally; time-boxed discount to prevent churn.
CUST003446,217.0,5,218.07999999999998,2025-05-06,2026-01-26,2026-08-31,3,4,3,10,Loyal Customers,Upsell higher-value products; enrol in loyalty programme.
CUST003447,583.0,1,16.8,2025-01-25,2025-01-25,2026-08-31,1,1,1,3,Lost,Deprioritise spend; include only in broad low-cost re-engagement blasts.
CUST003448,608.0,1,45.41,2024-12-31,2024-12-31,2026-08-31,1,1,1,3,Lost,Deprioritise spend; include only in broad low-cost re-engagement blasts.
CUST003449,138.0,2,109.1,2026-03-25,2026-04-15,2026-08-31,3,2,2,7,Promising,Nurture with targeted content; small incentive to drive a second order.
CUST003450,329.0,2,82.27,2025-07-22,2025-10-06,2026-08-31,2,2,2,6,About To Sleep,Re-engagement email with personalised recommendations before they go cold.
CUST003451,244.0,1,26.33,2025-12-30,2025-12-30,2026-08-31,2,1,1,4,About To Sleep,Re-engagement email with personalised recommendations before they go cold.
CUST003452,279.0,1,22.1,2025-11-25,2025-11-25,2026-08-31,2,1,1,4,About To Sleep,Re-engagement email with personalised recommendations before they go cold.
CUST003453,13.0,9,1233.4,2024-09-11,2026-08-18,2026-08-31,5,5,5,15,Champions,Reward with early access / loyalty perks; ask for referrals & reviews.
CUST003454,29.0,13,1873.06,2024-10-25,2026-08-02,2026-08-31,5,5,5,15,Champions,Reward with early access / loyalty perks; ask for referrals & reviews.
CUST003455,10.0,13,10438.08,2024-09-28,2026-08-21,2026-08-31,5,5,5,15,Champions,Reward with early access / loyalty perks; ask for referrals & reviews.
CUST003456,583.0,1,18.02,2025-01-25,2025-01-25,2026-08-31,1,1,1,3,Lost,Deprioritise spend; include only in broad low-cost re-engagement blasts.
CUST003457,468.0,4,125.24,2024-12-28,2025-05-20,2026-08-31,1,3,3,7,At Risk,Reach out personally; time-boxed discount to prevent churn.
CUST003458,449.0,2,87.30000000000001,2025-01-26,2025-06-08,2026-08-31,2,2,2,6,About To Sleep,Re-engagement email with personalised recommendations before they go cold.
CUST003459,45.0,8,992.87,2024-09-28,2026-07-17,2026-08-31,5,4,5,14,Champions,Reward with early access / loyalty perks; ask for referrals & reviews.
CUST003460,563.0,3,68.73,2024-12-31,2025-02-14,2026-08-31,1,3,2,6,Hibernating,Low-cost reactivation campaign; survey to learn why they stopped buying.
CUST003461,88.0,4,230.82999999999998,2025-11-10,2026-06-04,2026-08-31,4,3,4,11,Potential Loyalists,Offer membership / subscription; personalised follow-up after purchase.
CUST003462,589.0,1,25.7,2025-01-19,2025-01-19,2026-08-31,1,1,1,3,Lost,Deprioritise spend; include only in broad low-cost re-engagement blasts.
CUST003463,10.0,15,1894.14,2024-09-12,2026-08-21,2026-08-31,5,5,5,15,Champions,Reward with early access / loyalty perks; ask for referrals & reviews.
CUST003464,106.0,2,52.61,2026-05-07,2026-05-17,2026-08-31,4,2,2,8,Potential Loyalists,Offer membership / subscription; personalised follow-up after purchase.
CUST003465,641.0,2,141.3,2024-09-27,2024-11-28,2026-08-31,1,2,3,6,Need Attention,Limited-time win-back offer; recommend based on past purchases.
CUST003466,445.0,2,54.28,2025-03-22,2025-06-12,2026-08-31,2,2,2,6,About To Sleep,Re-engagement email with personalised recommendations before they go cold.
CUST003467,326.0,1,24.42,2025-10-09,2025-10-09,2026-08-31,2,1,1,4,About To Sleep,Re-engagement email with personalised recommendations before they go cold.
CUST003468,214.0,6,331.1,2025-03-16,2026-01-29,2026-08-31,3,4,4,11,Loyal Customers,Upsell higher-value products; enrol in loyalty programme.
CUST003469,183.0,2,213.0,2026-01-28,2026-03-01,2026-08-31,3,2,3,8,Promising,Nurture with targeted content; small incentive to drive a second order.
CUST003470,3.0,5,3392.48,2025-12-21,2026-08-28,2026-08-31,5,4,5,14,Champions,Reward with early access / loyalty perks; ask for referrals & reviews.
CUST003471,183.0,3,137.74,2025-11-21,2026-03-01,2026-08-31,3,3,3,9,Need Attention,Limited-time win-back offer; recommend based on past purchases.
CUST003472,36.0,4,235.23999999999998,2025-11-27,2026-07-26,2026-08-31,5,3,4,12,Potential Loyalists,Offer membership / subscription; personalised follow-up after purchase.
CUST003473,475.0,1,49.32,2025-05-13,2025-05-13,2026-08-31,1,1,2,4,Lost,Deprioritise spend; include only in broad low-cost re-engagement blasts.
CUST003474,58.0,3,169.17000000000002,2026-03-07,2026-07-04,2026-08-31,4,3,3,10,Potential Loyalists,Offer membership / subscription; personalised follow-up after purchase.
CUST003475,242.0,1,14.09,2026-01-01,2026-01-01,2026-08-31,2,1,1,4,About To Sleep,Re-engagement email with personalised recommendations before they go cold.
CUST003476,174.0,6,266.14,2025-02-22,2026-03-10,2026-08-31,3,4,4,11,Loyal Customers,Upsell higher-value products; enrol in loyalty programme.
CUST003477,647.0,2,53.55,2024-11-07,2024-11-22,2026-08-31,1,2,2,5,Hibernating,Low-cost reactivation campaign; survey to learn why they stopped buying.
CUST003478,369.0,1,35.13,2025-08-27,2025-08-27,2026-08-31,2,1,1,4,About To Sleep,Re-engagement email with personalised recommendations before they go cold.
CUST003479,490.0,4,76.91,2024-09-02,2025-04-28,2026-08-31,1,3,2,6,Hibernating,Low-cost reactivation campaign; survey to learn why they stopped buying.
CUST003480,323.0,1,77.56,2025-10-12,2025-10-12,2026-08-31,2,1,2,5,About To Sleep,Re-engagement email with personalised recommendations before they go cold.
CUST003481,160.0,4,197.1,2025-06-26,2026-03-24,2026-08-31,3,3,3,9,Need Attention,Limited-time win-back offer; recommend based on past purchases.
CUST003482,587.0,1,83.18,2025-01-21,2025-01-21,2026-08-31,1,1,2,4,Lost,Deprioritise spend; include only in broad low-cost re-engagement blasts.
CUST003483,327.0,4,264.37,2025-04-14,2025-10-08,2026-08-31,2,3,4,9,At Risk,Reach out personally; time-boxed discount to prevent churn.
CUST003484,77.0,1,8.3,2026-06-15,2026-06-15,2026-08-31,4,1,1,6,New Customers,Onboard well; send a strong second-purchase incentive within 30 days.
CUST003485,234.0,1,14.91,2026-01-09,2026-01-09,2026-08-31,2,1,1,4,About To Sleep,Re-engagement email with personalised recommendations before they go cold.
CUST003486,468.0,1,14.51,2025-05-20,2025-05-20,2026-08-31,1,1,1,3,Lost,Deprioritise spend; include only in broad low-cost re-engagement blasts.
CUST003487,232.0,1,24.73,2026-01-11,2026-01-11,2026-08-31,2,1,1,4,About To Sleep,Re-engagement email with personalised recommendations before they go cold.
CUST003488,538.0,1,153.19,2025-03-11,2025-03-11,2026-08-31,1,1,3,5,Lost,Deprioritise spend; include only in broad low-cost re-engagement blasts.
CUST003489,119.0,3,189.42000000000002,2025-11-12,2026-05-04,2026-08-31,3,3,3,9,Need Attention,Limited-time win-back offer; recommend based on past purchases.
CUST003490,163.0,3,223.6,2025-10-24,2026-03-21,2026-08-31,3,3,3,9,Need Attention,Limited-time win-back offer; recommend based on past purchases.
CUST003491,256.0,1,82.42,2025-12-18,2025-12-18,2026-08-31,2,1,2,5,About To Sleep,Re-engagement email with personalised recommendations before they go cold.
CUST003492,40.0,12,1442.97,2024-11-08,2026-07-22,2026-08-31,5,5,5,15,Champions,Reward with early access / loyalty perks; ask for referrals & reviews.
CUST003493,504.0,4,313.25,2024-12-07,2025-04-14,2026-08-31,1,3,4,8,At Risk,Reach out personally; time-boxed discount to prevent churn.
CUST003494,273.0,1,77.79,2025-12-01,2025-12-01,2026-08-31,2,1,2,5,About To Sleep,Re-engagement email with personalised recommendations before they go cold.
CUST003495,45.0,9,720.3399999999999,2024-11-10,2026-07-17,2026-08-31,5,5,4,14,Champions,Reward with early access / loyalty perks; ask for referrals & reviews.
CUST003496,587.0,1,40.78,2025-01-21,2025-01-21,2026-08-31,1,1,1,3,Lost,Deprioritise spend; include only in broad low-cost re-engagement blasts.
CUST003497,169.0,1,22.55,2026-03-15,2026-03-15,2026-08-31,3,1,1,5,Promising,Nurture with targeted content; small incentive to drive a second order.
CUST003498,365.0,3,199.13,2025-04-02,2025-08-31,2026-08-31,2,3,3,8,At Risk,Reach out personally; time-boxed discount to prevent churn.
CUST003499,220.0,3,101.55000000000001,2025-08-05,2026-01-23,2026-08-31,3,3,2,8,Need Attention,Limited-time win-back offer; recommend based on past purchases.
CUST003500,618.0,2,122.29,2024-09-01,2024-12-21,2026-08-31,1,2,3,6,Need Attention,Limited-time win-back offer; recommend based on past purchases.
CUST003501,133.0,6,254.92000000000002,2025-05-03,2026-04-20,2026-08-31,3,4,4,11,Loyal Customers,Upsell higher-value products; enrol in loyalty programme.
CUST003502,275.0,1,23.74,2025-11-29,2025-11-29,2026-08-31,2,1,1,4,About To Sleep,Re-engagement email with personalised recommendations before they go cold.
CUST003503,41.0,9,1267.13,2024-10-21,2026-07-21,2026-08-31,5,5,5,15,Champions,Reward with early access / loyalty perks; ask for referrals & reviews.
CUST003504,182.0,1,319.76,2026-03-02,2026-03-02,2026-08-31,3,1,4,8,Promising,Nurture with targeted content; small incentive to drive a second order.
CUST003505,325.0,1,201.73,2025-10-10,2025-10-10,2026-08-31,2,1,3,6,About To Sleep,Re-engagement email with personalised recommendations before they go cold.
CUST003506,396.0,1,8.25,2025-07-31,2025-07-31,2026-08-31,2,1,1,4,About To Sleep,Re-engagement email with personalised recommendations before they go cold.
CUST003507,92.0,2,46.739999999999995,2026-04-11,2026-05-31,2026-08-31,4,2,1,7,Potential Loyalists,Offer membership / subscription; personalised follow-up after purchase.
CUST003508,490.0,3,167.38,2025-01-30,2025-04-28,2026-08-31,1,3,3,7,At Risk,Reach out personally; time-boxed discount to prevent churn.
CUST003509,512.0,1,10.87,2025-04-06,2025-04-06,2026-08-31,1,1,1,3,Lost,Deprioritise spend; include only in broad low-cost re-engagement blasts.
CUST003510,44.0,5,387.61,2025-07-09,2026-07-18,2026-08-31,5,4,4,13,Champions,Reward with early access / loyalty perks; ask for referrals & reviews.
CUST003511,46.0,12,9865.18,2024-09-16,2026-07-16,2026-08-31,4,5,5,14,Champions,Reward with early access / loyalty perks; ask for referrals & reviews.
CUST003512,412.0,1,29.8,2025-07-15,2025-07-15,2026-08-31,2,1,1,4,About To Sleep,Re-engagement email with personalised recommendations before they go cold.
CUST003513,29.0,9,6789.53,2025-05-06,2026-08-02,2026-08-31,5,5,5,15,Champions,Reward with early access / loyalty perks; ask for referrals & reviews.
CUST003514,37.0,7,6711.46,2024-12-14,2026-07-25,2026-08-31,5,4,5,14,Champions,Reward with early access / loyalty perks; ask for referrals & reviews.
CUST003515,359.0,3,188.18,2025-04-07,2025-09-06,2026-08-31,2,3,3,8,At Risk,Reach out personally; time-boxed discount to prevent churn.
CUST003516,402.0,1,19.97,2025-07-25,2025-07-25,2026-08-31,2,1,1,4,About To Sleep,Re-engagement email with personalised recommendations before they go cold.
CUST003517,544.0,1,51.39,2025-03-05,2025-03-05,2026-08-31,1,1,2,4,Lost,Deprioritise spend; include only in broad low-cost re-engagement blasts.
CUST003518,45.0,9,657.65,2024-10-01,2026-07-17,2026-08-31,5,5,4,14,Champions,Reward with early access / loyalty perks; ask for referrals & reviews.
CUST003519,611.0,1,26.39,2024-12-28,2024-12-28,2026-08-31,1,1,1,3,Lost,Deprioritise spend; include only in broad low-cost re-engagement blasts.
CUST003520,364.0,3,105.0,2025-05-05,2025-09-01,2026-08-31,2,3,2,7,Hibernating,Low-cost reactivation campaign; survey to learn why they stopped buying.
CUST003521,423.0,1,79.15,2025-07-04,2025-07-04,2026-08-31,2,1,2,5,About To Sleep,Re-engagement email with personalised recommendations before they go cold.
CUST003522,391.0,3,58.61,2025-03-04,2025-08-05,2026-08-31,2,3,2,7,Hibernating,Low-cost reactivation campaign; survey to learn why they stopped buying.
CUST003523,3.0,8,585.2,2025-07-30,2026-08-28,2026-08-31,5,4,4,13,Champions,Reward with early access / loyalty perks; ask for referrals & reviews.
CUST003524,216.0,4,121.03,2025-06-07,2026-01-27,2026-08-31,3,3,3,9,Need Attention,Limited-time win-back offer; recommend based on past purchases.
CUST003525,351.0,1,34.74,2025-09-14,2025-09-14,2026-08-31,2,1,1,4,About To Sleep,Re-engagement email with personalised recommendations before they go cold.
CUST003526,200.0,2,112.97,2025-12-26,2026-02-12,2026-08-31,3,2,3,8,Promising,Nurture with targeted content; small incentive to drive a second order.
CUST003527,7.0,7,536.88,2025-10-07,2026-08-24,2026-08-31,5,4,4,13,Champions,Reward with early access / loyalty perks; ask for referrals & reviews.
CUST003528,73.0,9,536.53,2025-03-26,2026-06-19,2026-08-31,4,5,4,13,Champions,Reward with early access / loyalty perks; ask for referrals & reviews.
CUST003529,560.0,1,142.42,2025-02-17,2025-02-17,2026-08-31,1,1,3,5,Lost,Deprioritise spend; include only in broad low-cost re-engagement blasts.
CUST003530,64.0,3,143.53,2025-12-22,2026-06-28,2026-08-31,4,3,3,10,Potential Loyalists,Offer membership / subscription; personalised follow-up after purchase.
CUST003531,23.0,11,1531.07,2024-09-23,2026-08-08,2026-08-31,5,5,5,15,Champions,Reward with early access / loyalty perks; ask for referrals & reviews.
CUST003532,9.0,11,1151.22,2024-09-13,2026-08-22,2026-08-31,5,5,5,15,Champions,Reward with early access / loyalty perks; ask for referrals & reviews.
CUST003533,44.0,2,76.49000000000001,2026-07-04,2026-07-18,2026-08-31,5,2,2,9,Potential Loyalists,Offer membership / subscription; personalised follow-up after purchase.
CUST003534,11.0,11,964.78,2024-11-19,2026-08-20,2026-08-31,5,5,5,15,Champions,Reward with early access / loyalty perks; ask for referrals & reviews.
CUST003535,314.0,1,53.03,2025-10-21,2025-10-21,2026-08-31,2,1,2,5,About To Sleep,Re-engagement email with personalised recommendations before they go cold.
CUST003536,676.0,1,18.81,2024-10-24,2024-10-24,2026-08-31,1,1,1,3,Lost,Deprioritise spend; include only in broad low-cost re-engagement blasts.
CUST003537,193.0,4,215.94,2025-05-30,2026-02-19,2026-08-31,3,3,3,9,Need Attention,Limited-time win-back offer; recommend based on past purchases.
CUST003538,404.0,1,17.6,2025-07-23,2025-07-23,2026-08-31,2,1,1,4,About To Sleep,Re-engagement email with personalised recommendations before they go cold.
CUST003539,54.0,9,648.34,2024-10-26,2026-07-08,2026-08-31,4,5,4,13,Champions,Reward with early access / loyalty perks; ask for referrals & reviews.
CUST003540,215.0,3,170.07999999999998,2025-10-16,2026-01-28,2026-08-31,3,3,3,9,Need Attention,Limited-time win-back offer; recommend based on past purchases.
CUST003541,438.0,1,77.01,2025-06-19,2025-06-19,2026-08-31,2,1,2,5,About To Sleep,Re-engagement email with personalised recommendations before they go cold.
CUST003542,693.0,1,13.21,2024-10-07,2024-10-07,2026-08-31,1,1,1,3,Lost,Deprioritise spend; include only in broad low-cost re-engagement blasts.
CUST003543,316.0,2,72.4,2025-09-30,2025-10-19,2026-08-31,2,2,2,6,About To Sleep,Re-engagement email with personalised recommendations before they go cold.
CUST003544,50.0,2,88.49000000000001,2026-06-13,2026-07-12,2026-08-31,4,2,2,8,Potential Loyalists,Offer membership / subscription; personalised follow-up after purchase.
CUST003545,175.0,5,233.57999999999998,2025-05-15,2026-03-09,2026-08-31,3,4,4,11,Loyal Customers,Upsell higher-value products; enrol in loyalty programme.
CUST003546,172.0,3,273.05,2026-01-05,2026-03-12,2026-08-31,3,3,4,10,Need Attention,Limited-time win-back offer; recommend based on past purchases.
CUST003547,204.0,3,52.36,2026-01-25,2026-02-08,2026-08-31,3,3,2,8,Need Attention,Limited-time win-back offer; recommend based on past purchases.
CUST003548,44.0,11,9944.369999999999,2025-02-14,2026-07-18,2026-08-31,5,5,5,15,Champions,Reward with early access / loyalty perks; ask for referrals & reviews.
CUST003549,81.0,10,799.4,2024-10-03,2026-06-11,2026-08-31,4,5,5,14,Champions,Reward with early access / loyalty perks; ask for referrals & reviews.
CUST003550,369.0,3,183.16,2025-04-09,2025-08-27,2026-08-31,2,3,3,8,At Risk,Reach out personally; time-boxed discount to prevent churn.
CUST003551,537.0,4,216.31,2024-10-15,2025-03-12,2026-08-31,1,3,3,7,At Risk,Reach out personally; time-boxed discount to prevent churn.
CUST003552,432.0,1,63.43,2025-06-25,2025-06-25,2026-08-31,2,1,2,5,About To Sleep,Re-engagement email with personalised recommendations before they go cold.
CUST003553,149.0,6,273.82,2025-02-10,2026-04-04,2026-08-31,3,4,4,11,Loyal Customers,Upsell higher-value products; enrol in loyalty programme.
CUST003554,175.0,1,31.85,2026-03-09,2026-03-09,2026-08-31,3,1,1,5,Promising,Nurture with targeted content; small incentive to drive a second order.
CUST003555,186.0,3,195.84,2025-09-21,2026-02-26,2026-08-31,3,3,3,9,Need Attention,Limited-time win-back offer; recommend based on past purchases.
CUST003556,328.0,4,74.06,2025-03-09,2025-10-07,2026-08-31,2,3,2,7,Hibernating,Low-cost reactivation campaign; survey to learn why they stopped buying.
CUST003557,87.0,2,96.97,2026-04-09,2026-06-05,2026-08-31,4,2,2,8,Potential Loyalists,Offer membership / subscription; personalised follow-up after purchase.
CUST003558,585.0,1,49.07,2025-01-23,2025-01-23,2026-08-31,1,1,2,4,Lost,Deprioritise spend; include only in broad low-cost re-engagement blasts.
CUST003559,401.0,1,59.97,2025-07-26,2025-07-26,2026-08-31,2,1,2,5,About To Sleep,Re-engagement email with personalised recommendations before they go cold.
CUST003560,173.0,1,31.87,2026-03-11,2026-03-11,2026-08-31,3,1,1,5,Promising,Nurture with targeted content; small incentive to drive a second order.
CUST003561,66.0,1,12.49,2026-06-26,2026-06-26,2026-08-31,4,1,1,6,New Customers,Onboard well; send a strong second-purchase incentive within 30 days.
CUST003562,440.0,1,10.22,2025-06-17,2025-06-17,2026-08-31,2,1,1,4,About To Sleep,Re-engagement email with personalised recommendations before they go cold.
CUST003563,303.0,1,67.43,2025-11-01,2025-11-01,2026-08-31,2,1,2,5,About To Sleep,Re-engagement email with personalised recommendations before they go cold.
CUST003564,10.0,8,610.91,2025-05-21,2026-08-21,2026-08-31,5,4,4,13,Champions,Reward with early access / loyalty perks; ask for referrals & reviews.
CUST003565,32.0,6,7474.83,2025-05-17,2026-07-30,2026-08-31,5,4,5,14,Champions,Reward with early access / loyalty perks; ask for referrals & reviews.
CUST003566,647.0,1,37.09,2024-11-22,2024-11-22,2026-08-31,1,1,1,3,Lost,Deprioritise spend; include only in broad low-cost re-engagement blasts.
CUST003567,333.0,3,141.84,2025-04-15,2025-10-02,2026-08-31,2,3,3,8,At Risk,Reach out personally; time-boxed discount to prevent churn.
CUST003568,184.0,3,108.85,2025-09-15,2026-02-28,2026-08-31,3,3,2,8,Need Attention,Limited-time win-back offer; recommend based on past purchases.
CUST003569,680.0,1,16.4,2024-10-20,2024-10-20,2026-08-31,1,1,1,3,Lost,Deprioritise spend; include only in broad low-cost re-engagement blasts.
CUST003570,234.0,3,202.59,2025-11-20,2026-01-09,2026-08-31,2,3,3,8,At Risk,Reach out personally; time-boxed discount to prevent churn.
CUST003571,525.0,3,200.3,2024-10-31,2025-03-24,2026-08-31,1,3,3,7,At Risk,Reach out personally; time-boxed discount to prevent churn.
CUST003572,43.0,12,953.74,2025-02-11,2026-07-19,2026-08-31,5,5,5,15,Champions,Reward with early access / loyalty perks; ask for referrals & reviews.
CUST003573,69.0,6,340.76,2025-10-11,2026-06-23,2026-08-31,4,4,4,12,Champions,Reward with early access / loyalty perks; ask for referrals & reviews.
CUST003574,172.0,4,213.76,2025-09-28,2026-03-12,2026-08-31,3,3,3,9,Need Attention,Limited-time win-back offer; recommend based on past purchases.
CUST003575,108.0,3,163.94,2025-08-12,2026-05-15,2026-08-31,4,3,3,10,Potential Loyalists,Offer membership / subscription; personalised follow-up after purchase.
CUST003576,164.0,4,147.56,2025-10-17,2026-03-20,2026-08-31,3,3,3,9,Need Attention,Limited-time win-back offer; recommend based on past purchases.
CUST003577,609.0,2,172.73000000000002,2024-10-14,2024-12-30,2026-08-31,1,2,3,6,Need Attention,Limited-time win-back offer; recommend based on past purchases.
CUST003578,194.0,4,285.68,2025-10-13,2026-02-18,2026-08-31,3,3,4,10,Need Attention,Limited-time win-back offer; recommend based on past purchases.
CUST003579,639.0,1,32.99,2024-11-30,2024-11-30,2026-08-31,1,1,1,3,Lost,Deprioritise spend; include only in broad low-cost re-engagement blasts.
CUST003580,13.0,8,1037.69,2024-11-24,2026-08-18,2026-08-31,5,4,5,14,Champions,Reward with early access / loyalty perks; ask for referrals & reviews.
CUST003581,644.0,1,33.9,2024-11-25,2024-11-25,2026-08-31,1,1,1,3,Lost,Deprioritise spend; include only in broad low-cost re-engagement blasts.
CUST003582,443.0,2,83.58,2025-03-23,2025-06-14,2026-08-31,2,2,2,6,About To Sleep,Re-engagement email with personalised recommendations before they go cold.
CUST003583,91.0,3,172.7,2026-01-21,2026-06-01,2026-08-31,4,3,3,10,Potential Loyalists,Offer membership / subscription; personalised follow-up after purchase.
CUST003584,47.0,1,82.09,2026-07-15,2026-07-15,2026-08-31,4,1,2,7,New Customers,Onboard well; send a strong second-purchase incentive within 30 days.
CUST003585,661.0,1,21.85,2024-11-08,2024-11-08,2026-08-31,1,1,1,3,Lost,Deprioritise spend; include only in broad low-cost re-engagement blasts.
CUST003586,549.0,2,21.619999999999997,2024-12-08,2025-02-28,2026-08-31,1,2,1,4,Hibernating,Low-cost reactivation campaign; survey to learn why they stopped buying.
CUST003587,77.0,6,455.29999999999995,2025-12-22,2026-06-15,2026-08-31,4,4,4,12,Champions,Reward with early access / loyalty perks; ask for referrals & reviews.
CUST003588,196.0,4,181.04,2025-08-27,2026-02-16,2026-08-31,3,3,3,9,Need Attention,Limited-time win-back offer; recommend based on past purchases.
CUST003589,661.0,1,32.23,2024-11-08,2024-11-08,2026-08-31,1,1,1,3,Lost,Deprioritise spend; include only in broad low-cost re-engagement blasts.
CUST003590,90.0,5,294.15999999999997,2025-08-30,2026-06-02,2026-08-31,4,4,4,12,Champions,Reward with early access / loyalty perks; ask for referrals & reviews.
CUST003591,641.0,1,30.45,2024-11-28,2024-11-28,2026-08-31,1,1,1,3,Lost,Deprioritise spend; include only in broad low-cost re-engagement blasts.
CUST003592,140.0,1,33.03,2026-04-13,2026-04-13,2026-08-31,3,1,1,5,Promising,Nurture with targeted content; small incentive to drive a second order.
CUST003593,700.0,2,141.68,2024-09-01,2024-09-30,2026-08-31,1,2,3,6,Need Attention,Limited-time win-back offer; recommend based on past purchases.
CUST003594,66.0,10,768.49,2025-02-14,2026-06-26,2026-08-31,4,5,5,14,Champions,Reward with early access / loyalty perks; ask for referrals & reviews.
CUST003595,42.0,12,1853.69,2024-09-24,2026-07-20,2026-08-31,5,5,5,15,Champions,Reward with early access / loyalty perks; ask for referrals & reviews.
CUST003596,2.0,14,9145.3,2024-11-20,2026-08-29,2026-08-31,5,5,5,15,Champions,Reward with early access / loyalty perks; ask for referrals & reviews.
CUST003597,418.0,3,170.57999999999998,2025-04-03,2025-07-09,2026-08-31,2,3,3,8,At Risk,Reach out personally; time-boxed discount to prevent churn.
CUST003598,384.0,4,112.82,2025-05-02,2025-08-12,2026-08-31,2,3,3,8,At Risk,Reach out personally; time-boxed discount to prevent churn.
CUST003599,32.0,10,8098.929999999999,2025-02-03,2026-07-30,2026-08-31,5,5,5,15,Champions,Reward with early access / loyalty perks; ask for referrals & reviews.
CUST003600,216.0,4,255.51,2025-06-30,2026-01-27,2026-08-31,3,3,4,10,Need Attention,Limited-time win-back offer; recommend based on past purchases.
CUST003601,87.0,4,177.26999999999998,2025-10-05,2026-06-05,2026-08-31,4,3,3,10,Potential Loyalists,Offer membership / subscription; personalised follow-up after purchase.
CUST003602,43.0,13,1235.28,2024-12-19,2026-07-19,2026-08-31,5,5,5,15,Champions,Reward with early access / loyalty perks; ask for referrals & reviews.
CUST003603,480.0,1,114.16,2025-05-08,2025-05-08,2026-08-31,1,1,3,5,Lost,Deprioritise spend; include only in broad low-cost re-engagement blasts.
CUST003604,221.0,5,359.71,2025-05-12,2026-01-22,2026-08-31,2,4,4,10,At Risk,Reach out personally; time-boxed discount to prevent churn.
CUST003605,575.0,3,125.83,2024-12-02,2025-02-02,2026-08-31,1,3,3,7,At Risk,Reach out personally; time-boxed discount to prevent churn.
CUST003606,7.0,10,1718.23,2024-09-30,2026-08-24,2026-08-31,5,5,5,15,Champions,Reward with early access / loyalty perks; ask for referrals & reviews.
CUST003607,34.0,11,775.86,2024-09-19,2026-07-28,2026-08-31,5,5,5,15,Champions,Reward with early access / loyalty perks; ask for referrals & reviews.
CUST003608,197.0,2,67.76,2026-01-20,2026-02-15,2026-08-31,3,2,2,7,Promising,Nurture with targeted content; small incentive to drive a second order.
CUST003609,61.0,8,498.2,2024-12-02,2026-07-01,2026-08-31,4,4,4,12,Champions,Reward with early access / loyalty perks; ask for referrals & reviews.
CUST003610,46.0,2,33.94,2026-03-30,2026-07-16,2026-08-31,4,2,1,7,Potential Loyalists,Offer membership / subscription; personalised follow-up after purchase.
CUST003611,146.0,1,37.29,2026-04-07,2026-04-07,2026-08-31,3,1,1,5,Promising,Nurture with targeted content; small incentive to drive a second order.
CUST003612,98.0,2,86.58,2026-04-22,2026-05-25,2026-08-31,4,2,2,8,Potential Loyalists,Offer membership / subscription; personalised follow-up after purchase.
CUST003613,638.0,1,22.65,2024-12-01,2024-12-01,2026-08-31,1,1,1,3,Lost,Deprioritise spend; include only in broad low-cost re-engagement blasts.
CUST003614,552.0,4,302.46000000000004,2024-09-24,2025-02-25,2026-08-31,1,3,4,8,At Risk,Reach out personally; time-boxed discount to prevent churn.
CUST003615,59.0,1,40.06,2026-07-03,2026-07-03,2026-08-31,4,1,1,6,New Customers,Onboard well; send a strong second-purchase incentive within 30 days.
CUST003616,572.0,1,28.6,2025-02-05,2025-02-05,2026-08-31,1,1,1,3,Lost,Deprioritise spend; include only in broad low-cost re-engagement blasts.
CUST003617,143.0,2,213.11999999999998,2026-01-26,2026-04-10,2026-08-31,3,2,3,8,Promising,Nurture with targeted content; small incentive to drive a second order.
CUST003618,31.0,15,1090.74,2025-01-29,2026-07-31,2026-08-31,5,5,5,15,Champions,Reward with early access / loyalty perks; ask for referrals & reviews.
CUST003619,164.0,6,353.09,2025-05-19,2026-03-20,2026-08-31,3,4,4,11,Loyal Customers,Upsell higher-value products; enrol in loyalty programme.
CUST003620,24.0,12,8851.63,2024-10-29,2026-08-07,2026-08-31,5,5,5,15,Champions,Reward with early access / loyalty perks; ask for referrals & reviews.
CUST003621,144.0,1,87.83,2026-04-09,2026-04-09,2026-08-31,3,1,2,6,Promising,Nurture with targeted content; small incentive to drive a second order.
CUST003622,109.0,4,262.76,2025-12-05,2026-05-14,2026-08-31,3,3,4,10,Need Attention,Limited-time win-back offer; recommend based on past purchases.
CUST003623,39.0,5,282.18,2025-10-22,2026-07-23,2026-08-31,5,4,4,13,Champions,Reward with early access / loyalty perks; ask for referrals & reviews.
CUST003624,672.0,1,18.41,2024-10-28,2024-10-28,2026-08-31,1,1,1,3,Lost,Deprioritise spend; include only in broad low-cost re-engagement blasts.
CUST003625,658.0,1,27.95,2024-11-11,2024-11-11,2026-08-31,1,1,1,3,Lost,Deprioritise spend; include only in broad low-cost re-engagement blasts.
CUST003626,431.0,1,48.7,2025-06-26,2025-06-26,2026-08-31,2,1,2,5,About To Sleep,Re-engagement email with personalised recommendations before they go cold.
CUST003627,655.0,2,174.48000000000002,2024-08-30,2024-11-14,2026-08-31,1,2,3,6,Need Attention,Limited-time win-back offer; recommend based on past purchases.
CUST003628,492.0,1,71.46,2025-04-26,2025-04-26,2026-08-31,1,1,2,4,Lost,Deprioritise spend; include only in broad low-cost re-engagement blasts.
CUST003629,471.0,1,21.0,2025-05-17,2025-05-17,2026-08-31,1,1,1,3,Lost,Deprioritise spend; include only in broad low-cost re-engagement blasts.
CUST003630,69.0,12,845.3,2024-11-25,2026-06-23,2026-08-31,4,5,5,14,Champions,Reward with early access / loyalty perks; ask for referrals & reviews.
CUST003631,20.0,12,1100.86,2024-10-09,2026-08-11,2026-08-31,5,5,5,15,Champions,Reward with early access / loyalty perks; ask for referrals & reviews.
CUST003632,18.0,6,3584.08,2025-10-17,2026-08-13,2026-08-31,5,4,5,14,Champions,Reward with early access / loyalty perks; ask for referrals & reviews.
CUST003633,378.0,1,54.4,2025-08-18,2025-08-18,2026-08-31,2,1,2,5,About To Sleep,Re-engagement email with personalised recommendations before they go cold.
CUST003634,131.0,4,214.87,2026-02-02,2026-04-22,2026-08-31,3,3,3,9,Need Attention,Limited-time win-back offer; recommend based on past purchases.
CUST003635,299.0,1,23.34,2025-11-05,2025-11-05,2026-08-31,2,1,1,4,About To Sleep,Re-engagement email with personalised recommendations before they go cold.
CUST003636,54.0,12,1215.35,2024-09-21,2026-07-08,2026-08-31,4,5,5,14,Champions,Reward with early access / loyalty perks; ask for referrals & reviews.
CUST003637,643.0,1,31.66,2024-11-26,2024-11-26,2026-08-31,1,1,1,3,Lost,Deprioritise spend; include only in broad low-cost re-engagement blasts.
CUST003638,87.0,3,98.52000000000001,2026-01-20,2026-06-05,2026-08-31,4,3,2,9,Potential Loyalists,Offer membership / subscription; personalised follow-up after purchase.
CUST003639,652.0,2,123.27,2024-11-02,2024-11-17,2026-08-31,1,2,3,6,Need Attention,Limited-time win-back offer; recommend based on past purchases.
CUST003640,146.0,1,45.74,2026-04-07,2026-04-07,2026-08-31,3,1,1,5,Promising,Nurture with targeted content; small incentive to drive a second order.
CUST003641,61.0,5,277.58000000000004,2026-02-18,2026-07-01,2026-08-31,4,4,4,12,Champions,Reward with early access / loyalty perks; ask for referrals & reviews.
CUST003642,10.0,10,1443.84,2024-09-09,2026-08-21,2026-08-31,5,5,5,15,Champions,Reward with early access / loyalty perks; ask for referrals & reviews.
CUST003643,322.0,1,33.69,2025-10-13,2025-10-13,2026-08-31,2,1,1,4,About To Sleep,Re-engagement email with personalised recommendations before they go cold.
CUST003644,80.0,10,825.03,2024-10-11,2026-06-12,2026-08-31,4,5,5,14,Champions,Reward with early access / loyalty perks; ask for referrals & reviews.
CUST003645,25.0,13,1880.67,2024-09-30,2026-08-06,2026-08-31,5,5,5,15,Champions,Reward with early access / loyalty perks; ask for referrals & reviews.
CUST003646,341.0,4,222.51999999999998,2025-03-11,2025-09-24,2026-08-31,2,3,3,8,At Risk,Reach out personally; time-boxed discount to prevent churn.
CUST003647,130.0,5,217.91000000000003,2025-11-19,2026-04-23,2026-08-31,3,4,3,10,Loyal Customers,Upsell higher-value products; enrol in loyalty programme.
CUST003648,112.0,2,125.36000000000001,2026-02-09,2026-05-11,2026-08-31,3,2,3,8,Promising,Nurture with targeted content; small incentive to drive a second order.
CUST003649,142.0,2,70.55,2026-03-29,2026-04-11,2026-08-31,3,2,2,7,Promising,Nurture with targeted content; small incentive to drive a second order.
CUST003650,367.0,1,43.29,2025-08-29,2025-08-29,2026-08-31,2,1,1,4,About To Sleep,Re-engagement email with personalised recommendations before they go cold.
CUST003651,232.0,6,283.06,2025-03-09,2026-01-11,2026-08-31,2,4,4,10,At Risk,Reach out personally; time-boxed discount to prevent churn.
CUST003652,204.0,3,144.61,2025-11-13,2026-02-08,2026-08-31,3,3,3,9,Need Attention,Limited-time win-back offer; recommend based on past purchases.
CUST003653,219.0,5,391.58,2025-07-26,2026-01-24,2026-08-31,3,4,4,11,Loyal Customers,Upsell higher-value products; enrol in loyalty programme.
CUST003654,47.0,3,149.21,2026-06-24,2026-07-15,2026-08-31,4,3,3,10,Potential Loyalists,Offer membership / subscription; personalised follow-up after purchase.
CUST003655,143.0,6,327.39,2025-05-26,2026-04-10,2026-08-31,3,4,4,11,Loyal Customers,Upsell higher-value products; enrol in loyalty programme.
CUST003656,66.0,13,1070.16,2024-09-01,2026-06-26,2026-08-31,4,5,5,14,Champions,Reward with early access / loyalty perks; ask for referrals & reviews.
CUST003657,12.0,8,495.05,2025-07-30,2026-08-19,2026-08-31,5,4,4,13,Champions,Reward with early access / loyalty perks; ask for referrals & reviews.
CUST003658,128.0,6,347.0,2025-04-22,2026-04-25,2026-08-31,3,4,4,11,Loyal Customers,Upsell higher-value products; enrol in loyalty programme.
CUST003659,351.0,2,194.2,2025-05-19,2025-09-14,2026-08-31,2,2,3,7,About To Sleep,Re-engagement email with personalised recommendations before they go cold.
CUST003660,4.0,12,1804.63,2024-11-08,2026-08-27,2026-08-31,5,5,5,15,Champions,Reward with early access / loyalty perks; ask for referrals & reviews.
CUST003661,79.0,2,151.95999999999998,2026-04-22,2026-06-13,2026-08-31,4,2,3,9,Potential Loyalists,Offer membership / subscription; personalised follow-up after purchase.
CUST003662,656.0,1,36.7,2024-11-13,2024-11-13,2026-08-31,1,1,1,3,Lost,Deprioritise spend; include only in broad low-cost re-engagement blasts.
CUST003663,411.0,4,141.29,2025-04-07,2025-07-16,2026-08-31,2,3,3,8,At Risk,Reach out personally; time-boxed discount to prevent churn.
CUST003664,692.0,1,118.18,2024-10-08,2024-10-08,2026-08-31,1,1,3,5,Lost,Deprioritise spend; include only in broad low-cost re-engagement blasts.
CUST003665,209.0,2,154.21,2026-01-08,2026-02-03,2026-08-31,3,2,3,8,Promising,Nurture with targeted content; small incentive to drive a second order.
CUST003666,110.0,6,308.15,2025-07-06,2026-05-13,2026-08-31,3,4,4,11,Loyal Customers,Upsell higher-value products; enrol in loyalty programme.
CUST003667,167.0,3,404.53999999999996,2025-12-29,2026-03-17,2026-08-31,3,3,4,10,Need Attention,Limited-time win-back offer; recommend based on past purchases.
CUST003668,46.0,13,1205.71,2024-10-08,2026-07-16,2026-08-31,4,5,5,14,Champions,Reward with early access / loyalty perks; ask for referrals & reviews.
CUST003669,63.0,4,230.71,2026-02-14,2026-06-29,2026-08-31,4,3,4,11,Potential Loyalists,Offer membership / subscription; personalised follow-up after purchase.
CUST003670,257.0,1,53.82,2025-12-17,2025-12-17,2026-08-31,2,1,2,5,About To Sleep,Re-engagement email with personalised recommendations before they go cold.
CUST003671,95.0,2,132.86,2026-01-29,2026-05-28,2026-08-31,4,2,3,9,Potential Loyalists,Offer membership / subscription; personalised follow-up after purchase.
CUST003672,67.0,1,37.15,2026-06-25,2026-06-25,2026-08-31,4,1,1,6,New Customers,Onboard well; send a strong second-purchase incentive within 30 days.
CUST003673,171.0,2,89.31,2026-02-05,2026-03-13,2026-08-31,3,2,2,7,Promising,Nurture with targeted content; small incentive to drive a second order.
CUST003674,102.0,2,64.97,2026-01-26,2026-05-21,2026-08-31,4,2,2,8,Potential Loyalists,Offer membership / subscription; personalised follow-up after purchase.
CUST003675,500.0,4,105.16,2024-11-04,2025-04-18,2026-08-31,1,3,2,6,Hibernating,Low-cost reactivation campaign; survey to learn why they stopped buying.
CUST003676,473.0,1,20.3,2025-05-15,2025-05-15,2026-08-31,1,1,1,3,Lost,Deprioritise spend; include only in broad low-cost re-engagement blasts.
CUST003677,41.0,5,222.45,2025-07-26,2026-07-21,2026-08-31,5,4,3,12,Loyal Customers,Upsell higher-value products; enrol in loyalty programme.
CUST003678,307.0,1,42.48,2025-10-28,2025-10-28,2026-08-31,2,1,1,4,About To Sleep,Re-engagement email with personalised recommendations before they go cold.
CUST003679,75.0,6,366.26,2025-11-07,2026-06-17,2026-08-31,4,4,4,12,Champions,Reward with early access / loyalty perks; ask for referrals & reviews.
CUST003680,2.0,11,1692.92,2024-10-24,2026-08-29,2026-08-31,5,5,5,15,Champions,Reward with early access / loyalty perks; ask for referrals & reviews.
CUST003681,551.0,1,42.06,2025-02-26,2025-02-26,2026-08-31,1,1,1,3,Lost,Deprioritise spend; include only in broad low-cost re-engagement blasts.
CUST003682,89.0,8,637.36,2025-04-10,2026-06-03,2026-08-31,4,4,4,12,Champions,Reward with early access / loyalty perks; ask for referrals & reviews.
CUST003683,98.0,2,74.24000000000001,2026-05-18,2026-05-25,2026-08-31,4,2,2,8,Potential Loyalists,Offer membership / subscription; personalised follow-up after purchase.
CUST003684,45.0,5,220.45,2025-10-16,2026-07-17,2026-08-31,5,4,3,12,Loyal Customers,Upsell higher-value products; enrol in loyalty programme.
CUST003685,77.0,11,888.74,2024-09-07,2026-06-15,2026-08-31,4,5,5,14,Champions,Reward with early access / loyalty perks; ask for referrals & reviews.
CUST003686,29.0,12,1012.23,2024-09-11,2026-08-02,2026-08-31,5,5,5,15,Champions,Reward with early access / loyalty perks; ask for referrals & reviews.
CUST003687,209.0,3,146.23000000000002,2025-08-27,2026-02-03,2026-08-31,3,3,3,9,Need Attention,Limited-time win-back offer; recommend based on past purchases.
CUST003688,29.0,11,6202.76,2024-10-20,2026-08-02,2026-08-31,5,5,5,15,Champions,Reward with early access / loyalty perks; ask for referrals & reviews.
CUST003689,65.0,1,26.39,2026-06-27,2026-06-27,2026-08-31,4,1,1,6,New Customers,Onboard well; send a strong second-purchase incentive within 30 days.
CUST003690,173.0,6,467.37,2025-06-09,2026-03-11,2026-08-31,3,4,4,11,Loyal Customers,Upsell higher-value products; enrol in loyalty programme.
CUST003691,26.0,11,1537.04,2024-09-06,2026-08-05,2026-08-31,5,5,5,15,Champions,Reward with early access / loyalty perks; ask for referrals & reviews.
CUST003692,215.0,1,22.47,2026-01-28,2026-01-28,2026-08-31,3,1,1,5,Promising,Nurture with targeted content; small incentive to drive a second order.
CUST003693,54.0,8,822.29,2025-09-01,2026-07-08,2026-08-31,4,4,5,13,Champions,Reward with early access / loyalty perks; ask for referrals & reviews.
CUST003694,354.0,1,5.94,2025-09-11,2025-09-11,2026-08-31,2,1,1,4,About To Sleep,Re-engagement email with personalised recommendations before they go cold.
CUST003695,649.0,2,25.0,2024-09-01,2024-11-20,2026-08-31,1,2,1,4,Hibernating,Low-cost reactivation campaign; survey to learn why they stopped buying.
CUST003696,161.0,3,161.85,2025-06-21,2026-03-23,2026-08-31,3,3,3,9,Need Attention,Limited-time win-back offer; recommend based on past purchases.
CUST003697,57.0,2,59.989999999999995,2026-03-10,2026-07-05,2026-08-31,4,2,2,8,Potential Loyalists,Offer membership / subscription; personalised follow-up after purchase.
CUST003698,24.0,11,1390.07,2024-09-01,2026-08-07,2026-08-31,5,5,5,15,Champions,Reward with early access / loyalty perks; ask for referrals & reviews.
CUST003699,16.0,13,2132.3,2024-09-18,2026-08-15,2026-08-31,5,5,5,15,Champions,Reward with early access / loyalty perks; ask for referrals & reviews.
CUST003700,129.0,5,161.42000000000002,2025-08-17,2026-04-24,2026-08-31,3,4,3,10,Loyal Customers,Upsell higher-value products; enrol in loyalty programme.
CUST003701,470.0,2,84.38,2025-04-13,2025-05-18,2026-08-31,1,2,2,5,Hibernating,Low-cost reactivation campaign; survey to learn why they stopped buying.
CUST003702,48.0,6,204.93,2025-07-21,2026-07-14,2026-08-31,4,4,3,11,Loyal Customers,Upsell higher-value products; enrol in loyalty programme.
CUST003703,685.0,1,78.11,2024-10-15,2024-10-15,2026-08-31,1,1,2,4,Lost,Deprioritise spend; include only in broad low-cost re-engagement blasts.
CUST003704,433.0,1,69.07,2025-06-24,2025-06-24,2026-08-31,2,1,2,5,About To Sleep,Re-engagement email with personalised recommendations before they go cold.
CUST003705,34.0,9,875.89,2024-09-08,2026-07-28,2026-08-31,5,5,5,15,Champions,Reward with early access / loyalty perks; ask for referrals & reviews.
CUST003706,89.0,11,957.35,2024-12-01,2026-06-03,2026-08-31,4,5,5,14,Champions,Reward with early access / loyalty perks; ask for referrals & reviews.
CUST003707,164.0,6,354.43,2025-03-09,2026-03-20,2026-08-31,3,4,4,11,Loyal Customers,Upsell higher-value products; enrol in loyalty programme.
CUST003708,78.0,1,61.8,2026-06-14,2026-06-14,2026-08-31,4,1,2,7,New Customers,Onboard well; send a strong second-purchase incentive within 30 days.
CUST003709,168.0,2,67.49000000000001,2026-01-17,2026-03-16,2026-08-31,3,2,2,7,Promising,Nurture with targeted content; small incentive to drive a second order.
CUST003710,84.0,1,27.17,2026-06-08,2026-06-08,2026-08-31,4,1,1,6,New Customers,Onboard well; send a strong second-purchase incentive within 30 days.
CUST003711,440.0,3,245.68,2024-11-09,2025-06-17,2026-08-31,2,3,4,9,At Risk,Reach out personally; time-boxed discount to prevent churn.
CUST003712,528.0,1,53.85,2025-03-21,2025-03-21,2026-08-31,1,1,2,4,Lost,Deprioritise spend; include only in broad low-cost re-engagement blasts.
CUST003713,15.0,8,6409.030000000001,2025-03-09,2026-08-16,2026-08-31,5,4,5,14,Champions,Reward with early access / loyalty perks; ask for referrals & reviews.
CUST003714,651.0,1,42.03,2024-11-18,2024-11-18,2026-08-31,1,1,1,3,Lost,Deprioritise spend; include only in broad low-cost re-engagement blasts.
CUST003715,405.0,4,206.76,2025-01-02,2025-07-22,2026-08-31,2,3,3,8,At Risk,Reach out personally; time-boxed discount to prevent churn.
CUST003716,663.0,1,89.49,2024-11-06,2024-11-06,2026-08-31,1,1,2,4,Lost,Deprioritise spend; include only in broad low-cost re-engagement blasts.
CUST003717,595.0,1,21.95,2025-01-13,2025-01-13,2026-08-31,1,1,1,3,Lost,Deprioritise spend; include only in broad low-cost re-engagement blasts.
CUST003718,546.0,1,61.84,2025-03-03,2025-03-03,2026-08-31,1,1,2,4,Lost,Deprioritise spend; include only in broad low-cost re-engagement blasts.
CUST003719,650.0,3,153.13,2024-09-02,2024-11-19,2026-08-31,1,3,3,7,At Risk,Reach out personally; time-boxed discount to prevent churn.
CUST003720,90.0,4,188.9,2025-07-31,2026-06-02,2026-08-31,4,3,3,10,Potential Loyalists,Offer membership / subscription; personalised follow-up after purchase.
CUST003721,363.0,1,85.55,2025-09-02,2025-09-02,2026-08-31,2,1,2,5,About To Sleep,Re-engagement email with personalised recommendations before they go cold.
CUST003722,618.0,1,9.3,2024-12-21,2024-12-21,2026-08-31,1,1,1,3,Lost,Deprioritise spend; include only in broad low-cost re-engagement blasts.
CUST003723,618.0,2,61.09,2024-11-02,2024-12-21,2026-08-31,1,2,2,5,Hibernating,Low-cost reactivation campaign; survey to learn why they stopped buying.
CUST003724,174.0,5,482.34999999999997,2025-06-10,2026-03-10,2026-08-31,3,4,4,11,Loyal Customers,Upsell higher-value products; enrol in loyalty programme.
CUST003725,345.0,2,77.05,2025-06-21,2025-09-20,2026-08-31,2,2,2,6,About To Sleep,Re-engagement email with personalised recommendations before they go cold.
CUST003726,351.0,3,169.72,2025-02-27,2025-09-14,2026-08-31,2,3,3,8,At Risk,Reach out personally; time-boxed discount to prevent churn.
CUST003727,9.0,4,5093.46,2025-12-13,2026-08-22,2026-08-31,5,3,5,13,Potential Loyalists,Offer membership / subscription; personalised follow-up after purchase.
CUST003728,166.0,6,373.81,2025-08-01,2026-03-18,2026-08-31,3,4,4,11,Loyal Customers,Upsell higher-value products; enrol in loyalty programme.
CUST003729,294.0,1,54.91,2025-11-10,2025-11-10,2026-08-31,2,1,2,5,About To Sleep,Re-engagement email with personalised recommendations before they go cold.
CUST003730,585.0,2,88.28999999999999,2024-10-13,2025-01-23,2026-08-31,1,2,2,5,Hibernating,Low-cost reactivation campaign; survey to learn why they stopped buying.
CUST003731,518.0,1,17.38,2025-03-31,2025-03-31,2026-08-31,1,1,1,3,Lost,Deprioritise spend; include only in broad low-cost re-engagement blasts.
CUST003732,608.0,2,115.08,2024-09-11,2024-12-31,2026-08-31,1,2,3,6,Need Attention,Limited-time win-back offer; recommend based on past purchases.
CUST003733,487.0,1,23.02,2025-05-01,2025-05-01,2026-08-31,1,1,1,3,Lost,Deprioritise spend; include only in broad low-cost re-engagement blasts.
CUST003734,379.0,1,27.46,2025-08-17,2025-08-17,2026-08-31,2,1,1,4,About To Sleep,Re-engagement email with personalised recommendations before they go cold.
CUST003735,15.0,12,704.38,2024-09-09,2026-08-16,2026-08-31,5,5,4,14,Champions,Reward with early access / loyalty perks; ask for referrals & reviews.
CUST003736,5.0,8,5628.24,2024-12-24,2026-08-26,2026-08-31,5,4,5,14,Champions,Reward with early access / loyalty perks; ask for referrals & reviews.
CUST003737,89.0,3,82.36,2026-01-31,2026-06-03,2026-08-31,4,3,2,9,Potential Loyalists,Offer membership / subscription; personalised follow-up after purchase.
CUST003738,362.0,1,17.7,2025-09-03,2025-09-03,2026-08-31,2,1,1,4,About To Sleep,Re-engagement email with personalised recommendations before they go cold.
CUST003739,448.0,2,58.650000000000006,2025-04-05,2025-06-09,2026-08-31,2,2,2,6,About To Sleep,Re-engagement email with personalised recommendations before they go cold.
CUST003740,93.0,3,179.29,2025-11-08,2026-05-30,2026-08-31,4,3,3,10,Potential Loyalists,Offer membership / subscription; personalised follow-up after purchase.
CUST003741,109.0,5,337.93,2025-06-26,2026-05-14,2026-08-31,3,4,4,11,Loyal Customers,Upsell higher-value products; enrol in loyalty programme.
CUST003742,64.0,11,969.29,2024-09-18,2026-06-28,2026-08-31,4,5,5,14,Champions,Reward with early access / loyalty perks; ask for referrals & reviews.
CUST003743,430.0,2,94.74000000000001,2025-04-28,2025-06-27,2026-08-31,2,2,2,6,About To Sleep,Re-engagement email with personalised recommendations before they go cold.
CUST003744,,0,0.0,,,2026-08-31,,,,,No Purchase History,Investigate: no purchase history -- confirm signup funnel / re-engage with welcome offer.
CUST003745,6.0,8,646.29,2024-12-16,2026-08-25,2026-08-31,5,4,4,13,Champions,Reward with early access / loyalty perks; ask for referrals & reviews.
CUST003746,211.0,1,50.6,2026-02-01,2026-02-01,2026-08-31,3,1,2,6,Promising,Nurture with targeted content; small incentive to drive a second order.
CUST003747,129.0,6,371.08,2025-07-12,2026-04-24,2026-08-31,3,4,4,11,Loyal Customers,Upsell higher-value products; enrol in loyalty programme.
CUST003748,452.0,3,148.9,2025-03-24,2025-06-05,2026-08-31,2,3,3,8,At Risk,Reach out personally; time-boxed discount to prevent churn.
CUST003749,65.0,2,47.41,2026-06-14,2026-06-27,2026-08-31,4,2,2,8,Potential Loyalists,Offer membership / subscription; personalised follow-up after purchase.
CUST003750,206.0,3,117.24000000000001,2025-10-25,2026-02-06,2026-08-31,3,3,3,9,Need Attention,Limited-time win-back offer; recommend based on past purchases.
CUST003751,30.0,10,840.66,2024-10-29,2026-08-01,2026-08-31,5,5,5,15,Champions,Reward with early access / loyalty perks; ask for referrals & reviews.
CUST003752,367.0,1,28.02,2025-08-29,2025-08-29,2026-08-31,2,1,1,4,About To Sleep,Re-engagement email with personalised recommendations before they go cold.
CUST003753,105.0,2,81.3,2026-01-23,2026-05-18,2026-08-31,4,2,2,8,Potential Loyalists,Offer membership / subscription; personalised follow-up after purchase.
CUST003754,619.0,1,7.54,2024-12-20,2024-12-20,2026-08-31,1,1,1,3,Lost,Deprioritise spend; include only in broad low-cost re-engagement blasts.
CUST003755,110.0,4,142.1,2025-09-10,2026-05-13,2026-08-31,3,3,3,9,Need Attention,Limited-time win-back offer; recommend based on past purchases.
CUST003756,203.0,3,142.13,2025-11-28,2026-02-09,2026-08-31,3,3,3,9,Need Attention,Limited-time win-back offer; recommend based on past purchases.
CUST003757,111.0,3,137.85000000000002,2025-11-02,2026-05-12,2026-08-31,3,3,3,9,Need Attention,Limited-time win-back offer; recommend based on past purchases.
CUST003758,166.0,1,99.7,2026-03-18,2026-03-18,2026-08-31,3,1,2,6,Promising,Nurture with targeted content; small incentive to drive a second order.
CUST003759,408.0,2,106.44999999999999,2025-03-31,2025-07-19,2026-08-31,2,2,2,6,About To Sleep,Re-engagement email with personalised recommendations before they go cold.
CUST003760,44.0,8,845.04,2025-02-26,2026-07-18,2026-08-31,5,4,5,14,Champions,Reward with early access / loyalty perks; ask for referrals & reviews.
CUST003761,26.0,8,6084.04,2025-06-15,2026-08-05,2026-08-31,5,4,5,14,Champions,Reward with early access / loyalty perks; ask for referrals & reviews.
CUST003762,233.0,4,383.65999999999997,2025-07-16,2026-01-10,2026-08-31,2,3,4,9,At Risk,Reach out personally; time-boxed discount to prevent churn.
CUST003763,9.0,9,601.4,2024-10-01,2026-08-22,2026-08-31,5,5,4,14,Champions,Reward with early access / loyalty perks; ask for referrals & reviews.
CUST003764,104.0,6,431.92,2025-11-02,2026-05-19,2026-08-31,4,4,4,12,Champions,Reward with early access / loyalty perks; ask for referrals & reviews.
CUST003765,27.0,11,1771.24,2024-09-27,2026-08-04,2026-08-31,5,5,5,15,Champions,Reward with early access / loyalty perks; ask for referrals & reviews.
CUST003766,317.0,4,397.4,2025-04-24,2025-10-18,2026-08-31,2,3,4,9,At Risk,Reach out personally; time-boxed discount to prevent churn.
CUST003767,131.0,1,76.44,2026-04-22,2026-04-22,2026-08-31,3,1,2,6,Promising,Nurture with targeted content; small incentive to drive a second order.
CUST003768,191.0,6,417.39,2024-12-13,2026-02-21,2026-08-31,3,4,4,11,Loyal Customers,Upsell higher-value products; enrol in loyalty programme.
CUST003769,553.0,1,128.79,2025-02-24,2025-02-24,2026-08-31,1,1,3,5,Lost,Deprioritise spend; include only in broad low-cost re-engagement blasts.
CUST003770,263.0,1,41.29,2025-12-11,2025-12-11,2026-08-31,2,1,1,4,About To Sleep,Re-engagement email with personalised recommendations before they go cold.
CUST003771,626.0,2,47.41,2024-09-08,2024-12-13,2026-08-31,1,2,2,5,Hibernating,Low-cost reactivation campaign; survey to learn why they stopped buying.
CUST003772,26.0,7,5211.68,2025-04-23,2026-08-05,2026-08-31,5,4,5,14,Champions,Reward with early access / loyalty perks; ask for referrals & reviews.
CUST003773,288.0,1,8.04,2025-11-16,2025-11-16,2026-08-31,2,1,1,4,About To Sleep,Re-engagement email with personalised recommendations before they go cold.
CUST003774,396.0,4,212.53,2025-02-02,2025-07-31,2026-08-31,2,3,3,8,At Risk,Reach out personally; time-boxed discount to prevent churn.
CUST003775,597.0,2,45.31,2024-11-09,2025-01-11,2026-08-31,1,2,1,4,Hibernating,Low-cost reactivation campaign; survey to learn why they stopped buying.
CUST003776,54.0,3,140.70999999999998,2026-03-23,2026-07-08,2026-08-31,4,3,3,10,Potential Loyalists,Offer membership / subscription; personalised follow-up after purchase.
CUST003777,463.0,1,30.36,2025-05-25,2025-05-25,2026-08-31,1,1,1,3,Lost,Deprioritise spend; include only in broad low-cost re-engagement blasts.
CUST003778,83.0,9,534.84,2024-10-15,2026-06-09,2026-08-31,4,5,4,13,Champions,Reward with early access / loyalty perks; ask for referrals & reviews.
CUST003779,618.0,3,134.49,2024-09-05,2024-12-21,2026-08-31,1,3,3,7,At Risk,Reach out personally; time-boxed discount to prevent churn.
CUST003780,32.0,4,1903.19,2025-10-18,2026-07-30,2026-08-31,5,3,5,13,Potential Loyalists,Offer membership / subscription; personalised follow-up after purchase.
CUST003781,77.0,8,681.5699999999999,2024-10-30,2026-06-15,2026-08-31,4,4,4,12,Champions,Reward with early access / loyalty perks; ask for referrals & reviews.
CUST003782,373.0,2,80.34,2025-07-10,2025-08-23,2026-08-31,2,2,2,6,About To Sleep,Re-engagement email with personalised recommendations before they go cold.
CUST003783,479.0,1,32.5,2025-05-09,2025-05-09,2026-08-31,1,1,1,3,Lost,Deprioritise spend; include only in broad low-cost re-engagement blasts.
CUST003784,238.0,2,132.8,2025-11-12,2026-01-05,2026-08-31,2,2,3,7,About To Sleep,Re-engagement email with personalised recommendations before they go cold.
CUST003785,478.0,1,47.46,2025-05-10,2025-05-10,2026-08-31,1,1,2,4,Lost,Deprioritise spend; include only in broad low-cost re-engagement blasts.
CUST003786,585.0,2,81.87,2024-10-26,2025-01-23,2026-08-31,1,2,2,5,Hibernating,Low-cost reactivation campaign; survey to learn why they stopped buying.
CUST003787,38.0,5,3612.26,2025-09-15,2026-07-24,2026-08-31,5,4,5,14,Champions,Reward with early access / loyalty perks; ask for referrals & reviews.
CUST003788,81.0,8,589.37,2024-09-16,2026-06-11,2026-08-31,4,4,4,12,Champions,Reward with early access / loyalty perks; ask for referrals & reviews.
CUST003789,104.0,2,193.31,2026-03-05,2026-05-19,2026-08-31,4,2,3,9,Potential Loyalists,Offer membership / subscription; personalised follow-up after purchase.
CUST003790,125.0,1,9.11,2026-04-28,2026-04-28,2026-08-31,3,1,1,5,Promising,Nurture with targeted content; small incentive to drive a second order.
CUST003791,203.0,3,161.87,2025-08-23,2026-02-09,2026-08-31,3,3,3,9,Need Attention,Limited-time win-back offer; recommend based on past purchases.
CUST003792,130.0,2,135.38,2026-01-23,2026-04-23,2026-08-31,3,2,3,8,Promising,Nurture with targeted content; small incentive to drive a second order.
CUST003793,19.0,11,2056.93,2024-09-15,2026-08-12,2026-08-31,5,5,5,15,Champions,Reward with early access / loyalty perks; ask for referrals & reviews.
CUST003794,24.0,13,931.12,2024-09-14,2026-08-07,2026-08-31,5,5,5,15,Champions,Reward with early access / loyalty perks; ask for referrals & reviews.
CUST003795,280.0,1,31.06,2025-11-24,2025-11-24,2026-08-31,2,1,1,4,About To Sleep,Re-engagement email with personalised recommendations before they go cold.
CUST003796,146.0,1,20.27,2026-04-07,2026-04-07,2026-08-31,3,1,1,5,Promising,Nurture with targeted content; small incentive to drive a second order.
CUST003797,48.0,1,46.07,2026-07-14,2026-07-14,2026-08-31,4,1,1,6,New Customers,Onboard well; send a strong second-purchase incentive within 30 days.
CUST003798,471.0,4,103.65,2024-11-12,2025-05-17,2026-08-31,1,3,2,6,Hibernating,Low-cost reactivation campaign; survey to learn why they stopped buying.
CUST003799,179.0,6,250.14,2025-08-04,2026-03-05,2026-08-31,3,4,4,11,Loyal Customers,Upsell higher-value products; enrol in loyalty programme.
CUST003800,34.0,5,240.78,2026-03-17,2026-07-28,2026-08-31,5,4,4,13,Champions,Reward with early access / loyalty perks; ask for referrals & reviews.
CUST003801,45.0,11,1539.02,2024-09-26,2026-07-17,2026-08-31,5,5,5,15,Champions,Reward with early access / loyalty perks; ask for referrals & reviews.
CUST003802,114.0,5,353.05,2025-06-24,2026-05-09,2026-08-31,3,4,4,11,Loyal Customers,Upsell higher-value products; enrol in loyalty programme.
CUST003803,186.0,6,339.88,2024-12-10,2026-02-26,2026-08-31,3,4,4,11,Loyal Customers,Upsell higher-value products; enrol in loyalty programme.
CUST003804,74.0,12,1091.83,2024-09-12,2026-06-18,2026-08-31,4,5,5,14,Champions,Reward with early access / loyalty perks; ask for referrals & reviews.
CUST003805,43.0,14,2114.45,2024-09-23,2026-07-19,2026-08-31,5,5,5,15,Champions,Reward with early access / loyalty perks; ask for referrals & reviews.
CUST003806,35.0,10,737.71,2024-09-13,2026-07-27,2026-08-31,5,5,4,14,Champions,Reward with early access / loyalty perks; ask for referrals & reviews.
CUST003807,526.0,1,16.78,2025-03-23,2025-03-23,2026-08-31,1,1,1,3,Lost,Deprioritise spend; include only in broad low-cost re-engagement blasts.
CUST003808,120.0,1,13.45,2026-05-03,2026-05-03,2026-08-31,3,1,1,5,Promising,Nurture with targeted content; small incentive to drive a second order.
CUST003809,438.0,2,83.18,2025-03-07,2025-06-19,2026-08-31,2,2,2,6,About To Sleep,Re-engagement email with personalised recommendations before they go cold.
CUST003810,621.0,2,17.6,2024-10-22,2024-12-18,2026-08-31,1,2,1,4,Hibernating,Low-cost reactivation campaign; survey to learn why they stopped buying.
CUST003811,60.0,1,19.3,2026-07-02,2026-07-02,2026-08-31,4,1,1,6,New Customers,Onboard well; send a strong second-purchase incentive within 30 days.
CUST003812,78.0,11,739.91,2025-04-28,2026-06-14,2026-08-31,4,5,4,13,Champions,Reward with early access / loyalty perks; ask for referrals & reviews.
CUST003813,250.0,1,103.46,2025-12-24,2025-12-24,2026-08-31,2,1,2,5,About To Sleep,Re-engagement email with personalised recommendations before they go cold.
CUST003814,30.0,12,863.58,2024-11-11,2026-08-01,2026-08-31,5,5,5,15,Champions,Reward with early access / loyalty perks; ask for referrals & reviews.
CUST003815,214.0,5,416.88,2025-06-30,2026-01-29,2026-08-31,3,4,4,11,Loyal Customers,Upsell higher-value products; enrol in loyalty programme.
CUST003816,175.0,2,87.03999999999999,2025-11-19,2026-03-09,2026-08-31,3,2,2,7,Promising,Nurture with targeted content; small incentive to drive a second order.
CUST003817,238.0,5,759.83,2025-05-25,2026-01-05,2026-08-31,2,4,5,11,At Risk,Reach out personally; time-boxed discount to prevent churn.
CUST003818,31.0,5,274.16999999999996,2025-11-20,2026-07-31,2026-08-31,5,4,4,13,Champions,Reward with early access / loyalty perks; ask for referrals & reviews.
CUST003819,633.0,1,15.48,2024-12-06,2024-12-06,2026-08-31,1,1,1,3,Lost,Deprioritise spend; include only in broad low-cost re-engagement blasts.
CUST003820,335.0,1,23.37,2025-09-30,2025-09-30,2026-08-31,2,1,1,4,About To Sleep,Re-engagement email with personalised recommendations before they go cold.
CUST003821,519.0,3,121.25999999999999,2024-12-11,2025-03-30,2026-08-31,1,3,3,7,At Risk,Reach out personally; time-boxed discount to prevent churn.
CUST003822,,0,0.0,,,2026-08-31,,,,,No Purchase History,Investigate: no purchase history -- confirm signup funnel / re-engage with welcome offer.
CUST003823,191.0,1,51.67,2026-02-21,2026-02-21,2026-08-31,3,1,2,6,Promising,Nurture with targeted content; small incentive to drive a second order.
CUST003824,30.0,11,1625.74,2024-10-27,2026-08-01,2026-08-31,5,5,5,15,Champions,Reward with early access / loyalty perks; ask for referrals & reviews.
CUST003825,286.0,1,93.73,2025-11-18,2025-11-18,2026-08-31,2,1,2,5,About To Sleep,Re-engagement email with personalised recommendations before they go cold.
CUST003826,61.0,1,73.37,2026-07-01,2026-07-01,2026-08-31,4,1,2,7,New Customers,Onboard well; send a strong second-purchase incentive within 30 days.
CUST003827,144.0,5,280.86,2025-05-21,2026-04-09,2026-08-31,3,4,4,11,Loyal Customers,Upsell higher-value products; enrol in loyalty programme.
CUST003828,228.0,3,217.66,2025-04-03,2026-01-15,2026-08-31,2,3,3,8,At Risk,Reach out personally; time-boxed discount to prevent churn.
CUST003829,357.0,1,18.53,2025-09-08,2025-09-08,2026-08-31,2,1,1,4,About To Sleep,Re-engagement email with personalised recommendations before they go cold.
CUST003830,646.0,1,19.47,2024-11-23,2024-11-23,2026-08-31,1,1,1,3,Lost,Deprioritise spend; include only in broad low-cost re-engagement blasts.
CUST003831,227.0,3,84.76,2025-08-11,2026-01-16,2026-08-31,2,3,2,7,Hibernating,Low-cost reactivation campaign; survey to learn why they stopped buying.
CUST003832,142.0,1,78.12,2026-04-11,2026-04-11,2026-08-31,3,1,2,6,Promising,Nurture with targeted content; small incentive to drive a second order.
CUST003833,83.0,3,265.98,2026-04-15,2026-06-09,2026-08-31,4,3,4,11,Potential Loyalists,Offer membership / subscription; personalised follow-up after purchase.
CUST003834,192.0,2,80.4,2025-11-19,2026-02-20,2026-08-31,3,2,2,7,Promising,Nurture with targeted content; small incentive to drive a second order.
CUST003835,210.0,5,330.41999999999996,2025-04-06,2026-02-02,2026-08-31,3,4,4,11,Loyal Customers,Upsell higher-value products; enrol in loyalty programme.
CUST003836,208.0,5,244.41,2025-04-03,2026-02-04,2026-08-31,3,4,4,11,Loyal Customers,Upsell higher-value products; enrol in loyalty programme.
CUST003837,182.0,1,36.41,2026-03-02,2026-03-02,2026-08-31,3,1,1,5,Promising,Nurture with targeted content; small incentive to drive a second order.
CUST003838,10.0,13,2296.15,2024-09-04,2026-08-21,2026-08-31,5,5,5,15,Champions,Reward with early access / loyalty perks; ask for referrals & reviews.
CUST003839,534.0,2,54.84,2024-11-21,2025-03-15,2026-08-31,1,2,2,5,Hibernating,Low-cost reactivation campaign; survey to learn why they stopped buying.
CUST003840,233.0,2,147.72,2025-11-15,2026-01-10,2026-08-31,2,2,3,7,About To Sleep,Re-engagement email with personalised recommendations before they go cold.
CUST003841,149.0,1,25.8,2026-04-04,2026-04-04,2026-08-31,3,1,1,5,Promising,Nurture with targeted content; small incentive to drive a second order.
CUST003842,59.0,1,67.52,2026-07-03,2026-07-03,2026-08-31,4,1,2,7,New Customers,Onboard well; send a strong second-purchase incentive within 30 days.
CUST003843,502.0,1,31.58,2025-04-16,2025-04-16,2026-08-31,1,1,1,3,Lost,Deprioritise spend; include only in broad low-cost re-engagement blasts.
CUST003844,253.0,1,124.53,2025-12-21,2025-12-21,2026-08-31,2,1,3,6,About To Sleep,Re-engagement email with personalised recommendations before they go cold.
CUST003845,9.0,9,5043.35,2024-10-02,2026-08-22,2026-08-31,5,5,5,15,Champions,Reward with early access / loyalty perks; ask for referrals & reviews.
CUST003846,444.0,1,36.1,2025-06-13,2025-06-13,2026-08-31,2,1,1,4,About To Sleep,Re-engagement email with personalised recommendations before they go cold.
CUST003847,434.0,1,102.89,2025-06-23,2025-06-23,2026-08-31,2,1,2,5,About To Sleep,Re-engagement email with personalised recommendations before they go cold.
CUST003848,549.0,1,19.66,2025-02-28,2025-02-28,2026-08-31,1,1,1,3,Lost,Deprioritise spend; include only in broad low-cost re-engagement blasts.
CUST003849,33.0,4,132.46,2026-02-03,2026-07-29,2026-08-31,5,3,3,11,Potential Loyalists,Offer membership / subscription; personalised follow-up after purchase.
CUST003850,90.0,5,164.73000000000002,2025-09-09,2026-06-02,2026-08-31,4,4,3,11,Loyal Customers,Upsell higher-value products; enrol in loyalty programme.
CUST003851,75.0,4,321.46,2025-11-25,2026-06-17,2026-08-31,4,3,4,11,Potential Loyalists,Offer membership / subscription; personalised follow-up after purchase.
CUST003852,216.0,6,434.88,2025-06-03,2026-01-27,2026-08-31,3,4,4,11,Loyal Customers,Upsell higher-value products; enrol in loyalty programme.
CUST003853,199.0,2,74.77,2025-11-06,2026-02-13,2026-08-31,3,2,2,7,Promising,Nurture with targeted content; small incentive to drive a second order.
CUST003854,186.0,5,360.11,2025-04-03,2026-02-26,2026-08-31,3,4,4,11,Loyal Customers,Upsell higher-value products; enrol in loyalty programme.
CUST003855,390.0,1,60.91,2025-08-06,2025-08-06,2026-08-31,2,1,2,5,About To Sleep,Re-engagement email with personalised recommendations before they go cold.
CUST003856,84.0,3,171.07,2026-04-05,2026-06-08,2026-08-31,4,3,3,10,Potential Loyalists,Offer membership / subscription; personalised follow-up after purchase.
CUST003857,648.0,1,68.0,2024-11-21,2024-11-21,2026-08-31,1,1,2,4,Lost,Deprioritise spend; include only in broad low-cost re-engagement blasts.
CUST003858,70.0,2,143.07,2026-05-14,2026-06-22,2026-08-31,4,2,3,9,Potential Loyalists,Offer membership / subscription; personalised follow-up after purchase.
CUST003859,672.0,1,22.44,2024-10-28,2024-10-28,2026-08-31,1,1,1,3,Lost,Deprioritise spend; include only in broad low-cost re-engagement blasts.
CUST003860,88.0,10,724.44,2024-09-27,2026-06-04,2026-08-31,4,5,4,13,Champions,Reward with early access / loyalty perks; ask for referrals & reviews.
CUST003861,121.0,2,55.09,2026-02-14,2026-05-02,2026-08-31,3,2,2,7,Promising,Nurture with targeted content; small incentive to drive a second order.
CUST003862,10.0,12,1728.06,2024-09-09,2026-08-21,2026-08-31,5,5,5,15,Champions,Reward with early access / loyalty perks; ask for referrals & reviews.
CUST003863,653.0,1,22.08,2024-11-16,2024-11-16,2026-08-31,1,1,1,3,Lost,Deprioritise spend; include only in broad low-cost re-engagement blasts.
CUST003864,230.0,4,222.06,2025-06-25,2026-01-13,2026-08-31,2,3,3,8,At Risk,Reach out personally; time-boxed discount to prevent churn.
CUST003865,377.0,4,209.64000000000001,2025-03-30,2025-08-19,2026-08-31,2,3,3,8,At Risk,Reach out personally; time-boxed discount to prevent churn.
CUST003866,59.0,6,312.03000000000003,2025-09-24,2026-07-03,2026-08-31,4,4,4,12,Champions,Reward with early access / loyalty perks; ask for referrals & reviews.
CUST003867,297.0,1,19.39,2025-11-07,2025-11-07,2026-08-31,2,1,1,4,About To Sleep,Re-engagement email with personalised recommendations before they go cold.
CUST003868,41.0,4,212.14000000000001,2026-02-19,2026-07-21,2026-08-31,5,3,3,11,Potential Loyalists,Offer membership / subscription; personalised follow-up after purchase.
CUST003869,645.0,1,39.85,2024-11-24,2024-11-24,2026-08-31,1,1,1,3,Lost,Deprioritise spend; include only in broad low-cost re-engagement blasts.
CUST003870,114.0,3,244.68,2026-01-24,2026-05-09,2026-08-31,3,3,4,10,Need Attention,Limited-time win-back offer; recommend based on past purchases.
CUST003871,87.0,4,127.22,2026-01-06,2026-06-05,2026-08-31,4,3,3,10,Potential Loyalists,Offer membership / subscription; personalised follow-up after purchase.
CUST003872,236.0,6,586.4000000000001,2024-12-22,2026-01-07,2026-08-31,2,4,4,10,At Risk,Reach out personally; time-boxed discount to prevent churn.
CUST003873,54.0,13,764.24,2024-11-14,2026-07-08,2026-08-31,4,5,5,14,Champions,Reward with early access / loyalty perks; ask for referrals & reviews.
CUST003874,1.0,16,1014.88,2024-08-31,2026-08-30,2026-08-31,5,5,5,15,Champions,Reward with early access / loyalty perks; ask for referrals & reviews.
CUST003875,1.0,6,5731.0,2025-10-07,2026-08-30,2026-08-31,5,4,5,14,Champions,Reward with early access / loyalty perks; ask for referrals & reviews.
CUST003876,187.0,4,189.45999999999998,2025-10-14,2026-02-25,2026-08-31,3,3,3,9,Need Attention,Limited-time win-back offer; recommend based on past purchases.
CUST003877,43.0,15,2050.68,2024-11-23,2026-07-19,2026-08-31,5,5,5,15,Champions,Reward with early access / loyalty perks; ask for referrals & reviews.
CUST003878,29.0,10,6370.7300000000005,2024-08-30,2026-08-02,2026-08-31,5,5,5,15,Champions,Reward with early access / loyalty perks; ask for referrals & reviews.
CUST003879,37.0,12,1935.83,2024-12-05,2026-07-25,2026-08-31,5,5,5,15,Champions,Reward with early access / loyalty perks; ask for referrals & reviews.
CUST003880,235.0,2,338.91999999999996,2025-09-25,2026-01-08,2026-08-31,2,2,4,8,About To Sleep,Re-engagement email with personalised recommendations before they go cold.
CUST003881,137.0,1,135.47,2026-04-16,2026-04-16,2026-08-31,3,1,3,7,Promising,Nurture with targeted content; small incentive to drive a second order.
CUST003882,512.0,2,69.28,2025-03-10,2025-04-06,2026-08-31,1,2,2,5,Hibernating,Low-cost reactivation campaign; survey to learn why they stopped buying.
CUST003883,459.0,1,40.55,2025-05-29,2025-05-29,2026-08-31,1,1,1,3,Lost,Deprioritise spend; include only in broad low-cost re-engagement blasts.
CUST003884,59.0,2,99.43,2026-03-22,2026-07-03,2026-08-31,4,2,2,8,Potential Loyalists,Offer membership / subscription; personalised follow-up after purchase.
CUST003885,45.0,10,8487.28,2025-01-01,2026-07-17,2026-08-31,5,5,5,15,Champions,Reward with early access / loyalty perks; ask for referrals & reviews.
CUST003886,25.0,13,1853.08,2024-11-02,2026-08-06,2026-08-31,5,5,5,15,Champions,Reward with early access / loyalty perks; ask for referrals & reviews.
CUST003887,15.0,6,4848.85,2026-01-22,2026-08-16,2026-08-31,5,4,5,14,Champions,Reward with early access / loyalty perks; ask for referrals & reviews.
CUST003888,599.0,1,21.53,2025-01-09,2025-01-09,2026-08-31,1,1,1,3,Lost,Deprioritise spend; include only in broad low-cost re-engagement blasts.
CUST003889,525.0,4,144.99,2024-09-16,2025-03-24,2026-08-31,1,3,3,7,At Risk,Reach out personally; time-boxed discount to prevent churn.
CUST003890,191.0,4,323.15,2025-08-15,2026-02-21,2026-08-31,3,3,4,10,Need Attention,Limited-time win-back offer; recommend based on past purchases.
CUST003891,47.0,9,834.08,2025-04-24,2026-07-15,2026-08-31,4,5,5,14,Champions,Reward with early access / loyalty perks; ask for referrals & reviews.
CUST003892,402.0,1,36.64,2025-07-25,2025-07-25,2026-08-31,2,1,1,4,About To Sleep,Re-engagement email with personalised recommendations before they go cold.
CUST003893,507.0,1,145.36,2025-04-11,2025-04-11,2026-08-31,1,1,3,5,Lost,Deprioritise spend; include only in broad low-cost re-engagement blasts.
CUST003894,57.0,1,20.38,2026-07-05,2026-07-05,2026-08-31,4,1,1,6,New Customers,Onboard well; send a strong second-purchase incentive within 30 days.
CUST003895,637.0,2,135.85999999999999,2024-09-02,2024-12-02,2026-08-31,1,2,3,6,Need Attention,Limited-time win-back offer; recommend based on past purchases.
CUST003896,401.0,1,37.02,2025-07-26,2025-07-26,2026-08-31,2,1,1,4,About To Sleep,Re-engagement email with personalised recommendations before they go cold.
CUST003897,32.0,5,347.31,2025-11-23,2026-07-30,2026-08-31,5,4,4,13,Champions,Reward with early access / loyalty perks; ask for referrals & reviews.
CUST003898,153.0,6,260.12,2025-08-04,2026-03-31,2026-08-31,3,4,4,11,Loyal Customers,Upsell higher-value products; enrol in loyalty programme.
CUST003899,55.0,14,1104.55,2024-09-22,2026-07-07,2026-08-31,4,5,5,14,Champions,Reward with early access / loyalty perks; ask for referrals & reviews.
CUST003900,54.0,8,644.65,2025-04-07,2026-07-08,2026-08-31,4,4,4,12,Champions,Reward with early access / loyalty perks; ask for referrals & reviews.
CUST003901,11.0,14,1773.21,2025-01-20,2026-08-20,2026-08-31,5,5,5,15,Champions,Reward with early access / loyalty perks; ask for referrals & reviews.
CUST003902,376.0,4,137.4,2024-11-26,2025-08-20,2026-08-31,2,3,3,8,At Risk,Reach out personally; time-boxed discount to prevent churn.
CUST003903,605.0,1,36.38,2025-01-03,2025-01-03,2026-08-31,1,1,1,3,Lost,Deprioritise spend; include only in broad low-cost re-engagement blasts.
CUST003904,43.0,1,33.42,2026-07-19,2026-07-19,2026-08-31,5,1,1,7,New Customers,Onboard well; send a strong second-purchase incentive within 30 days.
CUST003905,116.0,3,305.26,2026-02-18,2026-05-07,2026-08-31,3,3,4,10,Need Attention,Limited-time win-back offer; recommend based on past purchases.
CUST003906,87.0,1,70.66,2026-06-05,2026-06-05,2026-08-31,4,1,2,7,New Customers,Onboard well; send a strong second-purchase incentive within 30 days.
CUST003907,558.0,4,163.44,2024-09-23,2025-02-19,2026-08-31,1,3,3,7,At Risk,Reach out personally; time-boxed discount to prevent churn.
CUST003908,330.0,4,80.79,2025-07-07,2025-10-05,2026-08-31,2,3,2,7,Hibernating,Low-cost reactivation campaign; survey to learn why they stopped buying.
CUST003909,530.0,1,35.39,2025-03-19,2025-03-19,2026-08-31,1,1,1,3,Lost,Deprioritise spend; include only in broad low-cost re-engagement blasts.
CUST003910,547.0,1,28.23,2025-03-02,2025-03-02,2026-08-31,1,1,1,3,Lost,Deprioritise spend; include only in broad low-cost re-engagement blasts.
CUST003911,79.0,1,32.52,2026-06-13,2026-06-13,2026-08-31,4,1,1,6,New Customers,Onboard well; send a strong second-purchase incentive within 30 days.
CUST003912,184.0,1,109.42,2026-02-28,2026-02-28,2026-08-31,3,1,2,6,Promising,Nurture with targeted content; small incentive to drive a second order.
CUST003913,632.0,1,19.93,2024-12-07,2024-12-07,2026-08-31,1,1,1,3,Lost,Deprioritise spend; include only in broad low-cost re-engagement blasts.
CUST003914,88.0,2,50.370000000000005,2026-04-19,2026-06-04,2026-08-31,4,2,2,8,Potential Loyalists,Offer membership / subscription; personalised follow-up after purchase.
CUST003915,229.0,5,189.25,2025-06-16,2026-01-14,2026-08-31,2,4,3,9,At Risk,Reach out personally; time-boxed discount to prevent churn.
CUST003916,102.0,5,237.44,2025-08-22,2026-05-21,2026-08-31,4,4,4,12,Champions,Reward with early access / loyalty perks; ask for referrals & reviews.
CUST003917,399.0,1,11.99,2025-07-28,2025-07-28,2026-08-31,2,1,1,4,About To Sleep,Re-engagement email with personalised recommendations before they go cold.
CUST003918,340.0,1,157.76,2025-09-25,2025-09-25,2026-08-31,2,1,3,6,About To Sleep,Re-engagement email with personalised recommendations before they go cold.
CUST003919,590.0,1,38.5,2025-01-18,2025-01-18,2026-08-31,1,1,1,3,Lost,Deprioritise spend; include only in broad low-cost re-engagement blasts.
CUST003920,173.0,2,130.2,2026-02-01,2026-03-11,2026-08-31,3,2,3,8,Promising,Nurture with targeted content; small incentive to drive a second order.
CUST003921,148.0,3,105.44,2026-02-15,2026-04-05,2026-08-31,3,3,2,8,Need Attention,Limited-time win-back offer; recommend based on past purchases.
CUST003922,515.0,2,32.949999999999996,2024-12-17,2025-04-03,2026-08-31,1,2,1,4,Hibernating,Low-cost reactivation campaign; survey to learn why they stopped buying.
CUST003923,158.0,2,263.77,2026-02-05,2026-03-26,2026-08-31,3,2,4,9,Promising,Nurture with targeted content; small incentive to drive a second order.
CUST003924,539.0,3,266.22,2024-11-21,2025-03-10,2026-08-31,1,3,4,8,At Risk,Reach out personally; time-boxed discount to prevent churn.
CUST003925,205.0,2,50.56,2025-11-10,2026-02-07,2026-08-31,3,2,2,7,Promising,Nurture with targeted content; small incentive to drive a second order.
CUST003926,196.0,1,24.14,2026-02-16,2026-02-16,2026-08-31,3,1,1,5,Promising,Nurture with targeted content; small incentive to drive a second order.
CUST003927,567.0,1,14.75,2025-02-10,2025-02-10,2026-08-31,1,1,1,3,Lost,Deprioritise spend; include only in broad low-cost re-engagement blasts.
CUST003928,590.0,2,89.19,2025-01-05,2025-01-18,2026-08-31,1,2,2,5,Hibernating,Low-cost reactivation campaign; survey to learn why they stopped buying.
CUST003929,70.0,11,737.65,2024-11-18,2026-06-22,2026-08-31,4,5,4,13,Champions,Reward with early access / loyalty perks; ask for referrals & reviews.
CUST003930,418.0,2,52.870000000000005,2025-06-08,2025-07-09,2026-08-31,2,2,2,6,About To Sleep,Re-engagement email with personalised recommendations before they go cold.
CUST003931,486.0,1,21.07,2025-05-02,2025-05-02,2026-08-31,1,1,1,3,Lost,Deprioritise spend; include only in broad low-cost re-engagement blasts.
CUST003932,152.0,1,24.64,2026-04-01,2026-04-01,2026-08-31,3,1,1,5,Promising,Nurture with targeted content; small incentive to drive a second order.
CUST003933,505.0,1,23.71,2025-04-13,2025-04-13,2026-08-31,1,1,1,3,Lost,Deprioritise spend; include only in broad low-cost re-engagement blasts.
CUST003934,40.0,8,910.34,2024-09-06,2026-07-22,2026-08-31,5,4,5,14,Champions,Reward with early access / loyalty perks; ask for referrals & reviews.
CUST003935,119.0,4,270.47,2026-01-05,2026-05-04,2026-08-31,3,3,4,10,Need Attention,Limited-time win-back offer; recommend based on past purchases.
CUST003936,39.0,3,89.03999999999999,2026-04-28,2026-07-23,2026-08-31,5,3,2,10,Potential Loyalists,Offer membership / subscription; personalised follow-up after purchase.
CUST003937,58.0,6,253.82,2025-09-20,2026-07-04,2026-08-31,4,4,4,12,Champions,Reward with early access / loyalty perks; ask for referrals & reviews.
CUST003938,396.0,1,54.94,2025-07-31,2025-07-31,2026-08-31,2,1,2,5,About To Sleep,Re-engagement email with personalised recommendations before they go cold.
CUST003939,105.0,2,89.67,2026-05-05,2026-05-18,2026-08-31,4,2,2,8,Potential Loyalists,Offer membership / subscription; personalised follow-up after purchase.
CUST003940,76.0,9,830.28,2024-12-03,2026-06-16,2026-08-31,4,5,5,14,Champions,Reward with early access / loyalty perks; ask for referrals & reviews.
CUST003941,32.0,13,1034.76,2024-10-06,2026-07-30,2026-08-31,5,5,5,15,Champions,Reward with early access / loyalty perks; ask for referrals & reviews.
CUST003942,40.0,8,698.66,2024-12-09,2026-07-22,2026-08-31,5,4,4,13,Champions,Reward with early access / loyalty perks; ask for referrals & reviews.
CUST003943,44.0,9,814.88,2024-11-23,2026-07-18,2026-08-31,5,5,5,15,Champions,Reward with early access / loyalty perks; ask for referrals & reviews.
CUST003944,55.0,1,14.08,2026-07-07,2026-07-07,2026-08-31,4,1,1,6,New Customers,Onboard well; send a strong second-purchase incentive within 30 days.
CUST003945,11.0,8,600.19,2024-10-10,2026-08-20,2026-08-31,5,4,4,13,Champions,Reward with early access / loyalty perks; ask for referrals & reviews.
CUST003946,525.0,1,100.63,2025-03-24,2025-03-24,2026-08-31,1,1,2,4,Lost,Deprioritise spend; include only in broad low-cost re-engagement blasts.
CUST003947,51.0,3,229.06,2026-02-03,2026-07-11,2026-08-31,4,3,4,11,Potential Loyalists,Offer membership / subscription; personalised follow-up after purchase.
CUST003948,65.0,9,551.37,2025-03-04,2026-06-27,2026-08-31,4,5,4,13,Champions,Reward with early access / loyalty perks; ask for referrals & reviews.
CUST003949,433.0,1,50.86,2025-06-24,2025-06-24,2026-08-31,2,1,2,5,About To Sleep,Re-engagement email with personalised recommendations before they go cold.
CUST003950,114.0,4,224.24,2025-11-27,2026-05-09,2026-08-31,3,3,3,9,Need Attention,Limited-time win-back offer; recommend based on past purchases.
CUST003951,208.0,2,27.900000000000002,2026-01-07,2026-02-04,2026-08-31,3,2,1,6,Promising,Nurture with targeted content; small incentive to drive a second order.
CUST003952,35.0,5,5033.5,2025-12-27,2026-07-27,2026-08-31,5,4,5,14,Champions,Reward with early access / loyalty perks; ask for referrals & reviews.
CUST003953,655.0,1,47.57,2024-11-14,2024-11-14,2026-08-31,1,1,2,4,Lost,Deprioritise spend; include only in broad low-cost re-engagement blasts.
CUST003954,399.0,1,66.87,2025-07-28,2025-07-28,2026-08-31,2,1,2,5,About To Sleep,Re-engagement email with personalised recommendations before they go cold.
CUST003955,48.0,10,739.3100000000001,2024-09-12,2026-07-14,2026-08-31,4,5,4,13,Champions,Reward with early access / loyalty perks; ask for referrals & reviews.
CUST003956,573.0,1,12.84,2025-02-04,2025-02-04,2026-08-31,1,1,1,3,Lost,Deprioritise spend; include only in broad low-cost re-engagement blasts.
CUST003957,32.0,11,11160.34,2025-05-13,2026-07-30,2026-08-31,5,5,5,15,Champions,Reward with early access / loyalty perks; ask for referrals & reviews.
CUST003958,491.0,3,190.21,2024-12-14,2025-04-27,2026-08-31,1,3,3,7,At Risk,Reach out personally; time-boxed discount to prevent churn.
CUST003959,79.0,10,583.47,2025-02-25,2026-06-13,2026-08-31,4,5,4,13,Champions,Reward with early access / loyalty perks; ask for referrals & reviews.
CUST003960,161.0,2,65.36,2026-02-22,2026-03-23,2026-08-31,3,2,2,7,Promising,Nurture with targeted content; small incentive to drive a second order.
CUST003961,60.0,2,148.5,2026-03-13,2026-07-02,2026-08-31,4,2,3,9,Potential Loyalists,Offer membership / subscription; personalised follow-up after purchase.
CUST003962,14.0,8,1012.71,2025-03-20,2026-08-17,2026-08-31,5,4,5,14,Champions,Reward with early access / loyalty perks; ask for referrals & reviews.
CUST003963,580.0,1,16.47,2025-01-28,2025-01-28,2026-08-31,1,1,1,3,Lost,Deprioritise spend; include only in broad low-cost re-engagement blasts.
CUST003964,152.0,6,479.18,2025-01-07,2026-04-01,2026-08-31,3,4,4,11,Loyal Customers,Upsell higher-value products; enrol in loyalty programme.
CUST003965,146.0,5,355.34,2025-06-22,2026-04-07,2026-08-31,3,4,4,11,Loyal Customers,Upsell higher-value products; enrol in loyalty programme.
CUST003966,58.0,11,863.66,2024-09-24,2026-07-04,2026-08-31,4,5,5,14,Champions,Reward with early access / loyalty perks; ask for referrals & reviews.
CUST003967,39.0,5,170.41,2025-11-08,2026-07-23,2026-08-31,5,4,3,12,Loyal Customers,Upsell higher-value products; enrol in loyalty programme.
CUST003968,12.0,13,1144.72,2024-11-10,2026-08-19,2026-08-31,5,5,5,15,Champions,Reward with early access / loyalty perks; ask for referrals & reviews.
CUST003969,75.0,2,74.56,2026-02-20,2026-06-17,2026-08-31,4,2,2,8,Potential Loyalists,Offer membership / subscription; personalised follow-up after purchase.
CUST003970,69.0,11,495.02,2024-09-06,2026-06-23,2026-08-31,4,5,4,13,Champions,Reward with early access / loyalty perks; ask for referrals & reviews.
CUST003971,11.0,5,3881.08,2025-11-28,2026-08-20,2026-08-31,5,4,5,14,Champions,Reward with early access / loyalty perks; ask for referrals & reviews.
CUST003972,29.0,10,829.08,2025-02-03,2026-08-02,2026-08-31,5,5,5,15,Champions,Reward with early access / loyalty perks; ask for referrals & reviews.
CUST003973,475.0,1,34.36,2025-05-13,2025-05-13,2026-08-31,1,1,1,3,Lost,Deprioritise spend; include only in broad low-cost re-engagement blasts.
CUST003974,87.0,11,711.74,2024-08-31,2026-06-05,2026-08-31,4,5,4,13,Champions,Reward with early access / loyalty perks; ask for referrals & reviews.
CUST003975,16.0,8,574.77,2025-05-22,2026-08-15,2026-08-31,5,4,4,13,Champions,Reward with early access / loyalty perks; ask for referrals & reviews.
CUST003976,77.0,4,154.97,2026-01-27,2026-06-15,2026-08-31,4,3,3,10,Potential Loyalists,Offer membership / subscription; personalised follow-up after purchase.
CUST003977,16.0,11,1238.8799999999999,2024-12-22,2026-08-15,2026-08-31,5,5,5,15,Champions,Reward with early access / loyalty perks; ask for referrals & reviews.
CUST003978,76.0,11,658.63,2024-09-20,2026-06-16,2026-08-31,4,5,4,13,Champions,Reward with early access / loyalty perks; ask for referrals & reviews.
CUST003979,180.0,5,302.37,2025-10-23,2026-03-04,2026-08-31,3,4,4,11,Loyal Customers,Upsell higher-value products; enrol in loyalty programme.
CUST003980,16.0,1,9.79,2026-08-15,2026-08-15,2026-08-31,5,1,1,7,New Customers,Onboard well; send a strong second-purchase incentive within 30 days.
CUST003981,39.0,10,954.41,2024-10-21,2026-07-23,2026-08-31,5,5,5,15,Champions,Reward with early access / loyalty perks; ask for referrals & reviews.
CUST003982,41.0,2,132.2,2026-06-03,2026-07-21,2026-08-31,5,2,3,10,Potential Loyalists,Offer membership / subscription; personalised follow-up after purchase.
CUST003983,458.0,1,38.94,2025-05-30,2025-05-30,2026-08-31,2,1,1,4,About To Sleep,Re-engagement email with personalised recommendations before they go cold.
CUST003984,114.0,5,524.76,2025-07-30,2026-05-09,2026-08-31,3,4,4,11,Loyal Customers,Upsell higher-value products; enrol in loyalty programme.
CUST003985,81.0,5,190.56,2025-10-30,2026-06-11,2026-08-31,4,4,3,11,Loyal Customers,Upsell higher-value products; enrol in loyalty programme.
CUST003986,23.0,8,630.49,2024-11-13,2026-08-08,2026-08-31,5,4,4,13,Champions,Reward with early access / loyalty perks; ask for referrals & reviews.
CUST003987,215.0,5,391.58,2025-05-15,2026-01-28,2026-08-31,3,4,4,11,Loyal Customers,Upsell higher-value products; enrol in loyalty programme.
CUST003988,218.0,2,126.31,2025-12-23,2026-01-25,2026-08-31,3,2,3,8,Promising,Nurture with targeted content; small incentive to drive a second order.
CUST003989,14.0,11,6551.99,2024-09-21,2026-08-17,2026-08-31,5,5,5,15,Champions,Reward with early access / loyalty perks; ask for referrals & reviews.
CUST003990,36.0,12,9400.650000000001,2024-09-09,2026-07-26,2026-08-31,5,5,5,15,Champions,Reward with early access / loyalty perks; ask for referrals & reviews.
CUST003991,120.0,9,6687.41,2025-04-18,2026-05-03,2026-08-31,3,5,5,13,Loyal Customers,Upsell higher-value products; enrol in loyalty programme.
CUST003992,161.0,5,213.91,2025-07-09,2026-03-23,2026-08-31,3,4,3,10,Loyal Customers,Upsell higher-value products; enrol in loyalty programme.
CUST003993,60.0,8,855.66,2024-12-04,2026-07-02,2026-08-31,4,4,5,13,Champions,Reward with early access / loyalty perks; ask for referrals & reviews.
CUST003994,116.0,6,836.9300000000001,2025-04-12,2026-05-07,2026-08-31,3,4,5,12,Loyal Customers,Upsell higher-value products; enrol in loyalty programme.
CUST003995,185.0,4,287.03,2025-10-28,2026-02-27,2026-08-31,3,3,4,10,Need Attention,Limited-time win-back offer; recommend based on past purchases.
CUST003996,15.0,9,1333.08,2024-09-28,2026-08-16,2026-08-31,5,5,5,15,Champions,Reward with early access / loyalty perks; ask for referrals & reviews.
CUST003997,50.0,9,554.48,2024-08-31,2026-07-12,2026-08-31,4,5,4,13,Champions,Reward with early access / loyalty perks; ask for referrals & reviews.
CUST003998,70.0,2,70.66,2026-06-05,2026-06-22,2026-08-31,4,2,2,8,Potential Loyalists,Offer membership / subscription; personalised follow-up after purchase.
CUST003999,203.0,3,70.53999999999999,2025-10-07,2026-02-09,2026-08-31,3,3,2,8,Need Attention,Limited-time win-back offer; recommend based on past purchases.
CUST004000,89.0,8,473.64,2025-05-01,2026-06-03,2026-08-31,4,4,4,12,Champions,Reward with early access / loyalty perks; ask for referrals & reviews.
CUST004001,,0,0.0,,,2026-08-31,,,,,No Purchase History,Investigate: no purchase history -- confirm signup funnel / re-engage with welcome offer.
CUST004002,,0,0.0,,,2026-08-31,,,,,No Purchase History,Investigate: no purchase history -- confirm signup funnel / re-engage with welcome offer.
CUST004003,,0,0.0,,,2026-08-31,,,,,No Purchase History,Investigate: no purchase history -- confirm signup funnel / re-engage with welcome offer.
CUST004004,,0,0.0,,,2026-08-31,,,,,No Purchase History,Investigate: no purchase history -- confirm signup funnel / re-engage with welcome offer.
CUST004005,,0,0.0,,,2026-08-31,,,,,No Purchase History,Investigate: no purchase history -- confirm signup funnel / re-engage with welcome offer.
CUST004006,,0,0.0,,,2026-08-31,,,,,No Purchase History,Investigate: no purchase history -- confirm signup funnel / re-engage with welcome offer.
CUST004007,,0,0.0,,,2026-08-31,,,,,No Purchase History,Investigate: no purchase history -- confirm signup funnel / re-engage with welcome offer.
CUST004008,,0,0.0,,,2026-08-31,,,,,No Purchase History,Investigate: no purchase history -- confirm signup funnel / re-engage with welcome offer.
CUST004009,,0,0.0,,,2026-08-31,,,,,No Purchase History,Investigate: no purchase history -- confirm signup funnel / re-engage with welcome offer.
CUST004010,,0,0.0,,,2026-08-31,,,,,No Purchase History,Investigate: no purchase history -- confirm signup funnel / re-engage with welcome offer.
CUST004011,,0,0.0,,,2026-08-31,,,,,No Purchase History,Investigate: no purchase history -- confirm signup funnel / re-engage with welcome offer.
CUST004012,,0,0.0,,,2026-08-31,,,,,No Purchase History,Investigate: no purchase history -- confirm signup funnel / re-engage with welcome offer.
CUST004013,,0,0.0,,,2026-08-31,,,,,No Purchase History,Investigate: no purchase history -- confirm signup funnel / re-engage with welcome offer.
CUST004014,,0,0.0,,,2026-08-31,,,,,No Purchase History,Investigate: no purchase history -- confirm signup funnel / re-engage with welcome offer.
CUST004015,,0,0.0,,,2026-08-31,,,,,No Purchase History,Investigate: no purchase history -- confirm signup funnel / re-engage with welcome offer.
CUST004016,,0,0.0,,,2026-08-31,,,,,No Purchase History,Investigate: no purchase history -- confirm signup funnel / re-engage with welcome offer.
CUST004017,,0,0.0,,,2026-08-31,,,,,No Purchase History,Investigate: no purchase history -- confirm signup funnel / re-engage with welcome offer.
CUST004018,,0,0.0,,,2026-08-31,,,,,No Purchase History,Investigate: no purchase history -- confirm signup funnel / re-engage with welcome offer.
CUST004019,,0,0.0,,,2026-08-31,,,,,No Purchase History,Investigate: no purchase history -- confirm signup funnel / re-engage with welcome offer.
CUST004020,,0,0.0,,,2026-08-31,,,,,No Purchase History,Investigate: no purchase history -- confirm signup funnel / re-engage with welcome offer.
CUST004021,,0,0.0,,,2026-08-31,,,,,No Purchase History,Investigate: no purchase history -- confirm signup funnel / re-engage with welcome offer.
CUST004022,,0,0.0,,,2026-08-31,,,,,No Purchase History,Investigate: no purchase history -- confirm signup funnel / re-engage with welcome offer.
CUST004023,,0,0.0,,,2026-08-31,,,,,No Purchase History,Investigate: no purchase history -- confirm signup funnel / re-engage with welcome offer.
CUST004024,,0,0.0,,,2026-08-31,,,,,No Purchase History,Investigate: no purchase history -- confirm signup funnel / re-engage with welcome offer.
CUST004025,,0,0.0,,,2026-08-31,,,,,No Purchase History,Investigate: no purchase history -- confirm signup funnel / re-engage with welcome offer.
CUST004026,,0,0.0,,,2026-08-31,,,,,No Purchase History,Investigate: no purchase history -- confirm signup funnel / re-engage with welcome offer.
CUST004027,,0,0.0,,,2026-08-31,,,,,No Purchase History,Investigate: no purchase history -- confirm signup funnel / re-engage with welcome offer.
CUST004028,,0,0.0,,,2026-08-31,,,,,No Purchase History,Investigate: no purchase history -- confirm signup funnel / re-engage with welcome offer.
CUST004029,,0,0.0,,,2026-08-31,,,,,No Purchase History,Investigate: no purchase history -- confirm signup funnel / re-engage with welcome offer.
CUST004030,,0,0.0,,,2026-08-31,,,,,No Purchase History,Investigate: no purchase history -- confirm signup funnel / re-engage with welcome offer.
CUST004031,,0,0.0,,,2026-08-31,,,,,No Purchase History,Investigate: no purchase history -- confirm signup funnel / re-engage with welcome offer.
CUST004032,,0,0.0,,,2026-08-31,,,,,No Purchase History,Investigate: no purchase history -- confirm signup funnel / re-engage with welcome offer.
CUST004033,,0,0.0,,,2026-08-31,,,,,No Purchase History,Investigate: no purchase history -- confirm signup funnel / re-engage with welcome offer.
CUST004034,,0,0.0,,,2026-08-31,,,,,No Purchase History,Investigate: no purchase history -- confirm signup funnel / re-engage with welcome offer.
CUST004035,,0,0.0,,,2026-08-31,,,,,No Purchase History,Investigate: no purchase history -- confirm signup funnel / re-engage with welcome offer.
CUST004036,,0,0.0,,,2026-08-31,,,,,No Purchase History,Investigate: no purchase history -- confirm signup funnel / re-engage with welcome offer.
CUST004037,,0,0.0,,,2026-08-31,,,,,No Purchase History,Investigate: no purchase history -- confirm signup funnel / re-engage with welcome offer.
CUST004038,,0,0.0,,,2026-08-31,,,,,No Purchase History,Investigate: no purchase history -- confirm signup funnel / re-engage with welcome offer.
CUST004039,,0,0.0,,,2026-08-31,,,,,No Purchase History,Investigate: no purchase history -- confirm signup funnel / re-engage with welcome offer.
CUST004040,,0,0.0,,,2026-08-31,,,,,No Purchase History,Investigate: no purchase history -- confirm signup funnel / re-engage with welcome offer.
CUST004041,,0,0.0,,,2026-08-31,,,,,No Purchase History,Investigate: no purchase history -- confirm signup funnel / re-engage with welcome offer.
CUST004042,,0,0.0,,,2026-08-31,,,,,No Purchase History,Investigate: no purchase history -- confirm signup funnel / re-engage with welcome offer.
CUST004043,,0,0.0,,,2026-08-31,,,,,No Purchase History,Investigate: no purchase history -- confirm signup funnel / re-engage with welcome offer.
CUST004044,,0,0.0,,,2026-08-31,,,,,No Purchase History,Investigate: no purchase history -- confirm signup funnel / re-engage with welcome offer.
CUST004045,,0,0.0,,,2026-08-31,,,,,No Purchase History,Investigate: no purchase history -- confirm signup funnel / re-engage with welcome offer.
CUST004046,,0,0.0,,,2026-08-31,,,,,No Purchase History,Investigate: no purchase history -- confirm signup funnel / re-engage with welcome offer.
CUST004047,,0,0.0,,,2026-08-31,,,,,No Purchase History,Investigate: no purchase history -- confirm signup funnel / re-engage with welcome offer.
CUST004048,,0,0.0,,,2026-08-31,,,,,No Purchase History,Investigate: no purchase history -- confirm signup funnel / re-engage with welcome offer.
CUST004049,,0,0.0,,,2026-08-31,,,,,No Purchase History,Investigate: no purchase history -- confirm signup funnel / re-engage with welcome offer.
CUST004050,,0,0.0,,,2026-08-31,,,,,No Purchase History,Investigate: no purchase history -- confirm signup funnel / re-engage with welcome offer.
CUST004051,,0,0.0,,,2026-08-31,,,,,No Purchase History,Investigate: no purchase history -- confirm signup funnel / re-engage with welcome offer.
CUST004052,,0,0.0,,,2026-08-31,,,,,No Purchase History,Investigate: no purchase history -- confirm signup funnel / re-engage with welcome offer.
CUST004053,,0,0.0,,,2026-08-31,,,,,No Purchase History,Investigate: no purchase history -- confirm signup funnel / re-engage with welcome offer.
CUST004054,,0,0.0,,,2026-08-31,,,,,No Purchase History,Investigate: no purchase history -- confirm signup funnel / re-engage with welcome offer.
CUST004055,,0,0.0,,,2026-08-31,,,,,No Purchase History,Investigate: no purchase history -- confirm signup funnel / re-engage with welcome offer.
CUST004056,,0,0.0,,,2026-08-31,,,,,No Purchase History,Investigate: no purchase history -- confirm signup funnel / re-engage with welcome offer.
CUST004057,,0,0.0,,,2026-08-31,,,,,No Purchase History,Investigate: no purchase history -- confirm signup funnel / re-engage with welcome offer.
CUST004058,,0,0.0,,,2026-08-31,,,,,No Purchase History,Investigate: no purchase history -- confirm signup funnel / re-engage with welcome offer.
CUST004059,,0,0.0,,,2026-08-31,,,,,No Purchase History,Investigate: no purchase history -- confirm signup funnel / re-engage with welcome offer.
CUST004060,,0,0.0,,,2026-08-31,,,,,No Purchase History,Investigate: no purchase history -- confirm signup funnel / re-engage with welcome offer.
CUST004061,,0,0.0,,,2026-08-31,,,,,No Purchase History,Investigate: no purchase history -- confirm signup funnel / re-engage with welcome offer.
CUST004062,,0,0.0,,,2026-08-31,,,,,No Purchase History,Investigate: no purchase history -- confirm signup funnel / re-engage with welcome offer.
CUST004063,,0,0.0,,,2026-08-31,,,,,No Purchase History,Investigate: no purchase history -- confirm signup funnel / re-engage with welcome offer.
CUST004064,,0,0.0,,,2026-08-31,,,,,No Purchase History,Investigate: no purchase history -- confirm signup funnel / re-engage with welcome offer.
CUST004065,,0,0.0,,,2026-08-31,,,,,No Purchase History,Investigate: no purchase history -- confirm signup funnel / re-engage with welcome offer.
CUST004066,,0,0.0,,,2026-08-31,,,,,No Purchase History,Investigate: no purchase history -- confirm signup funnel / re-engage with welcome offer.
CUST004067,,0,0.0,,,2026-08-31,,,,,No Purchase History,Investigate: no purchase history -- confirm signup funnel / re-engage with welcome offer.
CUST004068,,0,0.0,,,2026-08-31,,,,,No Purchase History,Investigate: no purchase history -- confirm signup funnel / re-engage with welcome offer.
CUST004069,,0,0.0,,,2026-08-31,,,,,No Purchase History,Investigate: no purchase history -- confirm signup funnel / re-engage with welcome offer.
CUST004070,,0,0.0,,,2026-08-31,,,,,No Purchase History,Investigate: no purchase history -- confirm signup funnel / re-engage with welcome offer.
CUST004071,,0,0.0,,,2026-08-31,,,,,No Purchase History,Investigate: no purchase history -- confirm signup funnel / re-engage with welcome offer.
CUST004072,,0,0.0,,,2026-08-31,,,,,No Purchase History,Investigate: no purchase history -- confirm signup funnel / re-engage with welcome offer.
CUST004073,,0,0.0,,,2026-08-31,,,,,No Purchase History,Investigate: no purchase history -- confirm signup funnel / re-engage with welcome offer.
CUST004074,,0,0.0,,,2026-08-31,,,,,No Purchase History,Investigate: no purchase history -- confirm signup funnel / re-engage with welcome offer.
CUST004075,,0,0.0,,,2026-08-31,,,,,No Purchase History,Investigate: no purchase history -- confirm signup funnel / re-engage with welcome offer.
CUST004076,,0,0.0,,,2026-08-31,,,,,No Purchase History,Investigate: no purchase history -- confirm signup funnel / re-engage with welcome offer.
CUST004077,,0,0.0,,,2026-08-31,,,,,No Purchase History,Investigate: no purchase history -- confirm signup funnel / re-engage with welcome offer.
CUST004078,,0,0.0,,,2026-08-31,,,,,No Purchase History,Investigate: no purchase history -- confirm signup funnel / re-engage with welcome offer.
CUST004079,,0,0.0,,,2026-08-31,,,,,No Purchase History,Investigate: no purchase history -- confirm signup funnel / re-engage with welcome offer.
CUST004080,,0,0.0,,,2026-08-31,,,,,No Purchase History,Investigate: no purchase history -- confirm signup funnel / re-engage with welcome offer.
CUST004081,,0,0.0,,,2026-08-31,,,,,No Purchase History,Investigate: no purchase history -- confirm signup funnel / re-engage with welcome offer.
CUST004082,,0,0.0,,,2026-08-31,,,,,No Purchase History,Investigate: no purchase history -- confirm signup funnel / re-engage with welcome offer.
CUST004083,,0,0.0,,,2026-08-31,,,,,No Purchase History,Investigate: no purchase history -- confirm signup funnel / re-engage with welcome offer.
CUST004084,,0,0.0,,,2026-08-31,,,,,No Purchase History,Investigate: no purchase history -- confirm signup funnel / re-engage with welcome offer.
CUST004085,,0,0.0,,,2026-08-31,,,,,No Purchase History,Investigate: no purchase history -- confirm signup funnel / re-engage with welcome offer.
CUST004086,,0,0.0,,,2026-08-31,,,,,No Purchase History,Investigate: no purchase history -- confirm signup funnel / re-engage with welcome offer.
CUST004087,,0,0.0,,,2026-08-31,,,,,No Purchase History,Investigate: no purchase history -- confirm signup funnel / re-engage with welcome offer.
CUST004088,,0,0.0,,,2026-08-31,,,,,No Purchase History,Investigate: no purchase history -- confirm signup funnel / re-engage with welcome offer.
CUST004089,,0,0.0,,,2026-08-31,,,,,No Purchase History,Investigate: no purchase history -- confirm signup funnel / re-engage with welcome offer.
CUST004090,,0,0.0,,,2026-08-31,,,,,No Purchase History,Investigate: no purchase history -- confirm signup funnel / re-engage with welcome offer.
CUST004091,,0,0.0,,,2026-08-31,,,,,No Purchase History,Investigate: no purchase history -- confirm signup funnel / re-engage with welcome offer.
CUST004092,,0,0.0,,,2026-08-31,,,,,No Purchase History,Investigate: no purchase history -- confirm signup funnel / re-engage with welcome offer.
CUST004093,,0,0.0,,,2026-08-31,,,,,No Purchase History,Investigate: no purchase history -- confirm signup funnel / re-engage with welcome offer.
CUST004094,,0,0.0,,,2026-08-31,,,,,No Purchase History,Investigate: no purchase history -- confirm signup funnel / re-engage with welcome offer.
CUST004095,,0,0.0,,,2026-08-31,,,,,No Purchase History,Investigate: no purchase history -- confirm signup funnel / re-engage with welcome offer.
CUST004096,,0,0.0,,,2026-08-31,,,,,No Purchase History,Investigate: no purchase history -- confirm signup funnel / re-engage with welcome offer.
CUST004097,,0,0.0,,,2026-08-31,,,,,No Purchase History,Investigate: no purchase history -- confirm signup funnel / re-engage with welcome offer.
CUST004098,,0,0.0,,,2026-08-31,,,,,No Purchase History,Investigate: no purchase history -- confirm signup funnel / re-engage with welcome offer.
CUST004099,,0,0.0,,,2026-08-31,,,,,No Purchase History,Investigate: no purchase history -- confirm signup funnel / re-engage with welcome offer.
CUST004100,,0,0.0,,,2026-08-31,,,,,No Purchase History,Investigate: no purchase history -- confirm signup funnel / re-engage with welcome offer.
CUST004101,,0,0.0,,,2026-08-31,,,,,No Purchase History,Investigate: no purchase history -- confirm signup funnel / re-engage with welcome offer.
CUST004102,,0,0.0,,,2026-08-31,,,,,No Purchase History,Investigate: no purchase history -- confirm signup funnel / re-engage with welcome offer.
CUST004103,,0,0.0,,,2026-08-31,,,,,No Purchase History,Investigate: no purchase history -- confirm signup funnel / re-engage with welcome offer.
CUST004104,,0,0.0,,,2026-08-31,,,,,No Purchase History,Investigate: no purchase history -- confirm signup funnel / re-engage with welcome offer.
CUST004105,,0,0.0,,,2026-08-31,,,,,No Purchase History,Investigate: no purchase history -- confirm signup funnel / re-engage with welcome offer.
CUST004106,,0,0.0,,,2026-08-31,,,,,No Purchase History,Investigate: no purchase history -- confirm signup funnel / re-engage with welcome offer.
CUST004107,,0,0.0,,,2026-08-31,,,,,No Purchase History,Investigate: no purchase history -- confirm signup funnel / re-engage with welcome offer.
CUST004108,,0,0.0,,,2026-08-31,,,,,No Purchase History,Investigate: no purchase history -- confirm signup funnel / re-engage with welcome offer.
CUST004109,,0,0.0,,,2026-08-31,,,,,No Purchase History,Investigate: no purchase history -- confirm signup funnel / re-engage with welcome offer.
CUST004110,,0,0.0,,,2026-08-31,,,,,No Purchase History,Investigate: no purchase history -- confirm signup funnel / re-engage with welcome offer.
CUST004111,,0,0.0,,,2026-08-31,,,,,No Purchase History,Investigate: no purchase history -- confirm signup funnel / re-engage with welcome offer.
CUST004112,,0,0.0,,,2026-08-31,,,,,No Purchase History,Investigate: no purchase history -- confirm signup funnel / re-engage with welcome offer.
CUST004113,,0,0.0,,,2026-08-31,,,,,No Purchase History,Investigate: no purchase history -- confirm signup funnel / re-engage with welcome offer.
CUST004114,,0,0.0,,,2026-08-31,,,,,No Purchase History,Investigate: no purchase history -- confirm signup funnel / re-engage with welcome offer.
CUST004115,,0,0.0,,,2026-08-31,,,,,No Purchase History,Investigate: no purchase history -- confirm signup funnel / re-engage with welcome offer.
CUST004116,,0,0.0,,,2026-08-31,,,,,No Purchase History,Investigate: no purchase history -- confirm signup funnel / re-engage with welcome offer.
CUST004117,,0,0.0,,,2026-08-31,,,,,No Purchase History,Investigate: no purchase history -- confirm signup funnel / re-engage with welcome offer.
CUST004118,,0,0.0,,,2026-08-31,,,,,No Purchase History,Investigate: no purchase history -- confirm signup funnel / re-engage with welcome offer.
CUST004119,,0,0.0,,,2026-08-31,,,,,No Purchase History,Investigate: no purchase history -- confirm signup funnel / re-engage with welcome offer.
CUST004120,,0,0.0,,,2026-08-31,,,,,No Purchase History,Investigate: no purchase history -- confirm signup funnel / re-engage with welcome offer.
CUST004121,,0,0.0,,,2026-08-31,,,,,No Purchase History,Investigate: no purchase history -- confirm signup funnel / re-engage with welcome offer.
CUST004122,,0,0.0,,,2026-08-31,,,,,No Purchase History,Investigate: no purchase history -- confirm signup funnel / re-engage with welcome offer.
CUST004123,,0,0.0,,,2026-08-31,,,,,No Purchase History,Investigate: no purchase history -- confirm signup funnel / re-engage with welcome offer.
CUST004124,,0,0.0,,,2026-08-31,,,,,No Purchase History,Investigate: no purchase history -- confirm signup funnel / re-engage with welcome offer.
CUST004125,,0,0.0,,,2026-08-31,,,,,No Purchase History,Investigate: no purchase history -- confirm signup funnel / re-engage with welcome offer.
CUST004126,,0,0.0,,,2026-08-31,,,,,No Purchase History,Investigate: no purchase history -- confirm signup funnel / re-engage with welcome offer.
CUST004127,,0,0.0,,,2026-08-31,,,,,No Purchase History,Investigate: no purchase history -- confirm signup funnel / re-engage with welcome offer.
CUST004128,,0,0.0,,,2026-08-31,,,,,No Purchase History,Investigate: no purchase history -- confirm signup funnel / re-engage with welcome offer.
CUST004129,,0,0.0,,,2026-08-31,,,,,No Purchase History,Investigate: no purchase history -- confirm signup funnel / re-engage with welcome offer.
CUST004130,,0,0.0,,,2026-08-31,,,,,No Purchase History,Investigate: no purchase history -- confirm signup funnel / re-engage with welcome offer.
CUST004131,,0,0.0,,,2026-08-31,,,,,No Purchase History,Investigate: no purchase history -- confirm signup funnel / re-engage with welcome offer.
CUST004132,,0,0.0,,,2026-08-31,,,,,No Purchase History,Investigate: no purchase history -- confirm signup funnel / re-engage with welcome offer.
CUST004133,,0,0.0,,,2026-08-31,,,,,No Purchase History,Investigate: no purchase history -- confirm signup funnel / re-engage with welcome offer.
CUST004134,,0,0.0,,,2026-08-31,,,,,No Purchase History,Investigate: no purchase history -- confirm signup funnel / re-engage with welcome offer.
CUST004135,,0,0.0,,,2026-08-31,,,,,No Purchase History,Investigate: no purchase history -- confirm signup funnel / re-engage with welcome offer.
CUST004136,,0,0.0,,,2026-08-31,,,,,No Purchase History,Investigate: no purchase history -- confirm signup funnel / re-engage with welcome offer.
CUST004137,,0,0.0,,,2026-08-31,,,,,No Purchase History,Investigate: no purchase history -- confirm signup funnel / re-engage with welcome offer.
CUST004138,,0,0.0,,,2026-08-31,,,,,No Purchase History,Investigate: no purchase history -- confirm signup funnel / re-engage with welcome offer.
CUST004139,,0,0.0,,,2026-08-31,,,,,No Purchase History,Investigate: no purchase history -- confirm signup funnel / re-engage with welcome offer.
CUST004140,,0,0.0,,,2026-08-31,,,,,No Purchase History,Investigate: no purchase history -- confirm signup funnel / re-engage with welcome offer.
CUST004141,,0,0.0,,,2026-08-31,,,,,No Purchase History,Investigate: no purchase history -- confirm signup funnel / re-engage with welcome offer.
CUST004142,,0,0.0,,,2026-08-31,,,,,No Purchase History,Investigate: no purchase history -- confirm signup funnel / re-engage with welcome offer.
CUST004143,,0,0.0,,,2026-08-31,,,,,No Purchase History,Investigate: no purchase history -- confirm signup funnel / re-engage with welcome offer.
CUST004144,,0,0.0,,,2026-08-31,,,,,No Purchase History,Investigate: no purchase history -- confirm signup funnel / re-engage with welcome offer.
CUST004145,,0,0.0,,,2026-08-31,,,,,No Purchase History,Investigate: no purchase history -- confirm signup funnel / re-engage with welcome offer.
CUST004146,,0,0.0,,,2026-08-31,,,,,No Purchase History,Investigate: no purchase history -- confirm signup funnel / re-engage with welcome offer.
CUST004147,,0,0.0,,,2026-08-31,,,,,No Purchase History,Investigate: no purchase history -- confirm signup funnel / re-engage with welcome offer.
CUST004148,,0,0.0,,,2026-08-31,,,,,No Purchase History,Investigate: no purchase history -- confirm signup funnel / re-engage with welcome offer.
CUST004149,,0,0.0,,,2026-08-31,,,,,No Purchase History,Investigate: no purchase history -- confirm signup funnel / re-engage with welcome offer.
CUST004150,,0,0.0,,,2026-08-31,,,,,No Purchase History,Investigate: no purchase history -- confirm signup funnel / re-engage with welcome offer.
